*************************************************
******************* ORCA 6.1.0-f.0 ******************
*************************************************
$Calculation_Status
   &GeometryIndex 14
   &version [&Type "String"] "6.1.0-f.0"
   &progName [&Type "String"] "LeanSCF"
   &Status [&Type "String"] "NORMAL TERMINATION"
$End
$Geometry
   &GeometryIndex 1
   &NAtoms [&Type "Integer"] 27
   &NCorelessECP [&Type "Integer"] 0
   &NGhostAtoms [&Type "Integer"] 0
   &CartesianCoordinates [&Type "Coordinates", &Dim(27,4), &Units "Bohr"] 
              N      3.783501648591   -2.336508376791    0.578108325910
              C      4.704108058616   -0.094437343892   -0.807575861729
              C      2.670349058569    1.039702223320   -2.523463764227
              C      0.305935662876    1.572671076809   -1.072297844843
              C     -0.210589039460    3.687445206245    0.313507984467
              N     -2.506949542029    3.463507103581    1.466288093723
              C     -3.535793342292    1.183398718195    0.851758263452
              C     -5.822715891145    0.094489311361    1.546620030423
              C     -6.373391780864   -2.271693718371    0.608055704125
              C     -4.699193334476   -3.536273030374   -0.998482477538
              C     -2.428391340074   -2.475641674381   -1.693545065705
              C     -1.808342262272   -0.082451453531   -0.759739920190
              C      5.516309043955    1.864355729094    1.308004821719
              O      6.298682232948    3.948857334036    0.626881533817
              O      5.280653448732    1.019870416819    3.505306560649
              H      4.709701213335   -3.973072209127    0.153728389515
              H      1.868207841332   -2.555389062095    0.359884962944
              H      4.163768838568   -1.749598632515    2.478015775117
              H      6.392786134663   -0.528692875679   -1.906487796859
              H      3.430310303483    2.798277716376   -3.285025701663
              H      2.272200939762   -0.244364530391   -4.086584561998
              H      0.942976137621    5.338340438121    0.557541037997
              H     -3.299949530347    4.771262235785    2.593900338999
              H     -7.123594064284    1.073994195301    2.774838025842
              H     -8.136219176619   -3.167802040049    1.109961371706
              H     -5.214799403144   -5.379434328143   -1.705201331136
              H     -1.179561818252   -3.460812486394   -2.972341070873
$End
$SCF_Mulliken_Population_Analysis
   &GeometryIndex 1
   &NAtoms [&Type "Integer"] 27
   &ATNO [&Type "ArrayOfIntegers", &Dim (27,1)] 
                                                         0

0                                                        7
1                                                        6
2                                                        6
3                                                        6
4                                                        6
5                                                        7
6                                                        6
7                                                        6
8                                                        6
9                                                        6
10                                                       6
11                                                       6
12                                                       6
13                                                       8
14                                                       8
15                                                       1
16                                                       1
17                                                       1
18                                                       1
19                                                       1
20                                                       1
21                                                       1
22                                                       1
23                                                       1
24                                                       1
25                                                       1
26                                                       1
   &AtomicCharges [&Type "ArrayOfDoubles", &Dim (27,1)] 
                                                         0

0                                     -2.2534359107033985e-01
1                                     -6.8927641141696583e-02
2                                     -2.5766076893583012e-01
3                                      1.1542082435137146e-01
4                                     -8.0323939018854595e-02
5                                     -2.9900327151662509e-01
6                                      1.3237597610176088e-01
7                                     -2.2794617717970134e-01
8                                     -1.2994982440357550e-01
9                                     -9.9143231972510293e-02
10                                    -3.1712704178681062e-01
11                                     9.8920808893261380e-02
12                                     5.0641580801690722e-01
13                                    -6.3100920896259360e-01
14                                    -6.3056800611515307e-01
15                                     3.0321636842233879e-01
16                                     2.7229616355944253e-01
17                                     2.8758118582296954e-01
18                                     1.4847210729241600e-01
19                                     1.3411331891110967e-01
20                                     1.5505680656278575e-01
21                                     1.2900429049822204e-01
22                                     2.2039648821538460e-01
23                                     1.1191838496342332e-01
24                                     1.1283031982883396e-01
25                                     1.1123592335657262e-01
26                                     1.2774792730669571e-01
   &Method [&Type "String"] "SCF"
   &Level [&Type "String"] "Relaxed density"
   &Mult [&Type "Integer"] 1
   &State [&Type "Integer"] -1
   &Irrep [&Type "Integer"] 0
$End
$SCF_Loewdin_Population_Analysis
   &GeometryIndex 1
   &NAtoms [&Type "Integer"] 27
   &ATNO [&Type "ArrayOfIntegers", &Dim (27,1)] 
                                                         0

0                                                        7
1                                                        6
2                                                        6
3                                                        6
4                                                        6
5                                                        7
6                                                        6
7                                                        6
8                                                        6
9                                                        6
10                                                       6
11                                                       6
12                                                       6
13                                                       8
14                                                       8
15                                                       1
16                                                       1
17                                                       1
18                                                       1
19                                                       1
20                                                       1
21                                                       1
22                                                       1
23                                                       1
24                                                       1
25                                                       1
26                                                       1
   &AtomicCharges [&Type "ArrayOfDoubles", &Dim (27,1)] 
                                                         0

0                                      1.5989817565996312e-01
1                                     -1.9391182449631561e-01
2                                     -1.8687655423733762e-01
3                                     -1.6509523124910075e-01
4                                     -1.2414591946602282e-01
5                                      1.5668972810186954e-01
6                                     -1.3325299297565341e-01
7                                     -1.2049881921279137e-01
8                                     -1.5723213038788231e-01
9                                     -1.6278502522290239e-01
10                                    -1.3292456267938491e-01
11                                    -1.1661673866911126e-01
12                                    -4.9547853890040905e-01
13                                    -1.4609777393112111e-01
14                                    -1.5774507520981906e-01
15                                     2.1040809930844706e-01
16                                     2.0382071635727783e-01
17                                     2.0362480684062934e-01
18                                     1.5408785331152031e-01
19                                     1.5098013138141408e-01
20                                     1.4564455565641798e-01
21                                     1.3936929739092940e-01
22                                     2.0049540705745028e-01
23                                     1.4432805618273170e-01
24                                     1.3993838365999300e-01
25                                     1.3905601374403564e-01
26                                     1.4431996198495112e-01
   &Method [&Type "String"] "SCF"
   &Level [&Type "String"] "Relaxed density"
   &Mult [&Type "Integer"] 1
   &State [&Type "Integer"] -1
   &Irrep [&Type "Integer"] 0
$End
$SCF_Mayer_Population_Analysis
   &GeometryIndex 1
   &NAtoms [&Type "Integer"] 27 "Total number of atoms"
   &NBondOrdersPrint [&Type "Integer"] 29 "The number of bond orders larger than threshold"
   &bondThresh [&Type "Double"]       1.0000000000000001e-01  "The threshold for printing"
   &components [&Type "ArrayOfIntegers", &Dim (29,4)] "The indices and atomic numbers of the bonding atoms"
                                                         0                           1                           2                           3

0                                                        0                           7                           1                           6
1                                                        0                           7                          15                           1
2                                                        0                           7                          16                           1
3                                                        0                           7                          17                           1
4                                                        1                           6                           2                           6
5                                                        1                           6                          12                           6
6                                                        1                           6                          18                           1
7                                                        2                           6                           3                           6
8                                                        2                           6                          19                           1
9                                                        2                           6                          20                           1
10                                                       3                           6                           4                           6
11                                                       3                           6                          11                           6
12                                                       4                           6                           5                           7
13                                                       4                           6                          21                           1
14                                                       5                           7                           6                           6
15                                                       5                           7                          22                           1
16                                                       6                           6                           7                           6
17                                                       6                           6                          11                           6
18                                                       7                           6                           8                           6
19                                                       7                           6                          23                           1
20                                                       8                           6                           9                           6
21                                                       8                           6                          24                           1
22                                                       9                           6                          10                           6
23                                                       9                           6                          25                           1
24                                                      10                           6                          11                           6
25                                                      10                           6                          26                           1
26                                                      12                           6                          13                           8
27                                                      12                           6                          14                           8
28                                                      14                           8                          17                           1
   &BondOrders [&Type "ArrayOfDoubles", &Dim (29,1)] "The bond orders"
                                                         0

0                                      9.4718688494695791e-01
1                                      8.8382436068342174e-01
2                                      8.8111017829742622e-01
3                                      7.6935001586593443e-01
4                                      9.7255150413934643e-01
5                                      9.2558433333692536e-01
6                                      9.3505306025465684e-01
7                                      9.2260747258347697e-01
8                                      9.3520858091739534e-01
9                                      9.6273631894385059e-01
10                                     1.5456072208955980e+00
11                                     1.2424815100166486e+00
12                                     1.1669488120328992e+00
13                                     9.5880264755889932e-01
14                                     1.1921119128039821e+00
15                                     9.0510292144695281e-01
16                                     1.2891208720759342e+00
17                                     1.3340108510014097e+00
18                                     1.4271054326519796e+00
19                                     1.0033050093590263e+00
20                                     1.3121105569413043e+00
21                                     9.8597597372098866e-01
22                                     1.4507784593780146e+00
23                                     9.8031703389084612e-01
24                                     1.3001677871232900e+00
25                                     9.7612057548379549e-01
26                                     1.7964991243095914e+00
27                                     1.5878216985867892e+00
28                                     1.8747698245760930e-01
   &ATNO [&Type "ArrayOfIntegers", &Dim (27,1)] "Atomic number of the elements"
                                                         0

0                                                        7
1                                                        6
2                                                        6
3                                                        6
4                                                        6
5                                                        7
6                                                        6
7                                                        6
8                                                        6
9                                                        6
10                                                       6
11                                                       6
12                                                       6
13                                                       8
14                                                       8
15                                                       1
16                                                       1
17                                                       1
18                                                       1
19                                                       1
20                                                       1
21                                                       1
22                                                       1
23                                                       1
24                                                       1
25                                                       1
26                                                       1
   &NA [&Type "ArrayOfDoubles", &Dim (27,1)] "Mulliken gross atomic population"
                                                         0

0                                      7.2253435910703470e+00
1                                      6.0689276411417010e+00
2                                      6.2576607689358301e+00
3                                      5.8845791756486152e+00
4                                      6.0803239390188573e+00
5                                      7.2990032715166215e+00
6                                      5.8676240238982311e+00
7                                      6.2279461771797049e+00
8                                      6.1299498244035906e+00
9                                      6.0991432319725103e+00
10                                     6.3171270417868124e+00
11                                     5.9010791911067386e+00
12                                     5.4935841919830928e+00
13                                     8.6310092089626007e+00
14                                     8.6305680061151460e+00
15                                     6.9678363157766132e-01
16                                     7.2770383644055703e-01
17                                     7.1241881417703046e-01
18                                     8.5152789270758367e-01
19                                     8.6588668108889000e-01
20                                     8.4494319343721414e-01
21                                     8.7099570950177785e-01
22                                     7.7960351178461507e-01
23                                     8.8808161503657679e-01
24                                     8.8716968017116582e-01
25                                     8.8876407664342805e-01
26                                     8.7225207269330407e-01
   &ZA [&Type "ArrayOfDoubles", &Dim (27,1)] "Total nuclear charge"
                                                         0

0                                      7.0000000000000000e+00
1                                      6.0000000000000000e+00
2                                      6.0000000000000000e+00
3                                      6.0000000000000000e+00
4                                      6.0000000000000000e+00
5                                      7.0000000000000000e+00
6                                      6.0000000000000000e+00
7                                      6.0000000000000000e+00
8                                      6.0000000000000000e+00
9                                      6.0000000000000000e+00
10                                     6.0000000000000000e+00
11                                     6.0000000000000000e+00
12                                     6.0000000000000000e+00
13                                     8.0000000000000000e+00
14                                     8.0000000000000000e+00
15                                     1.0000000000000000e+00
16                                     1.0000000000000000e+00
17                                     1.0000000000000000e+00
18                                     1.0000000000000000e+00
19                                     1.0000000000000000e+00
20                                     1.0000000000000000e+00
21                                     1.0000000000000000e+00
22                                     1.0000000000000000e+00
23                                     1.0000000000000000e+00
24                                     1.0000000000000000e+00
25                                     1.0000000000000000e+00
26                                     1.0000000000000000e+00
   &QA [&Type "ArrayOfDoubles", &Dim (27,1)] "Mulliken gross atomic charge"
                                                         0

0                                     -2.2534359107034696e-01
1                                     -6.8927641141701024e-02
2                                     -2.5766076893583012e-01
3                                      1.1542082435138479e-01
4                                     -8.0323939018857260e-02
5                                     -2.9900327151662154e-01
6                                      1.3237597610176888e-01
7                                     -2.2794617717970489e-01
8                                     -1.2994982440359060e-01
9                                     -9.9143231972510293e-02
10                                    -3.1712704178681239e-01
11                                     9.8920808893261380e-02
12                                     5.0641580801690722e-01
13                                    -6.3100920896260071e-01
14                                    -6.3056800611514596e-01
15                                     3.0321636842233868e-01
16                                     2.7229616355944297e-01
17                                     2.8758118582296954e-01
18                                     1.4847210729241633e-01
19                                     1.3411331891111000e-01
20                                     1.5505680656278586e-01
21                                     1.2900429049822215e-01
22                                     2.2039648821538493e-01
23                                     1.1191838496342321e-01
24                                     1.1283031982883418e-01
25                                     1.1123592335657195e-01
26                                     1.2774792730669593e-01
   &VA [&Type "ArrayOfDoubles", &Dim (27,1)] "Mayer's total valence"
                                                         0

0                                      3.4758501811662503e+00
1                                      3.8201552654630411e+00
2                                      3.8570131272569261e+00
3                                      3.7274742715907667e+00
4                                      3.9202141072070642e+00
5                                      3.3823062890350251e+00
6                                      3.9603050043791126e+00
7                                      3.9301895506773121e+00
8                                      3.8816881303772464e+00
9                                      3.8433606523983781e+00
10                                     3.9576253012829321e+00
11                                     4.0482755016234222e+00
12                                     4.3518501662729818e+00
13                                     1.9103172477473529e+00
14                                     1.8585924805551737e+00
15                                     9.1110700305193038e-01
16                                     9.5527518776252807e-01
17                                     9.7277402343291686e-01
18                                     9.6919850085309156e-01
19                                     9.8640480480630954e-01
20                                     9.5113258351913543e-01
21                                     1.0072931647764698e+00
22                                     9.5978892414399741e-01
23                                     9.7791941696857632e-01
24                                     9.6219044021608813e-01
25                                     9.6384635915409234e-01
26                                     9.7858529266366379e-01
   &BVA [&Type "ArrayOfDoubles", &Dim (27,1)] "Mayer's bonded valence"
                                                         0

0                                      3.4758501811662903e+00
1                                      3.8201552654630246e+00
2                                      3.8570131272568737e+00
3                                      3.7274742715909657e+00
4                                      3.9202141072072112e+00
5                                      3.3823062890351476e+00
6                                      3.9603050043791299e+00
7                                      3.9301895506773570e+00
8                                      3.8816881303772073e+00
9                                      3.8433606523983275e+00
10                                     3.9576253012829206e+00
11                                     4.0482755016234702e+00
12                                     4.3518501662729401e+00
13                                     1.9103172477473778e+00
14                                     1.8585924805551475e+00
15                                     9.1110700305193382e-01
16                                     9.5527518776254372e-01
17                                     9.7277402343291219e-01
18                                     9.6919850085308201e-01
19                                     9.8640480480631021e-01
20                                     9.5113258351911067e-01
21                                     1.0072931647764813e+00
22                                     9.5978892414401351e-01
23                                     9.7791941696858675e-01
24                                     9.6219044021607503e-01
25                                     9.6384635915410766e-01
26                                     9.7858529266366379e-01
   &FA [&Type "ArrayOfDoubles", &Dim (27,1)] "Mayer's free valence"
                                                         0

0                                      0.0000000000000000e+00
1                                      0.0000000000000000e+00
2                                      0.0000000000000000e+00
3                                      0.0000000000000000e+00
4                                      0.0000000000000000e+00
5                                      0.0000000000000000e+00
6                                      0.0000000000000000e+00
7                                      0.0000000000000000e+00
8                                      0.0000000000000000e+00
9                                      0.0000000000000000e+00
10                                     0.0000000000000000e+00
11                                     0.0000000000000000e+00
12                                     0.0000000000000000e+00
13                                     0.0000000000000000e+00
14                                     0.0000000000000000e+00
15                                     0.0000000000000000e+00
16                                     0.0000000000000000e+00
17                                     0.0000000000000000e+00
18                                     0.0000000000000000e+00
19                                     0.0000000000000000e+00
20                                     0.0000000000000000e+00
21                                     0.0000000000000000e+00
22                                     0.0000000000000000e+00
23                                     0.0000000000000000e+00
24                                     0.0000000000000000e+00
25                                     0.0000000000000000e+00
26                                     0.0000000000000000e+00
   &Method [&Type "String"] "SCF"
   &Level [&Type "String"] "Relaxed density"
   &Mult [&Type "Integer"] 1
   &State [&Type "Integer"] -1
   &Irrep [&Type "Integer"] 0
$End
$SCF_Energy
   &GeometryIndex 1
   &Method [&Type "String"] "SCF"
   &totalEnergy [&Type "ArrayOfDoubles", &Dim (1,1)] "Total energy of each state"
                                                         0

0                                     -6.8666090597498305e+02
   &Mult [&Type "ArrayOfIntegers", &Dim (1,1)] "Multiplicity of each state"
                                                         0

0                                                        1
$End
$DFT_Energy
   &GeometryIndex 1
   &nAlphaEl [&Type "Integer"] 54
   &nBetaEl [&Type "Integer"] 54
   &nTotalEl [&Type "Integer"] 108
   &finalEn [&Type "Double"]      -6.8666090597498305e+02  "No Van der Waals correction"
   &eExchange [&Type "Double"]      -9.1488444792999189e+01
   &eCorr [&Type "Double"]      -3.9862912785456839e+00
   &eXC [&Type "Double"]      -9.5474736071544868e+01
   &eCNL [&Type "Double"]       0.0000000000000000e+00
$End
$Solvation_Details
   &GeometryIndex 1
   &Solvent [&Type "String"] "CONDUCTOR"
   &Epsilon [&Type "Double"]      -1.0000000000000000e+00
   &Refrac [&Type "Double"]       1.3300000000000001e+00
   &RSolv [&Type "Double"]       1.3000000000000000e+00
   &SurfaceType [&Type "String"] "GAUSSIAN VDW"
   &CPCMDielEnergy [&Type "Double"]      -6.3654984999999997e-02
   &NPoints [&Type "Integer"] 2336
   &SurfaceArea [&Type "Double"]       8.2411485484200000e+02
$End
$SCF_Timings
   &GeometryIndex 1
   &TOTAL [&Type "Double"]       9.7630770000000009e+00
   &PREP [&Type "Double"]       4.5707399999999998e-01
   &FOCK [&Type "Double"]       8.7115929999999988e+00
   &DENS [&Type "Double"]       4.5015000000001137e-02
   &ETOT [&Type "Double"]       3.0356999999997747e-02
   &POP [&Type "Double"]       2.0769000000001370e-02
   &TRAFO [&Type "Double"]       4.9983000000000777e-02
   &DIIS [&Type "Double"]       2.3713100000000087e-01
   &SOSCF [&Type "Double"]       1.9100400000000040e-01
   &XC [&Type "Double"]       3.2011920000000016e+00
   &FOCKSTART [&Type "Double"]       5.9499999999996223e-03
   &SOLV [&Type "Double"]       3.5314160000000001e+00
   &SOLV_INIT [&Type "Double"]       1.1491299999999999e-01
   &INT_PREP [&Type "Double"]       2.0000000002795559e-06
   &INT_BF [&Type "Double"]       8.9814400000001426e-01
   &INT_DENS [&Type "Double"]       1.0349790000000600e+00
   &INT_DENSIO [&Type "Double"]       3.6345101436000026e+04
   &INT_FUNC [&Type "Double"]       7.4215999999931115e-02
   &INT_POT [&Type "Double"]       9.2404199999994940e-01
   &INT_POTIO [&Type "Double"]       9.6820000000821249e-03
   &INT_SUM [&Type "Double"]       1.2700000000043232e-04
   &SPLITRIJ [&Type "Double"]       2.3868780000000012e+00
$End
$Single_Point_Data
   &GeometryIndex 1
   &FinalEnergy [&Type "Double"]      -6.8666090597498305e+02  "Final single point energy"
   &Converged [&Type "Boolean"] true
$End
$SCF_Nuc_Gradient
   &GeometryIndex 1
   &NAtoms [&Type "Integer"] 27
   &gradNorm [&Type "Double"]       6.4998437974183434e-02
   &grad [&Type "ArrayOfDoubles", &Dim (81,1)] 
                                                         0

0                                     -8.9288804428716909e-04
1                                      2.9361534764038334e-03
2                                     -5.0438242707118632e-03
3                                     -6.0087069976167183e-03
4                                     -1.9929222223892325e-02
5                                      3.2281201943823775e-03
6                                      2.1631654423188880e-03
7                                     -6.4626364839412420e-04
8                                     -5.7219538576224922e-03
9                                     -4.0756357079512803e-03
10                                     6.6742874523553937e-03
11                                     1.1133827769921912e-02
12                                    -5.3727457519637672e-03
13                                    -8.4102311391823417e-03
14                                    -1.2137694686717698e-03
15                                     1.8633268825660621e-03
16                                    -3.7953530636723083e-03
17                                    -3.0165093823028184e-03
18                                     6.4630501226410836e-03
19                                     4.8162588964979006e-03
20                                    -2.2022748172418681e-03
21                                     1.8949841247024764e-03
22                                    -5.8177399332025297e-03
23                                    -3.9545223472865505e-03
24                                     4.9624917444093496e-03
25                                     3.6906783657613997e-03
26                                    -7.0460423324055161e-04
27                                     3.6227393451817753e-03
28                                     7.0890722270166235e-03
29                                     1.2227651539158135e-03
30                                    -3.1049802691578421e-03
31                                    -5.9961775751491645e-04
32                                     3.3637347256007108e-03
33                                    -3.3484938955297356e-03
34                                    -2.5952820685733627e-03
35                                     1.8034094562743401e-03
36                                     5.9100043937693487e-03
37                                     2.0359023492731745e-02
38                                     1.7324855545402300e-02
39                                    -9.7183758015896727e-03
40                                    -2.4537698541322619e-02
41                                     9.5384139943474350e-03
42                                     1.3332628798385011e-03
43                                     7.0550712902678666e-03
44                                    -3.0666429935826342e-02
45                                    -2.6897203421234056e-04
46                                     3.8799046031986438e-03
47                                     1.5619574496344340e-03
48                                     1.9252745639832154e-03
49                                     4.1849518885843807e-03
50                                    -1.0327877334004778e-03
51                                     1.3552597110425685e-04
52                                     2.0946059195896521e-03
53                                    -6.2842255081554509e-04
54                                    -2.9719759059528344e-03
55                                     6.3427340308763337e-03
56                                     1.4121156563268568e-03
57                                    -3.0834928448120118e-03
58                                    -2.1977729567135809e-03
59                                     3.8140630244546192e-03
60                                    -1.8298794566271081e-04
61                                     2.7254257457313110e-03
62                                     5.6610873383252259e-03
63                                    -3.2300940516565031e-03
64                                    -8.4109391608996331e-03
65                                    -1.9238008639646093e-03
66                                     3.6370624166252412e-03
67                                    -5.6408816478448129e-03
68                                    -4.6741026932247427e-03
69                                     5.3906692768342585e-03
70                                    -4.0754101422798379e-03
71                                    -5.1513573761459517e-03
72                                     7.0522419966309782e-03
73                                     3.2394247289736161e-03
74                                    -2.2509258674144831e-03
75                                     1.6867490803114771e-03
76                                     7.4874828823661499e-03
77                                     3.1139244027888744e-03
78                                    -5.7811989896389996e-03
79                                     4.0813372857585878e-03
80                                     5.0070106882937372e-03
   &Method [&Type "String"] "SCF"
   &Level [&Type "String"] "Relaxed density"
   &Mult [&Type "Integer"] 1
   &State [&Type "Integer"] 0
   &Irrep [&Type "Integer"] 0
$End
$Geometry
   &GeometryIndex 2
   &NAtoms [&Type "Integer"] 27
   &NCorelessECP [&Type "Integer"] 0
   &NGhostAtoms [&Type "Integer"] 0
   &CartesianCoordinates [&Type "Coordinates", &Dim(27,4), &Units "Bohr"] 
              N      3.986961549825   -2.335424124869    0.687363589645
              C      4.790444804914   -0.078467746291   -0.802347723283
              C      2.650823322484    1.031271649919   -2.452451859982
              C      0.251991431674    1.565345149801   -1.013614260068
              C     -0.297380730483    3.703266393956    0.372476444149
              N     -2.631763729679    3.470721927686    1.496722668919
              C     -3.669177198902    1.178277289084    0.855059622251
              C     -5.991562893481    0.094470346885    1.508893070603
              C     -6.550558204194   -2.278594056885    0.529789761523
              C     -4.846145205217   -3.546757130723   -1.079636388152
              C     -2.539204113643   -2.477829281694   -1.735319504923
              C     -1.903805562907   -0.084757123887   -0.753287292296
              C      5.784895302888    1.884615514533    1.228954106377
              O      6.590724077958    3.951496618822    0.435346889627
              O      5.734010008606    1.068144775455    3.484157058091
              H      4.885803452310   -3.977943545743    0.192746141293
              H      2.058889499675   -2.591059807877    0.641315294380
              H      4.525126523934   -1.739244735328    2.549087844446
              H      6.408697415591   -0.576476021580   -1.998897144997
              H      3.394441283739    2.789702717635   -3.261553793819
              H      2.255461974472   -0.265499467146   -4.027106205400
              H      0.849426304902    5.383055073545    0.639883594157
              H     -3.452512986445    4.792012963714    2.619459948525
              H     -7.318458713285    1.084054877160    2.738097726888
              H     -8.345430428165   -3.175078259238    1.002410856849
              H     -5.363757993356   -5.398585297596   -1.823686953225
              H     -1.257939155420   -3.470718756031   -3.012207667934
$End
$SCF_Energy
   &GeometryIndex 2
   &Method [&Type "String"] "SCF"
   &totalEnergy [&Type "ArrayOfDoubles", &Dim (1,1)] "Total energy of each state"
                                                         0

0                                     -6.8666677245465814e+02
   &Mult [&Type "ArrayOfIntegers", &Dim (1,1)] "Multiplicity of each state"
                                                         0

0                                                        1
$End
$DFT_Energy
   &GeometryIndex 2
   &nAlphaEl [&Type "Integer"] 54
   &nBetaEl [&Type "Integer"] 54
   &nTotalEl [&Type "Integer"] 108
   &finalEn [&Type "Double"]      -6.8666677245465814e+02  "No Van der Waals correction"
   &eExchange [&Type "Double"]      -9.1345160025518155e+01
   &eCorr [&Type "Double"]      -3.9746220310408331e+00
   &eXC [&Type "Double"]      -9.5319782056558992e+01
   &eCNL [&Type "Double"]       0.0000000000000000e+00
$End
$Solvation_Details
   &GeometryIndex 2
   &Solvent [&Type "String"] "CONDUCTOR"
   &Epsilon [&Type "Double"]      -1.0000000000000000e+00
   &Refrac [&Type "Double"]       1.3300000000000001e+00
   &RSolv [&Type "Double"]       1.3000000000000000e+00
   &SurfaceType [&Type "String"] "GAUSSIAN VDW"
   &CPCMDielEnergy [&Type "Double"]      -6.6538379999999994e-02
   &NPoints [&Type "Integer"] 2381
   &SurfaceArea [&Type "Double"]       8.4266285271900006e+02
$End
$SCF_Timings
   &GeometryIndex 2
   &TOTAL [&Type "Double"]       8.2670830000000013e+00
   &PREP [&Type "Double"]       4.3087300000000001e-01
   &FOCK [&Type "Double"]       7.2964010000000004e+00
   &DENS [&Type "Double"]       3.7195999999998008e-02
   &ETOT [&Type "Double"]       2.4813999999998559e-02
   &POP [&Type "Double"]       1.0000000010279564e-06
   &TRAFO [&Type "Double"]       5.1363999999999743e-02
   &DIIS [&Type "Double"]       1.8847400000000003e-01
   &SOSCF [&Type "Double"]       1.7352000000000123e-01
   &XC [&Type "Double"]       2.6783149999999991e+00
   &FOCKSTART [&Type "Double"]       5.0009999999975907e-03
   &SOLV [&Type "Double"]       3.0142499999999997e+00
   &SOLV_INIT [&Type "Double"]       1.0396300000000003e-01
   &INT_BF [&Type "Double"]       7.7875600000002487e-01
   &INT_DENS [&Type "Double"]       8.5261500000002599e-01
   &INT_DENSIO [&Type "Double"]       2.6777408355000029e+04
   &INT_FUNC [&Type "Double"]       6.6328999999980098e-02
   &INT_POT [&Type "Double"]       6.9860900000000836e-01
   &INT_POTIO [&Type "Double"]       8.3859999999823520e-03
   &INT_SUM [&Type "Double"]       1.2000000000067512e-04
   &SPLITRIJ [&Type "Double"]       2.0225889999999982e+00
$End
$Single_Point_Data
   &GeometryIndex 2
   &FinalEnergy [&Type "Double"]      -6.8666677245465814e+02  "Final single point energy"
   &Converged [&Type "Boolean"] true
$End
$SCF_Nuc_Gradient
   &GeometryIndex 2
   &NAtoms [&Type "Integer"] 27
   &gradNorm [&Type "Double"]       2.5662275060115234e-02
   &grad [&Type "ArrayOfDoubles", &Dim (81,1)] 
                                                         0

0                                      6.2042898171516501e-04
1                                      4.5456354324875312e-04
2                                     -3.8233276669048435e-03
3                                     -1.1922035327013572e-03
4                                     -1.4160674971861322e-02
5                                      1.2001257727984743e-03
6                                      1.6574529959194270e-03
7                                      9.6519946786296010e-04
8                                     -3.5931712226497875e-03
9                                     -1.5482939710644707e-03
10                                     3.7992089965305283e-03
11                                     4.1965286402516951e-03
12                                    -3.4495627716504842e-03
13                                    -2.2330749005405309e-03
14                                    -1.0568980067654429e-03
15                                     4.0198700991977282e-04
16                                    -2.5128592130295776e-03
17                                    -1.3981084422820707e-03
18                                     2.1527820364860319e-03
19                                     2.7895320063655964e-03
20                                     6.1892451145699207e-04
21                                     1.1920823564714475e-03
22                                    -2.8736620091774088e-03
23                                    -1.9975306729613394e-03
24                                     1.8992756667689202e-03
25                                     1.5456100972676160e-03
26                                    -1.7035605824460725e-04
27                                     1.3018608783857998e-03
28                                     2.7174581917801307e-03
29                                     8.2429746487874692e-04
30                                    -1.2495740059639271e-03
31                                    -1.9594882039356346e-04
32                                     9.9880688321858733e-04
33                                    -1.9679631183151616e-03
34                                    -7.5390498430370355e-04
35                                    -8.4410003984000236e-05
36                                     2.3927687183802199e-04
37                                     1.0826615105215778e-02
38                                     7.0601504206727200e-03
39                                    -1.0126629018098639e-03
40                                    -6.5932946982061556e-03
41                                     2.1439754584663788e-03
42                                     2.2938289074048331e-04
43                                    -3.5006017540938072e-04
44                                    -8.1097567238251969e-03
45                                     1.0392019591322112e-03
46                                     3.3899551133393518e-04
47                                     8.3891051293620740e-04
48                                    -5.5149360091323596e-04
49                                     2.0407117312176643e-03
50                                     6.4452018603964071e-05
51                                     5.8638629528796676e-04
52                                     1.9413717848866772e-03
53                                     1.5760048220181070e-03
54                                     6.1064001817589392e-04
55                                     2.9262512449943628e-03
56                                    -1.1577008124605097e-04
57                                    -1.2311366435217509e-03
58                                     2.4106681818272303e-04
59                                     1.2225935948656651e-03
60                                    -5.5928714392971743e-04
61                                     1.9372066578748123e-04
62                                     7.0053150058144685e-04
63                                     1.1195976372501090e-03
64                                    -1.2673445794107335e-03
65                                    -9.6632264461723116e-04
66                                    -1.0715295532921602e-05
67                                     1.1166072674113209e-05
68                                     3.1241331679171362e-04
69                                     2.1044719894977235e-04
70                                    -2.1053564452108101e-04
71                                    -2.7253880938351085e-04
72                                     4.1597381091849775e-04
73                                    -6.1585527391044316e-05
74                                    -3.1857846112004799e-04
75                                    -1.8944535117583179e-04
76                                     3.2960234390535560e-04
77                                     3.9357839104939242e-04
78                                    -7.1443827065289199e-04
79                                     9.1871944742469465e-05
80                                    -2.4452451471831602e-04
   &Method [&Type "String"] "SCF"
   &Level [&Type "String"] "Relaxed density"
   &Mult [&Type "Integer"] 1
   &State [&Type "Integer"] 0
   &Irrep [&Type "Integer"] 0
$End
$Geometry
   &GeometryIndex 3
   &NAtoms [&Type "Integer"] 27
   &NCorelessECP [&Type "Integer"] 0
   &NGhostAtoms [&Type "Integer"] 0
   &CartesianCoordinates [&Type "Coordinates", &Dim(27,4), &Units "Bohr"] 
              N      4.034500860036   -2.338500987817    0.702160929337
              C      4.825120880151   -0.076613795029   -0.818605787580
              C      2.655599634789    1.038257974724   -2.422454529608
              C      0.258637208839    1.563224011248   -0.975900985137
              C     -0.293127610835    3.700181762232    0.432206977237
              N     -2.652960915440    3.472376447485    1.521690171638
              C     -3.697754764884    1.178493638756    0.860005710963
              C     -6.042309309877    0.107846754131    1.481119507615
              C     -6.599051526463   -2.272461364632    0.492184204088
              C     -4.866220325942   -3.555458913215   -1.090995822417
              C     -2.535854253548   -2.490515064156   -1.710240046531
              C     -1.904327938379   -0.091004093440   -0.724166664108
              C      5.935231558690    1.846042775896    1.166041672132
              O      6.559331926677    3.980071105063    0.349069982603
              O      5.678565641300    1.154080072678    3.464521816438
              H      4.879820015431   -3.993747448224    0.153046145770
              H      2.104249022911   -2.579553701988    0.733297557944
              H      4.658917832815   -1.773228186214    2.541719492535
              H      6.386552621934   -0.637125523122   -2.066085604540
              H      3.401983547692    2.793049041161   -3.247648753369
              H      2.254244659171   -0.254118488180   -4.004832496701
              H      0.842599632799    5.390527473258    0.719324705867
              H     -3.487739183117    4.799288630402    2.631233241766
              H     -7.384485956049    1.107798199722    2.693035513454
              H     -8.409059079731   -3.161144692669    0.940943127825
              H     -5.375527372741   -5.411364116404   -1.843171488112
              H     -1.226936768433   -3.496401568359   -2.955842755461
$End
$SCF_Energy
   &GeometryIndex 3
   &Method [&Type "String"] "SCF"
   &totalEnergy [&Type "ArrayOfDoubles", &Dim (1,1)] "Total energy of each state"
                                                         0

0                                     -6.8666475043086587e+02
   &Mult [&Type "ArrayOfIntegers", &Dim (1,1)] "Multiplicity of each state"
                                                         0

0                                                        1
$End
$DFT_Energy
   &GeometryIndex 3
   &nAlphaEl [&Type "Integer"] 54
   &nBetaEl [&Type "Integer"] 54
   &nTotalEl [&Type "Integer"] 108
   &finalEn [&Type "Double"]      -6.8666475043086587e+02  "No Van der Waals correction"
   &eExchange [&Type "Double"]      -9.1303114989178766e+01
   &eCorr [&Type "Double"]      -3.9715457544664883e+00
   &eXC [&Type "Double"]      -9.5274660743645256e+01
   &eCNL [&Type "Double"]       0.0000000000000000e+00
$End
$Solvation_Details
   &GeometryIndex 3
   &Solvent [&Type "String"] "CONDUCTOR"
   &Epsilon [&Type "Double"]      -1.0000000000000000e+00
   &Refrac [&Type "Double"]       1.3300000000000001e+00
   &RSolv [&Type "Double"]       1.3000000000000000e+00
   &SurfaceType [&Type "String"] "GAUSSIAN VDW"
   &CPCMDielEnergy [&Type "Double"]      -6.7564758000000003e-02
   &NPoints [&Type "Integer"] 2400
   &SurfaceArea [&Type "Double"]       8.4795444214300005e+02
$End
$SCF_Timings
   &GeometryIndex 3
   &TOTAL [&Type "Double"]       7.1748570000000003e+00
   &PREP [&Type "Double"]       4.4953200000000004e-01
   &FOCK [&Type "Double"]       6.2484890000000002e+00
   &DENS [&Type "Double"]       3.2053000000000331e-02
   &ETOT [&Type "Double"]       2.1284000000001413e-02
   &POP [&Type "Double"]       9.9999999925159955e-07
   &TRAFO [&Type "Double"]       5.1891000000000354e-02
   &DIIS [&Type "Double"]       1.9095499999999954e-01
   &SOSCF [&Type "Double"]       1.3667299999999871e-01
   &XC [&Type "Double"]       2.3055869999999987e+00
   &FOCKSTART [&Type "Double"]       4.6059999999992218e-03
   &SOLV [&Type "Double"]       2.6370059999999991e+00
   &SOLV_INIT [&Type "Double"]       1.1199200000000004e-01
   &SOLV_FINAL [&Type "Double"]       1.0000000001397780e-06
   &INT_PREP [&Type "Double"]       2.0000000002795559e-06
   &INT_BF [&Type "Double"]       6.6346000000001470e-01
   &INT_DENS [&Type "Double"]       7.2972399999997262e-01
   &INT_DENSIO [&Type "Double"]       2.0120455733000028e+04
   &INT_FUNC [&Type "Double"]       5.6661999999999990e-02
   &INT_POT [&Type "Double"]       6.1300400000000776e-01
   &INT_POTIO [&Type "Double"]       7.2209999999861552e-03
   &INT_SUM [&Type "Double"]       9.2999999998788496e-05
   &SPLITRIJ [&Type "Double"]       1.7336639999999994e+00
$End
$Single_Point_Data
   &GeometryIndex 3
   &FinalEnergy [&Type "Double"]      -6.8666475043086587e+02  "Final single point energy"
   &Converged [&Type "Boolean"] true
$End
$SCF_Nuc_Gradient
   &GeometryIndex 3
   &NAtoms [&Type "Integer"] 27
   &gradNorm [&Type "Double"]       3.8385297307486209e-02
   &grad [&Type "ArrayOfDoubles", &Dim (81,1)] 
                                                         0

0                                     -2.4439999321504676e-03
1                                      7.9456802182564443e-04
2                                     -2.5495853934140327e-03
3                                     -1.0096222629045913e-02
4                                     -2.4085903187182943e-03
5                                      1.5712271830759916e-03
6                                      1.1291397533726359e-03
7                                     -8.2271514537125313e-04
8                                     -2.2019836354009994e-03
9                                      3.6493807941936516e-05
10                                     1.3180730472918275e-03
11                                    -5.4792186728891737e-04
12                                    -3.9037172152327389e-04
13                                     4.5000233914283937e-04
14                                     1.0574230153888981e-03
15                                    -7.6239901438067761e-04
16                                    -1.4694104666648604e-04
17                                    -1.8159570786640579e-04
18                                    -1.1595980529891491e-04
19                                     1.2341259570070253e-03
20                                     5.0526256459650955e-04
21                                    -3.6883272917038936e-05
22                                    -5.7631501292277221e-04
23                                    -3.4198697792444180e-04
24                                    -4.1321360487715309e-04
25                                     1.8676043035421256e-04
26                                     3.4862262072229061e-04
27                                     7.9357637674102493e-05
28                                    -1.7354661268394666e-04
29                                    -1.8844844884647553e-04
30                                     5.8519976603544840e-04
31                                    -1.8496711572032988e-04
32                                    -3.1900788896630818e-05
33                                    -1.4889487494369573e-04
34                                    -8.7129755435731791e-04
35                                     4.8020947585575963e-04
36                                     3.0943238445446348e-02
37                                    -8.2747961096526351e-03
38                                    -6.9584529313985880e-04
39                                    -1.0532838112070626e-02
40                                     3.3182314049306320e-03
41                                     1.5410874362103977e-05
42                                    -1.1898653262821447e-02
43                                     2.1277663651430561e-03
44                                     2.7411690621510776e-04
45                                     8.3250812848824005e-04
46                                    -2.8876226573994537e-04
47                                     8.1829764133943030e-04
48                                    -4.5824406458607261e-04
49                                     3.8498274616584078e-04
50                                    -5.4490694616401726e-05
51                                     3.4305170605644685e-03
52                                     1.0565057381158984e-03
53                                     1.7477482951852689e-03
54                                     1.6048192995221939e-03
55                                     2.5102622602342795e-03
56                                     8.6500328172290676e-04
57                                    -2.3718306845400697e-06
58                                     7.9687539522511463e-04
59                                     5.3121868031952898e-05
60                                    -6.3296376977067174e-04
61                                    -7.4374173437315172e-06
62                                    -9.5463265303439692e-04
63                                     1.6328774986888617e-03
64                                     6.5850942669571201e-04
65                                    -3.9412491181177028e-04
66                                    -5.2820577204253961e-04
67                                     7.2318264928494976e-04
68                                     7.6010008186851684e-04
69                                    -8.8952453662454085e-04
70                                     6.2547293515687529e-04
71                                     7.6353472122860696e-04
72                                    -1.0171815035450900e-03
73                                    -6.8217671801016548e-04
74                                     1.8189745765805987e-04
75                                    -5.1782280098438237e-04
76                                    -1.1390418054076125e-03
77                                    -3.6585507689672813e-04
78                                     6.1159911664540254e-04
79                                    -6.0873159945625758e-04
80                                    -9.3360453373140216e-04
   &Method [&Type "String"] "SCF"
   &Level [&Type "String"] "Relaxed density"
   &Mult [&Type "Integer"] 1
   &State [&Type "Integer"] 0
   &Irrep [&Type "Integer"] 0
$End
$Geometry
   &GeometryIndex 4
   &NAtoms [&Type "Integer"] 27
   &NCorelessECP [&Type "Integer"] 0
   &NGhostAtoms [&Type "Integer"] 0
   &CartesianCoordinates [&Type "Coordinates", &Dim(27,4), &Units "Bohr"] 
              N      4.013218406716   -2.308906356992    0.715633859847
              C      4.812693290802   -0.040012543965   -0.811698378363
              C      2.635794827452    1.063604025100   -2.398876092188
              C      0.238888682478    1.574570276076   -0.956307567206
              C     -0.327939216761    3.711528703603    0.455675233713
              N     -2.703006668311    3.478897922305    1.516246423990
              C     -3.737214640946    1.177034822509    0.849132545303
              C     -6.089472452940    0.106186736935    1.447832497848
              C     -6.627531867946   -2.285202290468    0.463896428237
              C     -4.865608062460   -3.575270090425   -1.088112856651
              C     -2.526683146754   -2.503820211814   -1.681259805668
              C     -1.916069253085   -0.092840957419   -0.706254632142
              C      5.967981371909    1.855778470765    1.149972476038
              O      6.751550540112    3.933191301970    0.305989996576
              O      6.038103920419    1.053430230528    3.433652568588
              H      4.839187220620   -3.966317648103    0.145550669232
              H      2.084364377711   -2.550458619339    0.756473997344
              H      4.647828722024   -1.765005230453    2.550588517569
              H      6.344039179017   -0.648328314980   -2.074178361851
              H      3.381311796913    2.813818401842   -3.237621030863
              H      2.242524495158   -0.234535487233   -3.979165923137
              H      0.786247589247    5.414384446169    0.751865837335
              H     -3.555426768449    4.807748500178    2.606949927412
              H     -7.447792482749    1.109622277972    2.637832716859
              H     -8.440488681804   -3.175275313388    0.896019494546
              H     -5.354809817767   -5.438008370728   -1.835436025909
              H     -1.191691322810   -3.515814737336   -2.892746692813
$End
$SCF_Energy
   &GeometryIndex 4
   &Method [&Type "String"] "SCF"
   &totalEnergy [&Type "ArrayOfDoubles", &Dim (1,1)] "Total energy of each state"
                                                         0

0                                     -6.8666747812372955e+02
   &Mult [&Type "ArrayOfIntegers", &Dim (1,1)] "Multiplicity of each state"
                                                         0

0                                                        1
$End
$DFT_Energy
   &GeometryIndex 4
   &nAlphaEl [&Type "Integer"] 54
   &nBetaEl [&Type "Integer"] 54
   &nTotalEl [&Type "Integer"] 108
   &finalEn [&Type "Double"]      -6.8666747812372955e+02  "No Van der Waals correction"
   &eExchange [&Type "Double"]      -9.1293539684377564e+01
   &eCorr [&Type "Double"]      -3.9702869581730216e+00
   &eXC [&Type "Double"]      -9.5263826642550583e+01
   &eCNL [&Type "Double"]       0.0000000000000000e+00
$End
$Solvation_Details
   &GeometryIndex 4
   &Solvent [&Type "String"] "CONDUCTOR"
   &Epsilon [&Type "Double"]      -1.0000000000000000e+00
   &Refrac [&Type "Double"]       1.3300000000000001e+00
   &RSolv [&Type "Double"]       1.3000000000000000e+00
   &SurfaceType [&Type "String"] "GAUSSIAN VDW"
   &CPCMDielEnergy [&Type "Double"]      -6.8966248999999993e-02
   &NPoints [&Type "Integer"] 2404
   &SurfaceArea [&Type "Double"]       8.5012392176300000e+02
$End
$SCF_Timings
   &GeometryIndex 4
   &TOTAL [&Type "Double"]       7.5751929999999987e+00
   &PREP [&Type "Double"]       4.4369000000000003e-01
   &FOCK [&Type "Double"]       6.6413109999999991e+00
   &DENS [&Type "Double"]       3.5306999999999533e-02
   &ETOT [&Type "Double"]       2.3537000000000363e-02
   &POP [&Type "Double"]       1.0000000010279564e-06
   &TRAFO [&Type "Double"]       5.1448999999999634e-02
   &DIIS [&Type "Double"]       1.8994899999999992e-01
   &SOSCF [&Type "Double"]       1.5588299999999977e-01
   &XC [&Type "Double"]       2.3765759999999965e+00
   &FOCKSTART [&Type "Double"]       5.1270000000000482e-03
   &SOLV [&Type "Double"]       2.8011770000000005e+00
   &SOLV_INIT [&Type "Double"]       1.1190500000000003e-01
   &INT_PREP [&Type "Double"]       2.0000000002795559e-06
   &INT_BF [&Type "Double"]       7.2806199999999821e-01
   &INT_DENS [&Type "Double"]       8.0817100000002495e-01
   &INT_DENSIO [&Type "Double"]       2.3051721810000025e+04
   &INT_FUNC [&Type "Double"]       6.1010999999990378e-02
   &INT_POT [&Type "Double"]       6.4427099999999982e-01
   &INT_POTIO [&Type "Double"]       7.6440000000072006e-03
   &INT_SUM [&Type "Double"]       1.0599999999982845e-04
   &SPLITRIJ [&Type "Double"]       1.8662619999999999e+00
$End
$Single_Point_Data
   &GeometryIndex 4
   &FinalEnergy [&Type "Double"]      -6.8666747812372955e+02  "Final single point energy"
   &Converged [&Type "Boolean"] true
$End
$SCF_Nuc_Gradient
   &GeometryIndex 4
   &NAtoms [&Type "Integer"] 27
   &gradNorm [&Type "Double"]       1.2387483681178894e-02
   &grad [&Type "ArrayOfDoubles", &Dim (81,1)] 
                                                         0

0                                     -2.3357051101355938e-04
1                                     -4.9837510738718477e-04
2                                     -1.9540238103871030e-03
3                                     -3.4996645132757444e-04
4                                     -2.9789506047326469e-04
5                                     -1.1003824618036478e-03
6                                      2.3503127647646728e-04
7                                     -1.4405823110856010e-04
8                                      6.8548385256451006e-04
9                                      1.0326172814743631e-03
10                                    -3.8478597265311518e-04
11                                    -3.4903524973399478e-03
12                                     1.5098151312072467e-03
13                                     1.9940736976843776e-03
14                                     2.4514452938161875e-03
15                                    -1.3228913491334197e-03
16                                     1.7220425276370018e-03
17                                     5.7502818593899163e-04
18                                    -1.3476012331265818e-03
19                                    -9.8338787904462058e-05
20                                    -1.0231266978592748e-05
21                                    -9.5767160299923323e-04
22                                     1.0762503865938385e-03
23                                     8.2341668464141950e-04
24                                    -1.9605915316396267e-03
25                                    -7.0305443328947509e-04
26                                     6.4479256590972375e-04
27                                    -5.9650697265158255e-04
28                                    -2.0316506613228149e-03
29                                    -9.5864936577373574e-04
30                                     1.7562142994021913e-03
31                                    -2.3679691529914469e-04
32                                    -5.7949341724730305e-04
33                                     1.0849297196835130e-03
34                                    -1.0468788503244632e-03
35                                     1.0136146529195790e-03
36                                    -8.7763502568179511e-04
37                                    -8.2342106015648869e-04
38                                    -2.9774456126016049e-03
39                                     1.5157259146789774e-03
40                                     4.0019895348371998e-03
41                                    -2.0358010289226302e-03
42                                     5.3511730713842742e-05
43                                    -3.1349172425608578e-03
44                                     6.1775534796263271e-03
45                                    -6.6994925839114483e-05
46                                    -3.5530592892979093e-04
47                                     7.9485336515104643e-05
48                                     3.5681114827669849e-04
49                                    -2.9735500391317535e-04
50                                     4.0857988821019507e-04
51                                    -8.0501668155627147e-05
52                                     1.6422231639551307e-03
53                                     1.4152968845182936e-03
54                                     1.7922278134172021e-04
55                                    -9.6282725928388199e-05
56                                    -3.2496432827359110e-04
57                                     7.3851700541903843e-04
58                                     4.4857716133878752e-04
59                                    -2.5378092692445700e-04
60                                    -1.2413524686494715e-04
61                                    -3.6131859569953160e-04
62                                    -7.7853829164046661e-04
63                                     1.1083510821984148e-03
64                                     8.3514473387716901e-04
65                                    -4.2616306813767629e-05
66                                    -2.4242532671972343e-04
67                                     2.3020626093220656e-04
68                                     2.1538529494975409e-04
69                                    -8.2646812995355260e-04
70                                     5.9543176624557220e-04
71                                     7.1584353527237576e-04
72                                    -9.5766315699518517e-04
73                                    -5.6725096992131172e-04
74                                     2.7032285692143217e-04
75                                    -3.9882869646821941e-04
76                                    -1.0384275386707727e-03
77                                    -4.5266305887095831e-04
78                                     7.7270446712324886e-04
79                                    -4.2982614787100831e-04
80                                    -5.1730614054320764e-04
   &Method [&Type "String"] "SCF"
   &Level [&Type "String"] "Relaxed density"
   &Mult [&Type "Integer"] 1
   &State [&Type "Integer"] 0
   &Irrep [&Type "Integer"] 0
$End
$Geometry
   &GeometryIndex 5
   &NAtoms [&Type "Integer"] 27
   &NCorelessECP [&Type "Integer"] 0
   &NGhostAtoms [&Type "Integer"] 0
   &CartesianCoordinates [&Type "Coordinates", &Dim(27,4), &Units "Bohr"] 
              N      4.009622286752   -2.301837436833    0.747476786495
              C      4.805380355882   -0.048052007106   -0.793116716984
              C      2.637301950202    1.032819678034   -2.409529025241
              C      0.242928924141    1.555491693041   -0.972772575420
              C     -0.320088252968    3.695818204774    0.419268541260
              N     -2.665536053203    3.452993468738    1.525129828116
              C     -3.705304189159    1.161743891971    0.858973291124
              C     -6.042078084514    0.087351728607    1.483734999662
              C     -6.601569124105   -2.281125517756    0.477114148267
              C     -4.878321687836   -3.547845802123   -1.122459874929
              C     -2.555718638013   -2.477675615865   -1.743669707936
              C     -1.921591285805   -0.090068902904   -0.741961981876
              C      5.911553203540    1.888683591741    1.159069937864
              O      6.710854772422    3.944661362980    0.302089531078
              O      5.945808564230    1.119617939570    3.442242761035
              H      4.838516083458   -3.961172200340    0.190502273076
              H      2.078990802169   -2.536296754747    0.785671006704
              H      4.645648216672   -1.747349302150    2.576787204475
              H      6.360350658075   -0.641790529343   -2.030770338765
              H      3.374030562302    2.777469317302   -3.259414707362
              H      2.248073012643   -0.283510681573   -3.971087968649
              H      0.798663482372    5.391695396745    0.706105569793
              H     -3.499667481325    4.773513812226    2.637615716964
              H     -7.375817468282    1.075057820128    2.706602020702
              H     -8.405788294541   -3.171174532714    0.925871200658
              H     -5.385927266657   -5.394927409874   -1.884510828258
              H     -1.250315010657   -3.474091269221   -2.993305268208
$End
$SCF_Energy
   &GeometryIndex 5
   &Method [&Type "String"] "SCF"
   &totalEnergy [&Type "ArrayOfDoubles", &Dim (1,1)] "Total energy of each state"
                                                         0

0                                     -6.8666766486097129e+02
   &Mult [&Type "ArrayOfIntegers", &Dim (1,1)] "Multiplicity of each state"
                                                         0

0                                                        1
$End
$DFT_Energy
   &GeometryIndex 5
   &nAlphaEl [&Type "Integer"] 54
   &nBetaEl [&Type "Integer"] 54
   &nTotalEl [&Type "Integer"] 108
   &finalEn [&Type "Double"]      -6.8666766486097129e+02  "No Van der Waals correction"
   &eExchange [&Type "Double"]      -9.1328998641243288e+01
   &eCorr [&Type "Double"]      -3.9727338527637457e+00
   &eXC [&Type "Double"]      -9.5301732494007041e+01
   &eCNL [&Type "Double"]       0.0000000000000000e+00
$End
$Solvation_Details
   &GeometryIndex 5
   &Solvent [&Type "String"] "CONDUCTOR"
   &Epsilon [&Type "Double"]      -1.0000000000000000e+00
   &Refrac [&Type "Double"]       1.3300000000000001e+00
   &RSolv [&Type "Double"]       1.3000000000000000e+00
   &SurfaceType [&Type "String"] "GAUSSIAN VDW"
   &CPCMDielEnergy [&Type "Double"]      -6.8647064999999993e-02
   &NPoints [&Type "Integer"] 2392
   &SurfaceArea [&Type "Double"]       8.4742683670500003e+02
$End
$SCF_Timings
   &GeometryIndex 5
   &TOTAL [&Type "Double"]       7.5906330000000004e+00
   &PREP [&Type "Double"]       4.7468600000000000e-01
   &FOCK [&Type "Double"]       6.6638590000000004e+00
   &DENS [&Type "Double"]       3.5420000000000229e-02
   &ETOT [&Type "Double"]       2.3857999999999935e-02
   &TRAFO [&Type "Double"]       5.1673999999999554e-02
   &DIIS [&Type "Double"]       1.9456600000000068e-01
   &SOSCF [&Type "Double"]       1.5549200000000019e-01
   &XC [&Type "Double"]       2.4143760000000003e+00
   &FOCKSTART [&Type "Double"]       4.9379999999997204e-03
   &SOLV [&Type "Double"]       2.7797209999999994e+00
   &SOLV_INIT [&Type "Double"]       1.2666600000000006e-01
   &INT_PREP [&Type "Double"]       4.0000000002260450e-06
   &INT_BF [&Type "Double"]       7.3263700000000986e-01
   &INT_DENS [&Type "Double"]       8.0543800000000665e-01
   &INT_DENSIO [&Type "Double"]       2.3312215020000036e+04
   &INT_FUNC [&Type "Double"]       6.1386000000018814e-02
   &INT_POT [&Type "Double"]       6.2605999999998918e-01
   &INT_POTIO [&Type "Double"]       7.6519999999733468e-03
   &INT_SUM [&Type "Double"]       1.0399999999943788e-04
   &SPLITRIJ [&Type "Double"]       1.8622180000000021e+00
$End
$Single_Point_Data
   &GeometryIndex 5
   &FinalEnergy [&Type "Double"]      -6.8666766486097129e+02  "Final single point energy"
   &Converged [&Type "Boolean"] true
$End
$SCF_Nuc_Gradient
   &GeometryIndex 5
   &NAtoms [&Type "Integer"] 27
   &gradNorm [&Type "Double"]       6.5056281517605818e-03
   &grad [&Type "ArrayOfDoubles", &Dim (81,1)] 
                                                         0

0                                     -2.6734378210919313e-04
1                                     -8.5728068528544144e-05
2                                     -1.4225052156377456e-03
3                                     -1.2273842151695356e-04
4                                     -3.1831139162717429e-03
5                                     -9.4726208499894271e-05
6                                      4.4755907576709089e-04
7                                      2.6628786919642017e-04
8                                     -3.1660128497191381e-05
9                                      4.4293697015382766e-04
10                                    -7.2921883622328941e-05
11                                     1.5572122825946247e-03
12                                    -1.4225271435449002e-03
13                                     5.7625507663756361e-04
14                                    -9.5076579712522662e-04
15                                     2.1649351551221441e-04
16                                    -5.8023107686955636e-04
17                                    -2.4710345834462466e-05
18                                     5.5779626730478264e-04
19                                     2.1426176804102172e-04
20                                     5.2260745559894791e-04
21                                     2.1142040354201527e-04
22                                    -3.1688987241375224e-04
23                                    -1.5116665234986022e-04
24                                     3.7034877534955751e-05
25                                     2.2827431921992446e-04
26                                     6.8113246141199399e-06
27                                     2.1602080968726703e-04
28                                     5.6669011387310009e-05
29                                     4.2933985413948130e-05
30                                    -1.1842494535038717e-04
31                                     2.9530196318583533e-04
32                                    -2.4823815741948155e-05
33                                    -7.9342893921686758e-04
34                                     3.3412262462486015e-04
35                                    -7.6330349221053395e-04
36                                    -6.5178278945339681e-04
37                                     3.2494819877652396e-03
38                                     3.0142387424481314e-04
39                                     2.3788079467869892e-04
40                                    -1.6885906252535818e-03
41                                     6.1614916932215859e-04
42                                    -1.3742495148409868e-04
43                                    -1.0796232643328716e-03
44                                    -9.4913472660114115e-04
45                                     2.0378967271563950e-04
46                                     1.7872886153123130e-04
47                                     4.4241608813033392e-04
48                                    -1.0871109628783626e-04
49                                     1.2971072552050121e-04
50                                    -7.6503419007938707e-05
51                                     7.6564629606717450e-04
52                                     1.1259764719136226e-03
53                                     8.5448516852413593e-04
54                                     4.9445907668079110e-05
55                                     6.5832510173630902e-04
56                                    -6.3263962086995175e-05
57                                    -2.4693810996441684e-04
58                                     2.7659725817272360e-06
59                                     4.0218078524213914e-04
60                                    -1.2737321974800046e-04
61                                     1.4546367506927411e-04
62                                     2.3017877725543985e-04
63                                     1.7109862698241277e-04
64                                    -5.3518493981024890e-04
65                                    -4.6123254712356548e-04
66                                     1.3280074927341130e-04
67                                    -2.3075272964662510e-04
68                                     8.4283941846339736e-05
69                                     2.1470217884015080e-04
70                                    -1.6538308845867470e-04
71                                    -2.2862306632799156e-04
72                                     3.3038174901747850e-04
73                                     8.3151045823210952e-05
74                                    -1.4382028314524891e-04
75                                     2.8860098727704741e-05
76                                     2.8951790252263864e-04
77                                     2.5192185431174288e-04
78                                    -2.6717458782730616e-04
79                                     1.0412508811584280e-04
80                                     7.3634953889047984e-05
   &Method [&Type "String"] "SCF"
   &Level [&Type "String"] "Relaxed density"
   &Mult [&Type "Integer"] 1
   &State [&Type "Integer"] 0
   &Irrep [&Type "Integer"] 0
$End
$Geometry
   &GeometryIndex 6
   &NAtoms [&Type "Integer"] 27
   &NCorelessECP [&Type "Integer"] 0
   &NGhostAtoms [&Type "Integer"] 0
   &CartesianCoordinates [&Type "Coordinates", &Dim(27,4), &Units "Bohr"] 
              N      4.024247808378   -2.291648874756    0.761899402371
              C      4.812169757865   -0.040703883372   -0.794401980419
              C      2.632198878714    1.028869719873   -2.401412164728
              C      0.241324173393    1.547246805882   -0.958186032993
              C     -0.314995973347    3.679749811194    0.451477147779
              N     -2.671648171769    3.444759026173    1.537203503416
              C     -3.717038807588    1.158287965868    0.858224296527
              C     -6.063115076570    0.092597199056    1.465845674200
              C     -6.623282356849   -2.275153280282    0.454528260900
              C     -4.891108046101   -3.548445279371   -1.132082388990
              C     -2.558663567552   -2.485949527879   -1.734625633548
              C     -1.924044999377   -0.098868744707   -0.729562745970
              C      5.943745059167    1.897363141063    1.134438453516
              O      6.707201345079    3.962444820302    0.260445351103
              O      6.018921389081    1.138183194868    3.421563486767
              H      4.835812473889   -3.955281181273    0.190854020573
              H      2.093555072377   -2.519764203695    0.824078159716
              H      4.684497764673   -1.744648141140    2.581158217345
              H      6.351935125829   -0.653003198050   -2.042760384648
              H      3.362562459246    2.771334803563   -3.263046965566
              H      2.242235475172   -0.293772126905   -3.958370729397
              H      0.804478960791    5.373848230586    0.752426309928
              H     -3.509266816069    4.767468782098    2.645190694121
              H     -7.402142036076    1.084834331949    2.680565057781
              H     -8.434808295870   -3.158752522611    0.890162483790
              H     -5.398882868460   -5.393907603099   -1.900091790386
              H     -1.245888690230   -3.487089322026   -2.973863879541
$End
$SCF_Energy
   &GeometryIndex 6
   &Method [&Type "String"] "SCF"
   &totalEnergy [&Type "ArrayOfDoubles", &Dim (1,1)] "Total energy of each state"
                                                         0

0                                     -6.8666777299137107e+02
   &Mult [&Type "ArrayOfIntegers", &Dim (1,1)] "Multiplicity of each state"
                                                         0

0                                                        1
$End
$DFT_Energy
   &GeometryIndex 6
   &nAlphaEl [&Type "Integer"] 54
   &nBetaEl [&Type "Integer"] 54
   &nTotalEl [&Type "Integer"] 108
   &finalEn [&Type "Double"]      -6.8666777299137107e+02  "No Van der Waals correction"
   &eExchange [&Type "Double"]      -9.1323426171478118e+01
   &eCorr [&Type "Double"]      -3.9722349003314372e+00
   &eXC [&Type "Double"]      -9.5295661071809562e+01
   &eCNL [&Type "Double"]       0.0000000000000000e+00
$End
$Solvation_Details
   &GeometryIndex 6
   &Solvent [&Type "String"] "CONDUCTOR"
   &Epsilon [&Type "Double"]      -1.0000000000000000e+00
   &Refrac [&Type "Double"]       1.3300000000000001e+00
   &RSolv [&Type "Double"]       1.3000000000000000e+00
   &SurfaceType [&Type "String"] "GAUSSIAN VDW"
   &CPCMDielEnergy [&Type "Double"]      -6.9093667999999997e-02
   &NPoints [&Type "Integer"] 2394
   &SurfaceArea [&Type "Double"]       8.4861479900799998e+02
$End
$SCF_Timings
   &GeometryIndex 6
   &TOTAL [&Type "Double"]       5.8810789999999997e+00
   &PREP [&Type "Double"]       4.6343300000000004e-01
   &FOCK [&Type "Double"]       4.9709349999999990e+00
   &DENS [&Type "Double"]       2.8409000000000795e-02
   &ETOT [&Type "Double"]       1.7903000000000002e-02
   &TRAFO [&Type "Double"]       5.4376999999999232e-02
   &DIIS [&Type "Double"]       1.9051100000000032e-01
   &SOSCF [&Type "Double"]       1.0073300000000041e-01
   &XC [&Type "Double"]       1.8401380000000005e+00
   &FOCKSTART [&Type "Double"]       5.0240000000007501e-03
   &SOLV [&Type "Double"]       2.1242139999999994e+00
   &SOLV_INIT [&Type "Double"]       1.1293700000000007e-01
   &INT_PREP [&Type "Double"]       2.0000000002795559e-06
   &INT_BF [&Type "Double"]       5.5802999999999425e-01
   &INT_DENS [&Type "Double"]       6.1166600000000593e-01
   &INT_DENSIO [&Type "Double"]       1.4187135639000011e+04
   &INT_FUNC [&Type "Double"]       4.7273000000005561e-02
   &INT_POT [&Type "Double"]       4.8090899999999603e-01
   &INT_POTIO [&Type "Double"]       5.7429999999935033e-03
   &INT_SUM [&Type "Double"]       8.2000000001025697e-05
   &SPLITRIJ [&Type "Double"]       1.4627059999999996e+00
$End
$Single_Point_Data
   &GeometryIndex 6
   &FinalEnergy [&Type "Double"]      -6.8666777299137107e+02  "Final single point energy"
   &Converged [&Type "Boolean"] true
$End
$SCF_Nuc_Gradient
   &GeometryIndex 6
   &NAtoms [&Type "Integer"] 27
   &gradNorm [&Type "Double"]       3.0204728958330555e-03
   &grad [&Type "ArrayOfDoubles", &Dim (81,1)] 
                                                         0

0                                     -4.4948007080909506e-04
1                                     -1.9679950299344995e-04
2                                     -8.8072473293827631e-04
3                                     -5.7441230465391218e-05
4                                     -1.2359667628610432e-03
5                                     -5.2475741900127881e-05
6                                      5.6050694019559900e-05
7                                      2.5540919889423946e-04
8                                      2.4478174701881347e-04
9                                      2.4390506191339346e-04
10                                    -5.0843170296382099e-05
11                                     3.1735840974337010e-05
12                                    -4.5675959791660180e-04
13                                     3.0432524007510068e-04
14                                     9.4214672153286957e-05
15                                    -1.3208840300052427e-05
16                                    -5.9140522836747048e-05
17                                    -1.7746796807411973e-04
18                                     2.6322651813030697e-05
19                                     1.5761147177013619e-05
20                                     1.2391146826318516e-04
21                                     5.5284253261275729e-05
22                                     4.9067736078624996e-05
23                                     4.9827494703856556e-06
24                                    -1.0525980964300359e-04
25                                     1.6421393265255834e-05
26                                     4.9923203554791407e-05
27                                     7.8138665137838636e-07
28                                    -1.8801086123754803e-04
29                                    -7.8565664120961408e-05
30                                     1.4967132485338430e-04
31                                     1.7128104052704929e-04
32                                     1.1534416384019388e-04
33                                    -8.1041123914328030e-05
34                                    -3.5869657177244919e-05
35                                     5.0467800800417517e-05
36                                     1.3354643278784030e-04
37                                     1.2164506810600217e-03
38                                    -8.3319660303000182e-04
39                                    -1.2911015190211067e-05
40                                    -4.8141085631486086e-04
41                                     2.4152966031914386e-04
42                                    -2.7428719588303962e-04
43                                    -9.0381929081332323e-04
44                                     4.8886634622026526e-04
45                                     1.1339189975580546e-04
46                                     7.4234188211889929e-06
47                                     2.2316254735098642e-04
48                                    -1.9120170716646623e-05
49                                    -1.8759456822121934e-04
50                                    -1.2246883709112854e-04
51                                     5.1694928086031856e-04
52                                     1.0915336413437520e-03
53                                     6.4832274387417559e-04
54                                    -2.8908270788068416e-05
55                                     2.7774089933887101e-04
56                                    -9.2460020824602397e-05
57                                    -1.4490846486462663e-06
58                                     6.9177813897778077e-05
59                                     1.5875040358552983e-04
60                                    -2.6331987674250209e-05
61                                     5.4706759576193462e-05
62                                    -4.3574506170986418e-05
63                                     2.0934920796300224e-04
64                                    -1.6918103898131602e-04
65                                    -2.2394585938676279e-04
66                                     9.8556973806857712e-07
67                                    -4.8892708117262776e-05
68                                     8.9800748492989066e-05
69                                     3.4967711539527283e-05
70                                    -3.1259328081672134e-05
71                                    -3.7800531617471558e-05
72                                     7.0590678241185586e-05
73                                    -1.0121735161080104e-05
74                                    -4.2997868030175321e-05
75                                    -2.9884722126720278e-05
76                                     6.3116659140593015e-05
77                                     5.7414577743825860e-05
78                                    -5.5713032750906791e-05
79                                     6.4943728511814708e-06
80                                    -3.7530341869743480e-05
   &Method [&Type "String"] "SCF"
   &Level [&Type "String"] "Relaxed density"
   &Mult [&Type "Integer"] 1
   &State [&Type "Integer"] 0
   &Irrep [&Type "Integer"] 0
$End
$Geometry
   &GeometryIndex 7
   &NAtoms [&Type "Integer"] 27
   &NCorelessECP [&Type "Integer"] 0
   &NGhostAtoms [&Type "Integer"] 0
   &CartesianCoordinates [&Type "Coordinates", &Dim(27,4), &Units "Bohr"] 
              N      4.057756761722   -2.261859008540    0.813539318867
              C      4.825072582272   -0.029131156406   -0.787249250136
              C      2.624047560737    1.002204941838   -2.389918893699
              C      0.238884375059    1.519589046778   -0.938391815884
              C     -0.303371318709    3.640293249460    0.495869871357
              N     -2.666437472037    3.412751426032    1.569772406370
              C     -3.728296033677    1.141491440345    0.863033830277
              C     -6.086131875922    0.090383060874    1.450988111951
              C     -6.661352362245   -2.263330123710    0.414334441229
              C     -4.932190563783   -3.535931708921   -1.176742566753
              C     -2.587505547107   -2.487690759120   -1.757966443609
              C     -1.937222746374   -0.114960903034   -0.727851011606
              C      5.985054784752    1.935914554708    1.087578943485
              O      6.704436717424    3.998969866345    0.166790857145
              O      6.125791309722    1.213176779725    3.382865510293
              H      4.831687313955   -3.937664864189    0.225143020808
              H      2.127469018480   -2.470333744677    0.929889668574
              H      4.771450602538   -1.720613940368    2.607272194957
              H      6.346333907046   -0.672691439624   -2.043269722081
              H      3.337672512487    2.736244798155   -3.282885372818
              H      2.235112165411   -0.344390785093   -3.926735209474
              H      0.821682016512    5.326860308449    0.820364689330
              H     -3.499573185827    4.733348667316    2.683732178002
              H     -7.421750172218    1.082162432588    2.670402934604
              H     -8.482636542308   -3.135350457121    0.834331545834
              H     -5.450685558766   -5.370024218856   -1.965610657636
              H     -1.275298211351   -3.489417519644   -2.997632755744
$End
$SCF_Energy
   &GeometryIndex 7
   &Method [&Type "String"] "SCF"
   &totalEnergy [&Type "ArrayOfDoubles", &Dim (1,1)] "Total energy of each state"
                                                         0

0                                     -6.8666784185252197e+02
   &Mult [&Type "ArrayOfIntegers", &Dim (1,1)] "Multiplicity of each state"
                                                         0

0                                                        1
$End
$DFT_Energy
   &GeometryIndex 7
   &nAlphaEl [&Type "Integer"] 54
   &nBetaEl [&Type "Integer"] 54
   &nTotalEl [&Type "Integer"] 108
   &finalEn [&Type "Double"]      -6.8666784185252197e+02  "No Van der Waals correction"
   &eExchange [&Type "Double"]      -9.1321525356381827e+01
   &eCorr [&Type "Double"]      -3.9718333170384867e+00
   &eXC [&Type "Double"]      -9.5293358673420315e+01
   &eCNL [&Type "Double"]       0.0000000000000000e+00
$End
$Solvation_Details
   &GeometryIndex 7
   &Solvent [&Type "String"] "CONDUCTOR"
   &Epsilon [&Type "Double"]      -1.0000000000000000e+00
   &Refrac [&Type "Double"]       1.3300000000000001e+00
   &RSolv [&Type "Double"]       1.3000000000000000e+00
   &SurfaceType [&Type "String"] "GAUSSIAN VDW"
   &CPCMDielEnergy [&Type "Double"]      -6.9814847999999999e-02
   &NPoints [&Type "Integer"] 2391
   &SurfaceArea [&Type "Double"]       8.5061634823800000e+02
$End
$SCF_Timings
   &GeometryIndex 7
   &TOTAL [&Type "Double"]       6.0908639999999998e+00
   &PREP [&Type "Double"]       4.3983200000000000e-01
   &FOCK [&Type "Double"]       5.1677410000000004e+00
   &DENS [&Type "Double"]       2.5818000000000119e-02
   &ETOT [&Type "Double"]       1.8573999999999202e-02
   &TRAFO [&Type "Double"]       6.7366000000000259e-02
   &DIIS [&Type "Double"]       2.1536600000000017e-01
   &SOSCF [&Type "Double"]       1.0823500000000053e-01
   &XC [&Type "Double"]       1.9463510000000008e+00
   &FOCKSTART [&Type "Double"]       4.2510000000007819e-03
   &SOLV [&Type "Double"]       2.1683050000000015e+00
   &SOLV_INIT [&Type "Double"]       1.0894700000000007e-01
   &INT_PREP [&Type "Double"]       1.9999999998354667e-06
   &INT_BF [&Type "Double"]       5.4835600000002904e-01
   &INT_DENS [&Type "Double"]       6.0974599999999435e-01
   &INT_DENSIO [&Type "Double"]       1.4572632674000019e+04
   &INT_FUNC [&Type "Double"]       4.6821000000024204e-02
   &INT_POT [&Type "Double"]       4.9859099999998258e-01
   &INT_POTIO [&Type "Double"]       5.5919999999899384e-03
   &INT_SUM [&Type "Double"]       8.3999999999861963e-05
   &SPLITRIJ [&Type "Double"]       1.4961130000000016e+00
$End
$Single_Point_Data
   &GeometryIndex 7
   &FinalEnergy [&Type "Double"]      -6.8666784185252197e+02  "Final single point energy"
   &Converged [&Type "Boolean"] true
$End
$SCF_Nuc_Gradient
   &GeometryIndex 7
   &NAtoms [&Type "Integer"] 27
   &gradNorm [&Type "Double"]       2.8593980461913372e-03
   &grad [&Type "ArrayOfDoubles", &Dim (81,1)] 
                                                         0

0                                     -7.6027250934572899e-04
1                                     -1.5055868962382882e-04
2                                      2.3419838342308703e-04
3                                      4.0527076319211422e-04
4                                      7.7268195867471849e-04
5                                     -6.5218333422921784e-05
6                                     -3.5339098754041910e-04
7                                      3.2808910839026220e-04
8                                      5.5072131364360469e-04
9                                      1.6854238188779725e-04
10                                    -1.7568561651594959e-04
11                                    -5.8824446229656033e-04
12                                     1.4584183142275298e-04
13                                     2.5624176697792165e-05
14                                     2.7725478125330711e-04
15                                    -1.9218264200033044e-05
16                                     2.5975790822549763e-04
17                                    -1.1943221590122663e-04
18                                    -2.8734941807028597e-04
19                                    -2.3030165794155370e-04
20                                    -1.2281503645739100e-04
21                                     4.6305545327177469e-07
22                                     2.8779399227265353e-04
23                                     9.9499566341342167e-05
24                                    -2.8967654317616116e-05
25                                    -1.3296339383287825e-04
26                                    -2.3431504906720898e-05
27                                    -1.8060737842166477e-04
28                                    -2.2682577480545585e-04
29                                    -5.5194562746854487e-05
30                                    -3.5038316138113340e-05
31                                     5.2585059676937829e-05
32                                    -8.2317770997156897e-05
33                                     3.7560745968357769e-04
34                                    -6.1935808106073752e-05
35                                     4.1745385723549171e-04
36                                     1.4814057290805926e-04
37                                    -5.4006870295258275e-04
38                                    -1.4265656435967660e-03
39                                    -9.4040017814088842e-05
40                                     1.3657837381152171e-04
41                                     6.0978521481135778e-05
42                                    -2.1674322695302032e-04
43                                    -4.3601473646723461e-04
44                                     1.0231704844956453e-03
45                                     4.4684278272122055e-05
46                                    -4.3928722936265041e-05
47                                     5.1290925605261550e-05
48                                     2.3148215954803958e-04
49                                    -5.2097554536787230e-04
50                                    -5.5827557789132204e-05
51                                     4.2403032461974790e-04
52                                     7.5523299081093568e-04
53                                     1.5079300343339049e-04
54                                    -1.5721631624856722e-04
55                                    -1.6313771185328188e-04
56                                    -1.0416201171550930e-04
57                                     1.3284444177048810e-04
58                                     4.5723744847731354e-05
59                                    -7.9633595867403123e-07
60                                     1.1600715864310365e-04
61                                    -1.0302391653671528e-07
62                                    -2.1534226631655766e-04
63                                     4.1918633088396540e-05
64                                     9.9557153610541939e-05
65                                     7.6003381870348762e-06
66                                    -2.8385830758273500e-05
67                                     1.2777805634481276e-06
68                                     3.7148163479199664e-05
69                                    -3.9356215534512053e-05
70                                     2.7527334254683240e-05
71                                     5.6228817963483585e-05
72                                    -6.5388676490446985e-05
73                                    -2.3267274546349406e-05
74                                     2.9475681832708944e-05
75                                    -8.2905974366678358e-06
76                                    -4.3411629158524034e-05
77                                    -5.2120568402700893e-05
78                                     3.9432351531530282e-05
79                                    -4.3251293568639243e-05
80                                    -8.4345568435907278e-05
   &Method [&Type "String"] "SCF"
   &Level [&Type "String"] "Relaxed density"
   &Mult [&Type "Integer"] 1
   &State [&Type "Integer"] 0
   &Irrep [&Type "Integer"] 0
$End
$Geometry
   &GeometryIndex 8
   &NAtoms [&Type "Integer"] 27
   &NCorelessECP [&Type "Integer"] 0
   &NGhostAtoms [&Type "Integer"] 0
   &CartesianCoordinates [&Type "Coordinates", &Dim(27,4), &Units "Bohr"] 
              N      4.064635426357   -2.262502827132    0.810083855281
              C      4.827568566635   -0.021814547605   -0.782425867494
              C      2.623777610261    0.994240244280   -2.391051225411
              C      0.239530831519    1.515386853211   -0.938793526463
              C     -0.298744269216    3.634950911865    0.498179731606
              N     -2.662440018209    3.410587783383    1.570870979435
              C     -3.728097386490    1.142398911134    0.861009430978
              C     -6.087891655988    0.094891864661    1.446979058747
              C     -6.665164247157   -2.257880842095    0.410457159859
              C     -4.935360235003   -3.534038017308   -1.176540938675
              C     -2.588992327185   -2.489835251541   -1.755821035081
              C     -1.938388626604   -0.116036524936   -0.729318642318
              C      5.976410785507    1.946950220213    1.094739436162
              O      6.668611829580    4.021336464438    0.177053401531
              O      6.142341865945    1.216912725895    3.384072658259
              H      4.821344032191   -3.937718618022    0.197843959634
              H      2.133374256560   -2.458284015090    0.939566671114
              H      4.793136899054   -1.747260794938    2.601666587356
              H      6.354688594833   -0.660245172964   -2.034229397359
              H      3.332050207052    2.723135516703   -3.297882282907
              H      2.235186067183   -0.365043684794   -3.916295070527
              H      0.827256101664    5.320001656981    0.826774312105
              H     -3.494389923758    4.732841527988    2.683792785701
              H     -7.423016657586    1.088587888435    2.665325640304
              H     -8.488077434409   -3.127122644912    0.829146478312
              H     -5.454320259622   -5.368852704695   -1.963491974867
              H     -1.275029995320   -3.495586979846   -2.990056361637
$End
$SCF_Energy
   &GeometryIndex 8
   &Method [&Type "String"] "SCF"
   &totalEnergy [&Type "ArrayOfDoubles", &Dim (1,1)] "Total energy of each state"
                                                         0

0                                     -6.8666787751537390e+02
   &Mult [&Type "ArrayOfIntegers", &Dim (1,1)] "Multiplicity of each state"
                                                         0

0                                                        1
$End
$DFT_Energy
   &GeometryIndex 8
   &nAlphaEl [&Type "Integer"] 54
   &nBetaEl [&Type "Integer"] 54
   &nTotalEl [&Type "Integer"] 108
   &finalEn [&Type "Double"]      -6.8666787751537390e+02  "No Van der Waals correction"
   &eExchange [&Type "Double"]      -9.1322681826162949e+01
   &eCorr [&Type "Double"]      -3.9718230246618740e+00
   &eXC [&Type "Double"]      -9.5294504850824822e+01
   &eCNL [&Type "Double"]       0.0000000000000000e+00
$End
$Solvation_Details
   &GeometryIndex 8
   &Solvent [&Type "String"] "CONDUCTOR"
   &Epsilon [&Type "Double"]      -1.0000000000000000e+00
   &Refrac [&Type "Double"]       1.3300000000000001e+00
   &RSolv [&Type "Double"]       1.3000000000000000e+00
   &SurfaceType [&Type "String"] "GAUSSIAN VDW"
   &CPCMDielEnergy [&Type "Double"]      -7.0234475000000005e-02
   &NPoints [&Type "Integer"] 2391
   &SurfaceArea [&Type "Double"]       8.5062681979599995e+02
$End
$SCF_Timings
   &GeometryIndex 8
   &TOTAL [&Type "Double"]       6.2612419999999993e+00
   &PREP [&Type "Double"]       4.4687600000000005e-01
   &FOCK [&Type "Double"]       5.3518900000000000e+00
   &DENS [&Type "Double"]       2.9539999999999900e-02
   &ETOT [&Type "Double"]       1.9507000000000607e-02
   &POP [&Type "Double"]       1.0000000001397780e-06
   &TRAFO [&Type "Double"]       5.4527999999999466e-02
   &DIIS [&Type "Double"]       1.5609299999999982e-01
   &SOSCF [&Type "Double"]       1.3710900000000059e-01
   &XC [&Type "Double"]       1.9569169999999996e+00
   &FOCKSTART [&Type "Double"]       4.5710000000006579e-03
   &SOLV [&Type "Double"]       2.2922550000000004e+00
   &SOLV_INIT [&Type "Double"]       1.1330400000000002e-01
   &INT_PREP [&Type "Double"]       2.9999999995311555e-06
   &INT_BF [&Type "Double"]       6.1787100000003958e-01
   &INT_DENS [&Type "Double"]       6.6663299999998815e-01
   &INT_DENSIO [&Type "Double"]       1.6369595502000016e+04
   &INT_FUNC [&Type "Double"]       5.3040000000020071e-02
   &INT_POT [&Type "Double"]       4.5097799999997534e-01
   &INT_POTIO [&Type "Double"]       6.6580000000188155e-03
   &INT_SUM [&Type "Double"]       9.4999999998957030e-05
   &SPLITRIJ [&Type "Double"]       1.5491350000000006e+00
$End
$Single_Point_Data
   &GeometryIndex 8
   &FinalEnergy [&Type "Double"]      -6.8666787751537390e+02  "Final single point energy"
   &Converged [&Type "Boolean"] true
$End
$SCF_Nuc_Gradient
   &GeometryIndex 8
   &NAtoms [&Type "Integer"] 27
   &gradNorm [&Type "Double"]       2.3916251745600349e-03
   &grad [&Type "ArrayOfDoubles", &Dim (81,1)] 
                                                         0

0                                     -7.0079313623166474e-04
1                                     -1.5081311068534942e-04
2                                      3.8030582052739543e-04
3                                      5.8240274494403103e-04
4                                      9.4168988678675764e-04
5                                      1.3815133618265418e-04
6                                     -4.8133976644955932e-04
7                                      2.0415997433456158e-04
8                                      2.8756791028476843e-04
9                                     -8.3207356437616257e-05
10                                    -1.0566601166314162e-04
11                                    -5.1909390733171517e-04
12                                     2.3522616168343297e-04
13                                    -2.4740808775265211e-04
14                                     2.2216750133606744e-04
15                                     4.8179391608142372e-05
16                                     2.2346990286306948e-04
17                                    -1.2669431888614503e-04
18                                    -1.7245579909844514e-04
19                                    -2.2956601547028093e-04
20                                    -1.8357654019180531e-04
21                                     1.2282893110046600e-06
22                                     1.6441970103676321e-04
23                                     2.5154590277348156e-05
24                                     1.0796165931642541e-04
25                                    -4.9851329642845851e-05
26                                    -7.9724311515488627e-05
27                                    -9.2681792805594343e-05
28                                     2.4318972242017532e-05
29                                     2.2173972551650656e-05
30                                    -1.0061813881816380e-04
31                                    -1.2326362115018530e-05
32                                    -4.1788980272875961e-06
33                                     3.2922325577310714e-04
34                                    -5.7419682716547751e-05
35                                     3.1485798348010485e-04
36                                     4.3502492090395292e-05
37                                    -6.5067947710046453e-04
38                                    -9.5908297405464943e-04
39                                    -6.8859824142547717e-05
40                                     1.1128681456380740e-04
41                                     1.5532639279972234e-04
42                                    -9.1309213654387940e-05
43                                    -1.0679838221542594e-04
44                                     4.9625260535795038e-04
45                                     6.8146823510363899e-05
46                                    -1.7569454869068024e-05
47                                    -2.4019964206157748e-05
48                                     1.1918159165064807e-04
49                                    -4.6474423629779427e-04
50                                    -1.7905763316081917e-04
51                                     3.5189173968126286e-04
52                                     5.4208909222051979e-04
53                                     4.4289589326118595e-05
54                                    -1.9055896022279924e-04
55                                    -2.7619780515197173e-04
56                                    -7.0454455488495188e-05
57                                     1.2290395001191814e-04
58                                     3.8361227172795760e-05
59                                    -1.8666254416388646e-05
60                                     9.3598130675119455e-05
61                                     1.1732352216079628e-05
62                                    -8.8176141474717931e-05
63                                    -5.5027495905029958e-05
64                                     1.3256025378878804e-04
65                                     9.7583566624445976e-05
66                                    -2.4848922175595492e-05
67                                     2.5108381338677030e-05
68                                     3.1715469622221187e-05
69                                    -3.2676413391511706e-05
70                                     2.2621681192537286e-05
71                                     4.9146700476430244e-05
72                                    -6.5508408475794134e-05
73                                    -5.0404672836538208e-06
74                                     5.1520148376224821e-05
75                                     1.3247881353031224e-05
76                                    -4.0402194676667294e-05
77                                    -6.8185780657563019e-05
78                                     4.3191116412990074e-05
79                                    -2.7335617778808871e-05
80                                     4.6975913101116734e-06
   &Method [&Type "String"] "SCF"
   &Level [&Type "String"] "Relaxed density"
   &Mult [&Type "Integer"] 1
   &State [&Type "Integer"] 0
   &Irrep [&Type "Integer"] 0
$End
$Geometry
   &GeometryIndex 9
   &NAtoms [&Type "Integer"] 27
   &NCorelessECP [&Type "Integer"] 0
   &NGhostAtoms [&Type "Integer"] 0
   &CartesianCoordinates [&Type "Coordinates", &Dim(27,4), &Units "Bohr"] 
              N      4.070363961221   -2.270796893045    0.793777654637
              C      4.829427345854   -0.011368595577   -0.773097705287
              C      2.627047842539    0.984649491526   -2.394953155300
              C      0.241913054276    1.514773105310   -0.944784496113
              C     -0.294813807698    3.637750483953    0.487229061241
              N     -2.657421622704    3.415619488550    1.563104152946
              C     -3.725185620974    1.147964747345    0.856379646794
              C     -6.084629311611    0.101404995358    1.446047807052
              C     -6.662156942200   -2.253449853096    0.415568714484
              C     -4.932134706646   -3.533984847265   -1.167320555419
              C     -2.586960221481   -2.491127910243   -1.751482033176
              C     -1.938302356821   -0.112962068103   -0.734771577658
              C      5.950342180876    1.958171647400    1.121928099172
              O      6.600750362222    4.053873512958    0.219468265516
              O      6.149949939027    1.205705425708    3.398118442392
              H      4.787091265330   -3.944390982043    0.131129522220
              H      2.137549955613   -2.434928733536    0.951512496805
              H      4.827841648232   -1.814488599876    2.582483607160
              H      6.373994462993   -0.630548701382   -2.013705818655
              H      3.329811670378    2.704725138976   -3.321657105251
              H      2.239047971748   -0.393760367353   -3.902679727640
              H      0.830847718765    5.322764547944    0.815290707281
              H     -3.488846914315    4.741808742881    2.671494988948
              H     -7.419012265571    1.097713805883    2.662844880220
              H     -8.484919395190   -3.121448864821    0.836752280138
              H     -5.449890869793   -5.372300640837   -1.946685261063
              H     -1.271705306276   -3.501368133306   -2.980337067797
$End
$SCF_Energy
   &GeometryIndex 9
   &Method [&Type "String"] "SCF"
   &totalEnergy [&Type "ArrayOfDoubles", &Dim (1,1)] "Total energy of each state"
                                                         0

0                                     -6.8666791779636435e+02
   &Mult [&Type "ArrayOfIntegers", &Dim (1,1)] "Multiplicity of each state"
                                                         0

0                                                        1
$End
$DFT_Energy
   &GeometryIndex 9
   &nAlphaEl [&Type "Integer"] 54
   &nBetaEl [&Type "Integer"] 54
   &nTotalEl [&Type "Integer"] 108
   &finalEn [&Type "Double"]      -6.8666791779636435e+02  "No Van der Waals correction"
   &eExchange [&Type "Double"]      -9.1323734079240396e+01
   &eCorr [&Type "Double"]      -3.9717509751646061e+00
   &eXC [&Type "Double"]      -9.5295485054405006e+01
   &eCNL [&Type "Double"]       0.0000000000000000e+00
$End
$Solvation_Details
   &GeometryIndex 9
   &Solvent [&Type "String"] "CONDUCTOR"
   &Epsilon [&Type "Double"]      -1.0000000000000000e+00
   &Refrac [&Type "Double"]       1.3300000000000001e+00
   &RSolv [&Type "Double"]       1.3000000000000000e+00
   &SurfaceType [&Type "String"] "GAUSSIAN VDW"
   &CPCMDielEnergy [&Type "Double"]      -7.0924585999999998e-02
   &NPoints [&Type "Integer"] 2392
   &SurfaceArea [&Type "Double"]       8.5043757055499998e+02
$End
$SCF_Timings
   &GeometryIndex 9
   &TOTAL [&Type "Double"]       6.6249009999999995e+00
   &PREP [&Type "Double"]       4.3877200000000000e-01
   &FOCK [&Type "Double"]       5.7277730000000009e+00
   &DENS [&Type "Double"]       2.9380999999999879e-02
   &ETOT [&Type "Double"]       2.0579999999999821e-02
   &POP [&Type "Double"]       1.0000000001397780e-06
   &TRAFO [&Type "Double"]       5.1333000000000295e-02
   &DIIS [&Type "Double"]       1.9069600000000042e-01
   &SOSCF [&Type "Double"]       1.2312599999999962e-01
   &XC [&Type "Double"]       2.2673740000000011e+00
   &FOCKSTART [&Type "Double"]       4.2019999999992064e-03
   &SOLV [&Type "Double"]       2.2964840000000004e+00
   &SOLV_INIT [&Type "Double"]       1.0877500000000001e-01
   &INT_PREP [&Type "Double"]       2.0000000000575113e-06
   &INT_BF [&Type "Double"]       9.4021599999999783e-01
   &INT_DENS [&Type "Double"]       6.8499999999999062e-01
   &INT_DENSIO [&Type "Double"]       1.7303336023000014e+04
   &INT_FUNC [&Type "Double"]       5.2895000000007464e-02
   &INT_POT [&Type "Double"]       4.7821999999999221e-01
   &INT_POTIO [&Type "Double"]       6.4649999999873975e-03
   &INT_SUM [&Type "Double"]       9.9999999998656719e-05
   &SPLITRIJ [&Type "Double"]       1.5857660000000013e+00
$End
$Single_Point_Data
   &GeometryIndex 9
   &FinalEnergy [&Type "Double"]      -6.8666791779636435e+02  "Final single point energy"
   &Converged [&Type "Boolean"] true
$End
$SCF_Nuc_Gradient
   &GeometryIndex 9
   &NAtoms [&Type "Integer"] 27
   &gradNorm [&Type "Double"]       1.6591925663566962e-03
   &grad [&Type "ArrayOfDoubles", &Dim (81,1)] 
                                                         0

0                                     -4.9908333840737069e-04
1                                     -6.6432397018617584e-05
2                                      5.8324494844832651e-04
3                                      5.6965856294408134e-04
4                                      6.4238302175168883e-04
5                                      1.7340322665515204e-04
6                                     -3.2854889239206401e-04
7                                     -4.7329437783752426e-06
8                                     -1.5446748837646355e-04
9                                     -2.4501284006534147e-04
10                                    -7.1791382797891398e-05
11                                    -1.9168087365414779e-05
12                                     2.8736656050486632e-04
13                                    -2.8895751404934373e-04
14                                    -9.3178695829884022e-05
15                                     3.0285581384108945e-05
16                                     1.2426460321926167e-04
17                                     3.4290976734066211e-05
18                                     7.4824054543887446e-05
19                                    -1.3789680104310314e-04
20                                    -4.7996852437346641e-05
21                                    -5.3274035891222142e-05
22                                    -3.3833774448486717e-05
23                                    -2.1494537942012490e-05
24                                     1.3359398737221133e-04
25                                     1.1096042096360838e-05
26                                    -8.5124968956870909e-05
27                                     3.2969294862983736e-05
28                                     2.2889025971785512e-04
29                                     1.1163643298071728e-04
30                                    -1.1231615698894387e-04
31                                    -8.3589770296845639e-05
32                                     1.7194308020109308e-05
33                                     4.6636292313533695e-05
34                                     8.9857732946005582e-05
35                                    -1.3226671540088331e-04
36                                    -1.6832262051423748e-04
37                                    -4.6493529680865717e-04
38                                     9.5759667170127686e-05
39                                     6.5482993635436471e-05
40                                     1.1183544744892623e-04
41                                     9.7243337424730847e-05
42                                     4.6668317321288746e-06
43                                     1.6686945996996667e-04
44                                    -3.1374254240954316e-04
45                                     1.2000725640180440e-04
46                                     8.7012959791951672e-05
47                                    -4.1417571348498217e-05
48                                     5.4221084022122723e-06
49                                    -2.1141577705743961e-04
50                                    -3.2823395615545130e-04
51                                     2.0261095402369011e-04
52                                     3.9086763986121570e-05
53                                    -1.6524081486015037e-04
54                                    -1.2675457363963381e-04
55                                    -2.4386717280276519e-04
56                                    -2.4471930125634367e-05
57                                     4.6641108550913852e-05
58                                    -5.3460086296822952e-06
59                                    -2.2777212670597579e-05
60                                     2.5027381409760494e-05
61                                    -2.3884826050790328e-05
62                                     1.1249911891841533e-04
63                                    -1.8029115300435979e-04
64                                     1.1566238290906718e-04
65                                     1.5721168862926752e-04
66                                     1.8093361991090157e-05
67                                     3.2264442496182655e-07
68                                    -1.2247469090760979e-05
69                                    -2.2827865777258483e-06
70                                     4.1857219028251444e-06
71                                     8.3847774605995407e-06
72                                    -3.0835538394714118e-05
73                                     3.4720430952838105e-05
74                                     3.5476253350310129e-05
75                                     4.1332387543405397e-05
76                                    -1.8514380324745512e-05
77                                    -4.6179301763413661e-05
78                                     4.2103222303720503e-05
79                                    -9.8942525549473165e-07
80                                     8.1663413658634304e-05
   &Method [&Type "String"] "SCF"
   &Level [&Type "String"] "Relaxed density"
   &Mult [&Type "Integer"] 1
   &State [&Type "Integer"] 0
   &Irrep [&Type "Integer"] 0
$End
$Geometry
   &GeometryIndex 10
   &NAtoms [&Type "Integer"] 27
   &NCorelessECP [&Type "Integer"] 0
   &NGhostAtoms [&Type "Integer"] 0
   &CartesianCoordinates [&Type "Coordinates", &Dim(27,4), &Units "Bohr"] 
              N      4.067098742997   -2.272576091029    0.790290923560
              C      4.828477582102   -0.011135284015   -0.771003737116
              C      2.628626518079    0.985462722883   -2.394851586050
              C      0.242520042219    1.517079283707   -0.945846009184
              C     -0.296471888878    3.641793415161    0.482601877106
              N     -2.658960711332    3.418818720932    1.558896894016
              C     -3.724937467178    1.149717108130    0.854730809665
              C     -6.083194692279    0.101144918324    1.445845239396
              C     -6.658529914799   -2.255530081125    0.418294155997
              C     -4.927718128348   -3.535933041380   -1.163927786813
              C     -2.583747383571   -2.491217475554   -1.749745450367
              C     -1.937079151776   -0.111659557153   -0.734962664692
              C      5.947643618292    1.957128543175    1.128285453988
              O      6.589297525671    4.056917319534    0.228756778704
              O      6.157553685404    1.197929404099    3.400770517626
              H      4.759666781378   -3.949534014041    0.110533025221
              H      2.134079077769   -2.416615170673    0.967074722983
              H      4.841807263459   -1.837175128348    2.575333087169
              H      6.376921479931   -0.626125033081   -2.009005417237
              H      3.331737853787    2.704671590859   -3.322482700450
              H      2.240243319114   -0.393648222086   -3.901957706069
              H      0.828563785132    5.327487986476    0.808350890113
              H     -3.491929308391    4.746196480967    2.664690443042
              H     -7.418539338735    1.097552613723    2.661379284936
              H     -8.480353701886   -3.124862438757    0.840251655638
              H     -5.444215646032   -5.375339837190   -1.941287428475
              H     -1.268559904335   -3.500548790228   -2.979359449062
$End
$SCF_Energy
   &GeometryIndex 10
   &Method [&Type "String"] "SCF"
   &totalEnergy [&Type "ArrayOfDoubles", &Dim (1,1)] "Total energy of each state"
                                                         0

0                                     -6.8666792716122700e+02
   &Mult [&Type "ArrayOfIntegers", &Dim (1,1)] "Multiplicity of each state"
                                                         0

0                                                        1
$End
$DFT_Energy
   &GeometryIndex 10
   &nAlphaEl [&Type "Integer"] 54
   &nBetaEl [&Type "Integer"] 54
   &nTotalEl [&Type "Integer"] 108
   &finalEn [&Type "Double"]      -6.8666792716122700e+02  "No Van der Waals correction"
   &eExchange [&Type "Double"]      -9.1323689517611882e+01
   &eCorr [&Type "Double"]      -3.9717160362582220e+00
   &eXC [&Type "Double"]      -9.5295405553870097e+01
   &eCNL [&Type "Double"]       0.0000000000000000e+00
$End
$Solvation_Details
   &GeometryIndex 10
   &Solvent [&Type "String"] "CONDUCTOR"
   &Epsilon [&Type "Double"]      -1.0000000000000000e+00
   &Refrac [&Type "Double"]       1.3300000000000001e+00
   &RSolv [&Type "Double"]       1.3000000000000000e+00
   &SurfaceType [&Type "String"] "GAUSSIAN VDW"
   &CPCMDielEnergy [&Type "Double"]      -7.1061490000000005e-02
   &NPoints [&Type "Integer"] 2396
   &SurfaceArea [&Type "Double"]       8.5046158007099996e+02
$End
$SCF_Timings
   &GeometryIndex 10
   &TOTAL [&Type "Double"]       5.5991830000000000e+00
   &PREP [&Type "Double"]       4.3539699999999998e-01
   &FOCK [&Type "Double"]       4.7930839999999986e+00
   &DENS [&Type "Double"]       2.6546999999999876e-02
   &ETOT [&Type "Double"]       1.7662000000001399e-02
   &POP [&Type "Double"]       1.0000000001397780e-06
   &TRAFO [&Type "Double"]       5.2462999999999926e-02
   &DIIS [&Type "Double"]       8.7419999999999831e-02
   &SOSCF [&Type "Double"]       1.5600800000000037e-01
   &XC [&Type "Double"]       1.7632929999999996e+00
   &FOCKSTART [&Type "Double"]       4.7959999999989122e-03
   &SOLV [&Type "Double"]       2.0713270000000001e+00
   &SOLV_INIT [&Type "Double"]       1.0789399999999999e-01
   &INT_PREP [&Type "Double"]       2.0000000001685336e-06
   &INT_BF [&Type "Double"]       5.5821300000000862e-01
   &INT_DENS [&Type "Double"]       6.1842399999999242e-01
   &INT_DENSIO [&Type "Double"]       1.3666949019000018e+04
   &INT_FUNC [&Type "Double"]       4.7167999999967014e-02
   &INT_POT [&Type "Double"]       4.3306399999999290e-01
   &INT_POTIO [&Type "Double"]       5.8780000000135946e-03
   &INT_SUM [&Type "Double"]       8.5000000000445830e-05
   &SPLITRIJ [&Type "Double"]       1.3682540000000007e+00
$End
$Single_Point_Data
   &GeometryIndex 10
   &FinalEnergy [&Type "Double"]      -6.8666792716122700e+02  "Final single point energy"
   &Converged [&Type "Boolean"] true
$End
$SCF_Nuc_Gradient
   &GeometryIndex 10
   &NAtoms [&Type "Integer"] 27
   &gradNorm [&Type "Double"]       1.2482872862240317e-03
   &grad [&Type "ArrayOfDoubles", &Dim (81,1)] 
                                                         0

0                                     -4.5314347782303508e-04
1                                      7.5966706469809964e-07
2                                      4.5716968390474566e-04
3                                      3.9265121853529006e-04
4                                      2.6567927332800563e-04
5                                     -1.6580531035599588e-05
6                                     -1.2229452745241487e-04
7                                     -4.8486109186091086e-06
8                                     -1.4662374955656809e-04
9                                     -2.3277382849875433e-04
10                                     1.0703594318716130e-05
11                                     1.2875800276929204e-04
12                                     2.6125184411066689e-04
13                                    -1.9047826576941169e-04
14                                    -1.4315234200805579e-04
15                                    -1.3993256334115731e-05
16                                     2.0948355614761396e-05
17                                     6.6366905212597582e-05
18                                     8.4438243917434042e-05
19                                    -1.4912092283400711e-05
20                                    -1.6151278148774685e-05
21                                    -4.3823396221148465e-05
22                                    -5.8727880364021871e-05
23                                    -2.3152387523254180e-05
24                                     7.3240024385981973e-05
25                                    -8.7592190809967271e-06
26                                    -3.9900392308720172e-05
27                                     3.1132953859882911e-05
28                                     1.6818283240995022e-04
29                                     8.6356509726361920e-05
30                                    -7.4534279856869681e-05
31                                    -9.2119106327863496e-05
32                                    -1.6445435111357015e-07
33                                    -1.7595054140496797e-05
34                                     9.8491628631163213e-05
35                                    -1.4790291170544236e-04
36                                    -1.2701647829110700e-04
37                                    -2.2884466419659244e-04
38                                     3.4869648496276429e-04
39                                     6.7823953690815397e-05
40                                     4.7970955511511537e-05
41                                     1.0829315984516724e-05
42                                    -9.3745414791231857e-06
43                                     1.4864003939994708e-04
44                                    -3.7089582193972070e-04
45                                     1.3335376365048932e-04
46                                     8.0968613323809113e-05
47                                    -1.2493667464029065e-05
48                                     2.2610694418365856e-05
49                                    -1.0134721837199139e-04
50                                    -2.4345582032723762e-04
51                                     1.5207399153250971e-04
52                                    -9.5467773367200262e-05
53                                    -1.1577692264625253e-04
54                                    -5.9292976188268093e-05
55                                    -9.0494641405479935e-05
56                                    -1.8127667200240095e-05
57                                    -1.4644923517652723e-06
58                                    -3.2651104579727768e-05
59                                    -3.8799415369587201e-05
60                                     1.4924103035671068e-05
61                                    -3.7355866851211672e-05
62                                     1.1377664091931708e-04
63                                    -1.6565370043061995e-04
64                                     5.6646076169558548e-05
65                                     1.1776545248981453e-04
66                                     1.9952211581795651e-05
67                                    -5.3041434508113716e-07
68                                    -2.1248886298810138e-05
69                                     1.5986004828093606e-05
70                                    -6.6556402735927674e-06
71                                    -1.2662290420557484e-05
72                                     7.5760660964412779e-07
73                                     3.9783470973647501e-05
74                                     6.8371727921724863e-06
75                                     3.6766395951233748e-05
76                                     7.7090607184700233e-06
77                                    -1.7894304050327953e-05
78                                     1.3996999808744970e-05
79                                     1.6708928340427795e-05
80                                     4.8426675498954366e-05
   &Method [&Type "String"] "SCF"
   &Level [&Type "String"] "Relaxed density"
   &Mult [&Type "Integer"] 1
   &State [&Type "Integer"] 0
   &Irrep [&Type "Integer"] 0
$End
$Geometry
   &GeometryIndex 11
   &NAtoms [&Type "Integer"] 27
   &NCorelessECP [&Type "Integer"] 0
   &NGhostAtoms [&Type "Integer"] 0
   &CartesianCoordinates [&Type "Coordinates", &Dim(27,4), &Units "Bohr"] 
              N      4.055858656952   -2.274656948377    0.785509110732
              C      4.825136332034   -0.013792677925   -0.769854334509
              C      2.630843302308    0.992925138163   -2.393467287521
              C      0.242803381345    1.523729495953   -0.946949340899
              C     -0.302353285498    3.651400591120    0.474848403961
              N     -2.664840629465    3.425613124967    1.550848408124
              C     -3.725314323245    1.152234101602    0.852322419016
              C     -6.081094963663    0.099008236747    1.445369649081
              C     -6.650806193396   -2.261472212693    0.423016021487
              C     -4.917158915353   -3.541077874579   -1.157121809663
              C     -2.575363640536   -2.491824154892   -1.744648111925
              C     -1.933850687084   -0.109295116936   -0.733363761667
              C      5.951254451180    1.948244348033    1.134175260931
              O      6.586935802904    4.051852595526    0.239446403433
              O      6.173617290832    1.178638533729    3.402073100614
              H      4.713365492688   -3.958141046289    0.087083251262
              H      2.122991159350   -2.389081751062    0.988592855998
              H      4.853392935046   -1.863282430112    2.565201489068
              H      6.374966495183   -0.628153420457   -2.006574813335
              H      3.337795596455    2.714282168737   -3.313889427939
              H      2.241917013882   -0.379301766788   -3.907045503653
              H      0.820648610165    5.339456162730    0.795165915920
              H     -3.501767098906    4.754304557819    2.652144593130
              H     -7.419333313684    1.095144444998    2.657963395175
              H     -8.470506032915   -3.134507573335    0.846338249731
              H     -5.430159984156   -5.382863373828   -1.931030627954
              H     -1.258977414627   -3.499383209542   -2.974497684951
$End
$SCF_Energy
   &GeometryIndex 11
   &Method [&Type "String"] "SCF"
   &totalEnergy [&Type "ArrayOfDoubles", &Dim (1,1)] "Total energy of each state"
                                                         0

0                                     -6.8666793510081982e+02
   &Mult [&Type "ArrayOfIntegers", &Dim (1,1)] "Multiplicity of each state"
                                                         0

0                                                        1
$End
$DFT_Energy
   &GeometryIndex 11
   &nAlphaEl [&Type "Integer"] 54
   &nBetaEl [&Type "Integer"] 54
   &nTotalEl [&Type "Integer"] 108
   &finalEn [&Type "Double"]      -6.8666793510081982e+02  "No Van der Waals correction"
   &eExchange [&Type "Double"]      -9.1323156623105689e+01
   &eCorr [&Type "Double"]      -3.9716735075659790e+00
   &eXC [&Type "Double"]      -9.5294830130671670e+01
   &eCNL [&Type "Double"]       0.0000000000000000e+00
$End
$Solvation_Details
   &GeometryIndex 11
   &Solvent [&Type "String"] "CONDUCTOR"
   &Epsilon [&Type "Double"]      -1.0000000000000000e+00
   &Refrac [&Type "Double"]       1.3300000000000001e+00
   &RSolv [&Type "Double"]       1.3000000000000000e+00
   &SurfaceType [&Type "String"] "GAUSSIAN VDW"
   &CPCMDielEnergy [&Type "Double"]      -7.1124182999999994e-02
   &NPoints [&Type "Integer"] 2393
   &SurfaceArea [&Type "Double"]       8.5051853790799998e+02
$End
$SCF_Timings
   &GeometryIndex 11
   &TOTAL [&Type "Double"]       5.1279820000000003e+00
   &PREP [&Type "Double"]       4.5772600000000002e-01
   &FOCK [&Type "Double"]       4.3129450000000009e+00
   &DENS [&Type "Double"]       2.4902999999999231e-02
   &ETOT [&Type "Double"]       1.5902999999999556e-02
   &POP [&Type "Double"]       1.0000000001397780e-06
   &TRAFO [&Type "Double"]       5.3013999999999672e-02
   &DIIS [&Type "Double"]       1.2072400000000005e-01
   &SOSCF [&Type "Double"]       1.2424599999999897e-01
   &XC [&Type "Double"]       1.6055009999999990e+00
   &FOCKSTART [&Type "Double"]       3.9669999999996652e-03
   &SOLV [&Type "Double"]       1.8670369999999989e+00
   &SOLV_INIT [&Type "Double"]       1.0839099999999996e-01
   &INT_PREP [&Type "Double"]       2.0000000000575113e-06
   &INT_BF [&Type "Double"]       4.9627399999999777e-01
   &INT_DENS [&Type "Double"]       5.4704399999995645e-01
   &INT_DENSIO [&Type "Double"]       1.1409763865000004e+04
   &INT_FUNC [&Type "Double"]       4.1935000000013711e-02
   &INT_POT [&Type "Double"]       4.2441500000000676e-01
   &INT_POTIO [&Type "Double"]       5.2360000000049034e-03
   &INT_SUM [&Type "Double"]       7.7999999999134317e-05
   &SPLITRIJ [&Type "Double"]       1.2687230000000000e+00
$End
$Single_Point_Data
   &GeometryIndex 11
   &FinalEnergy [&Type "Double"]      -6.8666793510081982e+02  "Final single point energy"
   &Converged [&Type "Boolean"] true
$End
$SCF_Nuc_Gradient
   &GeometryIndex 11
   &NAtoms [&Type "Integer"] 27
   &gradNorm [&Type "Double"]       7.7136158083919296e-04
   &grad [&Type "ArrayOfDoubles", &Dim (81,1)] 
                                                         0

0                                     -2.7077509233438407e-04
1                                      8.4403632949182905e-05
2                                      9.9210213371418807e-05
3                                      9.0272018115707467e-05
4                                     -2.0477055060604855e-04
5                                     -2.3730140278526227e-04
6                                      1.2173043552223136e-04
7                                      8.0046609334995938e-06
8                                      4.4684833092464502e-05
9                                     -1.1429766673049153e-04
10                                     8.6156693526620457e-05
11                                     1.6792799581704949e-04
12                                     1.4579045203964814e-04
13                                    -1.1715959077327354e-05
14                                    -1.0859482161148356e-04
15                                    -6.0386237650958755e-05
16                                    -9.1651576126923831e-05
17                                     7.0599133352337168e-05
18                                     3.3949937932831360e-05
19                                     1.1091807144087253e-04
20                                     1.5820112767819978e-05
21                                    -2.6121261311935241e-06
22                                    -4.9767965961142711e-05
23                                    -6.5277143798444376e-06
24                                    -3.1244375873493938e-05
25                                    -1.8350258493187235e-05
26                                     1.9842307977856329e-05
27                                     6.0373840660220106e-06
28                                     1.6238758174912191e-05
29                                     5.8352464698185544e-06
30                                     2.3119355008219267e-05
31                                    -4.8284990490585385e-05
32                                    -9.7466032406880176e-07
33                                    -5.8208165143467175e-05
34                                     5.3160402375028275e-05
35                                    -9.9449721427347700e-05
36                                     1.5908041887974234e-05
37                                     4.6646351230181238e-05
38                                     3.6482814155304986e-04
39                                     2.1048253812268151e-05
40                                    -1.3174707230955568e-05
41                                    -1.0142749148836852e-04
42                                    -1.9050046040994424e-05
43                                     4.8854084764231309e-05
44                                    -1.4582297691644389e-04
45                                     1.1036090942149850e-04
46                                     3.6056981005005984e-05
47                                     2.7434349449529868e-05
48                                     2.4308762560168451e-05
49                                     1.2269349948437931e-05
50                                    -5.4653442174680111e-05
51                                     2.3902921199562936e-05
52                                    -1.4593511374275331e-04
53                                    -1.2381904550672757e-05
54                                     1.9685952880658247e-05
55                                     1.0592619098799549e-04
56                                    -4.8710969516654878e-06
57                                    -4.4155861113085500e-05
58                                    -5.0536542696750716e-05
59                                    -7.6582781069377964e-05
60                                    -2.5968799181430146e-06
61                                    -3.2855486230507283e-05
62                                     5.0860434809816418e-05
63                                    -6.9754414952865685e-05
64                                    -2.0894957989321152e-06
65                                     3.7037038412135687e-05
66                                     9.0544563401632333e-06
67                                     1.1204784281081820e-05
68                                    -1.7929866367076899e-05
69                                     1.2232103809186115e-05
70                                    -2.2330740805562820e-06
71                                    -1.7288234041903765e-05
72                                     1.4741549352309709e-05
73                                     1.6452173361231753e-05
74                                    -1.8214919906839192e-05
75                                     1.1059812814244842e-05
76                                     1.2984512810083199e-05
77                                     1.0490050402994430e-05
78                                    -1.0121477965752135e-05
79                                     2.2089076164428373e-05
80                                    -1.2548825750914074e-05
   &Method [&Type "String"] "SCF"
   &Level [&Type "String"] "Relaxed density"
   &Mult [&Type "Integer"] 1
   &State [&Type "Integer"] 0
   &Irrep [&Type "Integer"] 0
$End
$Geometry
   &GeometryIndex 12
   &NAtoms [&Type "Integer"] 27
   &NCorelessECP [&Type "Integer"] 0
   &NGhostAtoms [&Type "Integer"] 0
   &CartesianCoordinates [&Type "Coordinates", &Dim(27,4), &Units "Bohr"] 
              N      4.049774056583   -2.274377290811    0.785268521733
              C      4.823095127787   -0.015441236075   -0.769725705300
              C      2.631364415003    0.998147942937   -2.392169284027
              C      0.242436188016    1.526763196537   -0.946891595977
              C     -0.306060537906    3.655471657860    0.472222030311
              N     -2.668752294317    3.428312610264    1.547215498426
              C     -3.726134886793    1.152608016894    0.851246935718
              C     -6.081077653876    0.097548255717    1.444255200727
              C     -6.647918666429   -2.264554070611    0.423884445400
              C     -4.912384522508   -3.543907451610   -1.154529636057
              C     -2.571215346062   -2.492788658641   -1.741718937899
              C     -1.932304465399   -0.108950040393   -0.731844570963
              C      5.956941442499    1.942670693587    1.133984235504
              O      6.590380334262    4.047689012127    0.241164789152
              O      6.187629005458    1.168282335388    3.399688796735
              H      4.689555008918   -3.961706761592    0.079618561268
              H      2.117354144098   -2.374579945223    1.002020572188
              H      4.859587122078   -1.871761181721    2.561211438916
              H      6.371084739704   -0.633265645850   -2.007147114429
              H      3.340930552445    2.722093301368   -3.305754847944
              H      2.242815423396   -0.368039810995   -3.911456991454
              H      0.815790930608    5.344853890025    0.790001567227
              H     -3.507891569414    4.757348803275    2.646450079068
              H     -7.421046844732    1.093587912737    2.655080077176
              H     -8.466817250065   -3.139284576511    0.847327245924
              H     -5.423591205880   -5.386717203977   -1.927224865782
              H     -1.253543209681   -3.500003811400   -2.970520621996
$End
$SCF_Energy
   &GeometryIndex 12
   &Method [&Type "String"] "SCF"
   &totalEnergy [&Type "ArrayOfDoubles", &Dim (1,1)] "Total energy of each state"
                                                         0

0                                     -6.8666793749617455e+02
   &Mult [&Type "ArrayOfIntegers", &Dim (1,1)] "Multiplicity of each state"
                                                         0

0                                                        1
$End
$DFT_Energy
   &GeometryIndex 12
   &nAlphaEl [&Type "Integer"] 54
   &nBetaEl [&Type "Integer"] 54
   &nTotalEl [&Type "Integer"] 108
   &finalEn [&Type "Double"]      -6.8666793749617455e+02  "No Van der Waals correction"
   &eExchange [&Type "Double"]      -9.1323008299675379e+01
   &eCorr [&Type "Double"]      -3.9716695441178214e+00
   &eXC [&Type "Double"]      -9.5294677843793195e+01
   &eCNL [&Type "Double"]       0.0000000000000000e+00
$End
$Solvation_Details
   &GeometryIndex 12
   &Solvent [&Type "String"] "CONDUCTOR"
   &Epsilon [&Type "Double"]      -1.0000000000000000e+00
   &Refrac [&Type "Double"]       1.3300000000000001e+00
   &RSolv [&Type "Double"]       1.3000000000000000e+00
   &SurfaceType [&Type "String"] "GAUSSIAN VDW"
   &CPCMDielEnergy [&Type "Double"]      -7.1114399999999994e-02
   &NPoints [&Type "Integer"] 2395
   &SurfaceArea [&Type "Double"]       8.5057881899699998e+02
$End
$SCF_Timings
   &GeometryIndex 12
   &TOTAL [&Type "Double"]       5.5136980000000007e+00
   &PREP [&Type "Double"]       4.6251700000000001e-01
   &FOCK [&Type "Double"]       4.7581189999999998e+00
   &DENS [&Type "Double"]       2.4593000000000309e-02
   &ETOT [&Type "Double"]       1.6272000000000508e-02
   &TRAFO [&Type "Double"]       2.6199000000000083e-02
   &DIIS [&Type "Double"]       3.2540999999999931e-02
   &SOSCF [&Type "Double"]       1.6840499999999947e-01
   &XC [&Type "Double"]       1.7673370000000004e+00
   &FOCKSTART [&Type "Double"]       4.2250000000003674e-03
   &SOLV [&Type "Double"]       2.0615870000000003e+00
   &SOLV_INIT [&Type "Double"]       1.1264400000000002e-01
   &INT_BF [&Type "Double"]       5.3761999999996113e-01
   &INT_DENS [&Type "Double"]       5.8551900000002866e-01
   &INT_DENSIO [&Type "Double"]       1.2153798178000012e+04
   &INT_FUNC [&Type "Double"]       4.6155000000011270e-02
   &INT_POT [&Type "Double"]       4.2508800000001212e-01
   &INT_POTIO [&Type "Double"]       5.5850000000036149e-03
   &INT_SUM [&Type "Double"]       9.2999999999787697e-05
   &SPLITRIJ [&Type "Double"]       1.3378029999999987e+00
$End
$Single_Point_Data
   &GeometryIndex 12
   &FinalEnergy [&Type "Double"]      -6.8666793749617455e+02  "Final single point energy"
   &Converged [&Type "Boolean"] true
$End
$SCF_Nuc_Gradient
   &GeometryIndex 12
   &NAtoms [&Type "Integer"] 27
   &gradNorm [&Type "Double"]       5.9691614470644156e-04
   &grad [&Type "ArrayOfDoubles", &Dim (81,1)] 
                                                         0

0                                     -9.9617512836003459e-05
1                                      1.0577459890058830e-04
2                                     -5.3088995781914571e-05
3                                     -2.7430660648937195e-05
4                                     -2.4599114995693325e-04
5                                     -2.1902743356613796e-04
6                                      1.3154502539347275e-04
7                                      3.0503485089095062e-05
8                                      1.5568210570241110e-04
9                                     -2.1896627445033628e-05
10                                     9.0879613392924217e-05
11                                     7.4308402247697750e-05
12                                     5.7658984433512500e-05
13                                     3.1627643030167959e-05
14                                    -3.1072827057995620e-05
15                                    -4.9603627928372987e-05
16                                    -8.9971227050343258e-05
17                                     4.0689555525889182e-05
18                                    -9.0840933939192493e-06
19                                     1.0538436724633104e-04
20                                     1.2522382289193411e-05
21                                     1.8502488311769160e-05
22                                    -2.6407674473261956e-05
23                                     4.2973882057473906e-07
24                                    -4.8205455194387774e-05
25                                    -4.2852329181118035e-06
26                                     2.9254447071309377e-05
27                                    -7.2926716895847007e-06
28                                    -4.4291432248648021e-05
29                                    -2.8276034300087332e-05
30                                     4.6631469873997453e-05
31                                    -6.0510626998504929e-06
32                                    -9.9010419351685391e-07
33                                    -3.7164205802932542e-05
34                                    -2.8239168461132412e-06
35                                    -3.6336112024136806e-05
36                                     5.0325040485814723e-05
37                                     6.9367996320578856e-05
38                                     2.2560026353265128e-04
39                                    -1.4916051447183554e-06
40                                    -2.4708151879933998e-05
41                                    -1.0430057398289061e-04
42                                    -1.0936841127885677e-05
43                                     9.5576362658875147e-06
44                                    -1.3641758188114722e-05
45                                     6.7346746905444857e-05
46                                     6.0048078937176286e-06
47                                     4.2487098316069602e-05
48                                     1.7648577977761454e-05
49                                     2.5087251462863579e-05
50                                     3.8087829525719832e-05
51                                    -4.6616405921635039e-05
52                                    -1.2223097877579574e-04
53                                     9.5820554718278189e-06
54                                     3.1898726537379560e-05
55                                     1.2164812068576197e-04
56                                     1.6272534979063988e-06
57                                    -4.2085598449061331e-05
58                                    -4.3739481525566920e-05
59                                    -8.4498034932210678e-05
60                                    -8.2346233147884314e-06
61                                    -1.5921675057961257e-05
62                                    -4.1027237968963015e-06
63                                    -8.7173348331665013e-06
64                                    -1.0165997134922722e-05
65                                     3.1973105478720620e-06
66                                     8.1422645969650431e-07
67                                     1.8065186826829449e-05
68                                    -1.6114440701285593e-05
69                                     1.5282914414879029e-06
70                                     3.7107063552673306e-06
71                                    -1.0347271238058016e-05
72                                     9.5365608454244487e-06
73                                    -7.6358156582282191e-07
74                                    -1.6987266005243323e-05
75                                    -4.3247202640233316e-06
76                                     6.8322671486894734e-06
77                                     1.2301893015766521e-05
78                                    -1.0734145790069344e-05
79                                     1.2907885450746948e-05
80                                    -2.6986760396854534e-05
   &Method [&Type "String"] "SCF"
   &Level [&Type "String"] "Relaxed density"
   &Mult [&Type "Integer"] 1
   &State [&Type "Integer"] 0
   &Irrep [&Type "Integer"] 0
$End
$Geometry
   &GeometryIndex 13
   &NAtoms [&Type "Integer"] 27
   &NCorelessECP [&Type "Integer"] 0
   &NGhostAtoms [&Type "Integer"] 0
   &CartesianCoordinates [&Type "Coordinates", &Dim(27,4), &Units "Bohr"] 
              N      4.045682395830   -2.273570671384    0.785982198366
              C      4.821614630788   -0.016337326797   -0.769711198720
              C      2.631570805046    1.001905815638   -2.391650076559
              C      0.242026188188    1.528172465857   -0.947241071225
              C     -0.308403258969    3.657369836436    0.470503514881
              N     -2.670984830822    3.429409736585    1.545078055762
              C     -3.726522323732    1.152261092537    0.850639767159
              C     -6.081175774404    0.096569404050    1.443436419366
              C     -6.646580072730   -2.266259364876    0.423960865458
              C     -4.909919105204   -3.545675431663   -1.153145837906
              C     -2.568923665469   -2.493885197175   -1.739857866699
              C     -1.931377890860   -0.109271401717   -0.731019596057
              C      5.961267495777    1.939034572552    1.132910628722
              O      6.592861555251    4.045322111946    0.241984839898
              O      6.198208587089    1.161311492825    3.397064563947
              H      4.675249179741   -3.963305447920    0.076883716710
              H      2.113569649121   -2.365889482554    1.010172808327
              H      4.863048057299   -1.874264488141    2.559364181106
              H      6.367524260035   -0.638270210272   -2.007810551043
              H      3.343244328506    2.728417625097   -3.298847844642
              H      2.244088115942   -0.359364457634   -3.915618272367
              H      0.812730405582    5.347590395778    0.786750809169
              H     -3.511198521799    4.758322140790    2.643648880752
              H     -7.422029344786    1.092618868235    2.653314743359
              H     -8.465180980222   -3.141721292561    0.847376794083
              H     -5.420178551620   -5.389018109312   -1.925264502728
              H     -1.250211295783   -3.501472733013   -2.967250145475
$End
$SCF_Energy
   &GeometryIndex 13
   &Method [&Type "String"] "SCF"
   &totalEnergy [&Type "ArrayOfDoubles", &Dim (1,1)] "Total energy of each state"
                                                         0

0                                     -6.8666793874104599e+02
   &Mult [&Type "ArrayOfIntegers", &Dim (1,1)] "Multiplicity of each state"
                                                         0

0                                                        1
$End
$DFT_Energy
   &GeometryIndex 13
   &nAlphaEl [&Type "Integer"] 54
   &nBetaEl [&Type "Integer"] 54
   &nTotalEl [&Type "Integer"] 108
   &finalEn [&Type "Double"]      -6.8666793874104599e+02  "No Van der Waals correction"
   &eExchange [&Type "Double"]      -9.1323072415370646e+01
   &eCorr [&Type "Double"]      -3.9716885534457460e+00
   &eXC [&Type "Double"]      -9.5294760968816391e+01
   &eCNL [&Type "Double"]       0.0000000000000000e+00
$End
$Solvation_Details
   &GeometryIndex 13
   &Solvent [&Type "String"] "CONDUCTOR"
   &Epsilon [&Type "Double"]      -1.0000000000000000e+00
   &Refrac [&Type "Double"]       1.3300000000000001e+00
   &RSolv [&Type "Double"]       1.3000000000000000e+00
   &SurfaceType [&Type "String"] "GAUSSIAN VDW"
   &CPCMDielEnergy [&Type "Double"]      -7.1074479999999995e-02
   &NPoints [&Type "Integer"] 2394
   &SurfaceArea [&Type "Double"]       8.5058538472400005e+02
$End
$SCF_Timings
   &GeometryIndex 13
   &TOTAL [&Type "Double"]       4.1105809999999998e+00
   &PREP [&Type "Double"]       4.4622200000000001e-01
   &FOCK [&Type "Double"]       3.3705259999999995e+00
   &DENS [&Type "Double"]       1.7450999999999439e-02
   &ETOT [&Type "Double"]       1.2635000000000618e-02
   &TRAFO [&Type "Double"]       2.7698999999999252e-02
   &DIIS [&Type "Double"]       3.0672000000000033e-02
   &SOSCF [&Type "Double"]       1.2135500000000010e-01
   &XC [&Type "Double"]       1.2879360000000015e+00
   &FOCKSTART [&Type "Double"]       3.4699999999997511e-03
   &SOLV [&Type "Double"]       1.5519029999999998e+00
   &SOLV_INIT [&Type "Double"]       1.0869500000000004e-01
   &INT_PREP [&Type "Double"]       2.0000000002795559e-06
   &INT_BF [&Type "Double"]       3.8993499999998615e-01
   &INT_DENS [&Type "Double"]       4.3424300000000593e-01
   &INT_DENSIO [&Type "Double"]       7.3173384739999983e+03
   &INT_FUNC [&Type "Double"]       3.2623000000012059e-02
   &INT_POT [&Type "Double"]       3.4163600000000349e-01
   &INT_POTIO [&Type "Double"]       4.0369999999946282e-03
   &INT_SUM [&Type "Double"]       6.1000000001087962e-05
   &SPLITRIJ [&Type "Double"]       9.8739100000000013e-01
$End
$Single_Point_Data
   &GeometryIndex 13
   &FinalEnergy [&Type "Double"]      -6.8666793874104599e+02  "Final single point energy"
   &Converged [&Type "Boolean"] true
$End
$SCF_Nuc_Gradient
   &GeometryIndex 13
   &NAtoms [&Type "Integer"] 27
   &gradNorm [&Type "Double"]       3.8625976046518054e-04
   &grad [&Type "ArrayOfDoubles", &Dim (81,1)] 
                                                         0

0                                      2.8079299961261857e-05
1                                      9.3576316575114810e-05
2                                     -1.1965994887030941e-04
3                                     -5.8501625223041608e-05
4                                     -1.3899601986269369e-04
5                                     -9.2965061299786836e-05
6                                      5.5365097603822955e-05
7                                      2.8233114212072863e-05
8                                      1.7095402824920773e-04
9                                      4.6014676218772855e-05
10                                     5.8116504113947943e-05
11                                    -1.3457662855239153e-05
12                                    -2.5139556064839984e-05
13                                     2.6679247942673710e-05
14                                     2.0331096459262363e-05
15                                    -9.7273822241110419e-06
16                                    -5.1819906237961233e-05
17                                     1.6109202443166659e-05
18                                    -2.6633222638905874e-05
19                                     5.2784456807159104e-05
20                                     2.2453355070584449e-07
21                                     2.2294145633271027e-05
22                                    -6.9124751790666447e-06
23                                     1.5994830438086430e-06
24                                    -2.4954381885226775e-05
25                                     1.6412996381346507e-05
26                                     1.4741788674113077e-05
27                                    -7.4615993592555335e-06
28                                    -4.6664705270343942e-05
29                                    -3.2075473861714957e-05
30                                     3.2996195810290271e-05
31                                     2.3238464673230527e-05
32                                     3.3487122556860940e-06
33                                    -1.3924316131834046e-05
34                                    -3.6182922623626858e-05
35                                     1.9852934560232911e-06
36                                     4.7940624209588320e-05
37                                     2.0168293337227000e-05
38                                     5.8397672022052118e-05
39                                    -1.1558719164196131e-05
40                                    -1.7292549077278785e-05
41                                    -5.0829256114055810e-05
42                                    -3.3605538725675968e-06
43                                     7.8643297941466406e-06
44                                     4.3877664286789964e-05
45                                     1.9612853495517765e-05
46                                    -1.7293085938025615e-05
47                                     3.7871389415203294e-05
48                                     4.9175350465835432e-06
49                                     6.3808612302852785e-06
50                                     6.3120874542787857e-05
51                                    -6.7058662477614481e-05
52                                    -6.6956947966202891e-05
53                                     1.7146209878859953e-05
54                                     1.6606332881417482e-05
55                                     6.3816670402391112e-05
56                                     2.4908821197383232e-06
57                                    -1.8166854864310107e-05
58                                    -2.4354620715603568e-05
59                                    -6.1822045140795838e-05
60                                    -8.6689733737751150e-06
61                                     4.1785997618535436e-06
62                                    -3.3143822124484176e-05
63                                     2.5152659211523983e-05
64                                    -8.3501113569829470e-06
65                                    -1.0810516462864811e-05
66                                    -2.1686011861905483e-06
67                                     1.5469095093926383e-05
68                                    -1.2595664491748745e-05
69                                    -5.8656915273387275e-06
70                                     5.2218382998515424e-06
71                                    -2.9709427856123086e-06
72                                     6.3137737516937714e-07
73                                    -9.3748693396739601e-06
74                                    -8.4848474341450014e-06
75                                    -1.2032271243842636e-05
76                                     1.2964681185652013e-06
77                                     4.6225722971074065e-06
78                                    -4.3883849110241957e-06
79                                     7.6095713099234158e-07
80                                    -1.8006159925194713e-05
   &Method [&Type "String"] "SCF"
   &Level [&Type "String"] "Relaxed density"
   &Mult [&Type "Integer"] 1
   &State [&Type "Integer"] 0
   &Irrep [&Type "Integer"] 0
$End
$Geometry
   &GeometryIndex 14
   &NAtoms [&Type "Integer"] 27
   &NCorelessECP [&Type "Integer"] 0
   &NGhostAtoms [&Type "Integer"] 0
   &CartesianCoordinates [&Type "Coordinates", &Dim(27,4), &Units "Bohr"] 
              N      4.044092401037   -2.273331192785    0.786042851273
              C      4.820977907601   -0.016297835329   -0.769542570273
              C      2.631771037892    1.003355814038   -2.391988536451
              C      0.241838619249    1.528453320384   -0.948023828945
              C     -0.309105210338    3.657903667137    0.469183754709
              N     -2.671514745416    3.429823439836    1.543822836023
              C     -3.726431361095    1.152063995536    0.850242390911
              C     -6.081046072091    0.096420031722    1.443174056049
              C     -6.646101486434   -2.266710084039    0.424271198466
              C     -4.909125097283   -3.546390920623   -1.152191991523
              C     -2.568222093148   -2.494588918415   -1.739040953735
              C     -1.931039371764   -0.109532562059   -0.731065266460
              C      5.962017851883    1.937761033974    1.133190930920
              O      6.591625776753    4.045476104929    0.244308083524
              O      6.202504996240    1.157500929907    3.396164293892
              H      4.669767837284   -3.963631824147    0.074894858135
              H      2.112087630185   -2.362825522774    1.012665690549
              H      4.864833980958   -1.875355829967    2.558289331012
              H      6.366325230784   -0.640023381962   -2.007542384331
              H      3.344413835706    2.731212096632   -3.295900560983
              H      2.245321863822   -0.356010138989   -3.917818136648
              H      0.811703129508    5.348471567030    0.784805657740
              H     -3.511854607355    4.758563140415    2.642498456814
              H     -7.422028400754    1.092631468154    2.652771481037
              H     -8.464668407454   -3.142201433033    0.847821363191
              H     -5.419059112792   -5.390022775313   -1.923862327350
              H     -1.249086095183   -3.502714246949   -2.965514853901
$End
$SCF_Mulliken_Population_Analysis
   &GeometryIndex 14
   &NAtoms [&Type "Integer"] 27
   &ATNO [&Type "ArrayOfIntegers", &Dim (27,1)] 
                                                         0

0                                                        7
1                                                        6
2                                                        6
3                                                        6
4                                                        6
5                                                        7
6                                                        6
7                                                        6
8                                                        6
9                                                        6
10                                                       6
11                                                       6
12                                                       6
13                                                       8
14                                                       8
15                                                       1
16                                                       1
17                                                       1
18                                                       1
19                                                       1
20                                                       1
21                                                       1
22                                                       1
23                                                       1
24                                                       1
25                                                       1
26                                                       1
   &AtomicCharges [&Type "ArrayOfDoubles", &Dim (27,1)] 
                                                         0

0                                     -2.3078855192788073e-01
1                                     -2.8343091038966151e-02
2                                     -2.5030285784579043e-01
3                                      5.3855047284626423e-02
4                                     -8.4481311717882868e-02
5                                     -2.9075448235900048e-01
6                                      1.5197687541367699e-01
7                                     -2.3677612466963183e-01
8                                     -1.3061991736444867e-01
9                                     -1.0360319247728178e-01
10                                    -3.0435211983324528e-01
11                                     1.0183433323019564e-01
12                                     4.8651528299054370e-01
13                                    -6.4177864304267196e-01
14                                    -6.4794154726149245e-01
15                                     3.0689993666355131e-01
16                                     2.9063488124943526e-01
17                                     2.8314016130631225e-01
18                                     1.5377821654853752e-01
19                                     1.3634216262267107e-01
20                                     1.5519042889235890e-01
21                                     1.3739261984682050e-01
22                                     2.2718091679101871e-01
23                                     1.1701657308838553e-01
24                                     1.1676953261563416e-01
25                                     1.1454028483890477e-01
26                                     1.1667458615532056e-01
   &Method [&Type "String"] "SCF"
   &Level [&Type "String"] "Relaxed density"
   &Mult [&Type "Integer"] 1
   &State [&Type "Integer"] -1
   &Irrep [&Type "Integer"] 0
$End
$SCF_Loewdin_Population_Analysis
   &GeometryIndex 14
   &NAtoms [&Type "Integer"] 27
   &ATNO [&Type "ArrayOfIntegers", &Dim (27,1)] 
                                                         0

0                                                        7
1                                                        6
2                                                        6
3                                                        6
4                                                        6
5                                                        7
6                                                        6
7                                                        6
8                                                        6
9                                                        6
10                                                       6
11                                                       6
12                                                       6
13                                                       8
14                                                       8
15                                                       1
16                                                       1
17                                                       1
18                                                       1
19                                                       1
20                                                       1
21                                                       1
22                                                       1
23                                                       1
24                                                       1
25                                                       1
26                                                       1
   &AtomicCharges [&Type "ArrayOfDoubles", &Dim (27,1)] 
                                                         0

0                                      1.6405235596383072e-01
1                                     -1.8246096604349393e-01
2                                     -1.8943775687724518e-01
3                                     -1.6316294719895907e-01
4                                     -1.2271265995116654e-01
5                                      1.4503401680437644e-01
6                                     -1.2994819607788965e-01
7                                     -1.2578129109464165e-01
8                                     -1.5883385617134049e-01
9                                     -1.6491633653304838e-01
10                                    -1.2724948545720949e-01
11                                    -1.1208738084827363e-01
12                                    -4.7358294585131233e-01
13                                    -1.7299658234268200e-01
14                                    -1.8931190648289231e-01
15                                     2.1378970947004539e-01
16                                     2.0843021246076354e-01
17                                     2.0347984447427092e-01
18                                     1.6068000215547407e-01
19                                     1.5210270419601368e-01
20                                     1.4897969929132171e-01
21                                     1.4141768067219274e-01
22                                     2.0321927084918512e-01
23                                     1.4607966389442195e-01
24                                     1.4097166204419409e-01
25                                     1.4004392244445651e-01
26                                     1.4420156620934754e-01
   &Method [&Type "String"] "SCF"
   &Level [&Type "String"] "Relaxed density"
   &Mult [&Type "Integer"] 1
   &State [&Type "Integer"] -1
   &Irrep [&Type "Integer"] 0
$End
$SCF_Mayer_Population_Analysis
   &GeometryIndex 14
   &NAtoms [&Type "Integer"] 27 "Total number of atoms"
   &NBondOrdersPrint [&Type "Integer"] 29 "The number of bond orders larger than threshold"
   &bondThresh [&Type "Double"]       1.0000000000000001e-01  "The threshold for printing"
   &components [&Type "ArrayOfIntegers", &Dim (29,4)] "The indices and atomic numbers of the bonding atoms"
                                                         0                           1                           2                           3

0                                                        0                           7                           1                           6
1                                                        0                           7                          15                           1
2                                                        0                           7                          16                           1
3                                                        0                           7                          17                           1
4                                                        1                           6                           2                           6
5                                                        1                           6                          12                           6
6                                                        1                           6                          18                           1
7                                                        2                           6                           3                           6
8                                                        2                           6                          19                           1
9                                                        2                           6                          20                           1
10                                                       3                           6                           4                           6
11                                                       3                           6                          11                           6
12                                                       4                           6                           5                           7
13                                                       4                           6                          21                           1
14                                                       5                           7                           6                           6
15                                                       5                           7                          22                           1
16                                                       6                           6                           7                           6
17                                                       6                           6                          11                           6
18                                                       7                           6                           8                           6
19                                                       7                           6                          23                           1
20                                                       8                           6                           9                           6
21                                                       8                           6                          24                           1
22                                                       9                           6                          10                           6
23                                                       9                           6                          25                           1
24                                                      10                           6                          11                           6
25                                                      10                           6                          26                           1
26                                                      12                           6                          13                           8
27                                                      12                           6                          14                           8
28                                                      14                           8                          17                           1
   &BondOrders [&Type "ArrayOfDoubles", &Dim (29,1)] "The bond orders"
                                                         0

0                                      9.2285472338040353e-01
1                                      8.8372143414263360e-01
2                                      8.8176715914293169e-01
3                                      8.0675022611562508e-01
4                                      9.6665140351118017e-01
5                                      9.3546615300114588e-01
6                                      9.2962215391202307e-01
7                                      9.4771371188360043e-01
8                                      9.3409087130950741e-01
9                                      9.5928587747955218e-01
10                                     1.5257023587286835e+00
11                                     1.2313097050843780e+00
12                                     1.1762823276485557e+00
13                                     9.5807102841455238e-01
14                                     1.1855044716587289e+00
15                                     9.0115454470307632e-01
16                                     1.2937756426945743e+00
17                                     1.3023886210101483e+00
18                                     1.4290734458775372e+00
19                                     9.9675846827489245e-01
20                                     1.3082192225316907e+00
21                                     9.8062753882410525e-01
22                                     1.4369001920613442e+00
23                                     9.7746017374075544e-01
24                                     1.3108648496542079e+00
25                                     9.8366962184381213e-01
26                                     1.7678197529192246e+00
27                                     1.6258288145598132e+00
28                                     1.4818513099462380e-01
   &ATNO [&Type "ArrayOfIntegers", &Dim (27,1)] "Atomic number of the elements"
                                                         0

0                                                        7
1                                                        6
2                                                        6
3                                                        6
4                                                        6
5                                                        7
6                                                        6
7                                                        6
8                                                        6
9                                                        6
10                                                       6
11                                                       6
12                                                       6
13                                                       8
14                                                       8
15                                                       1
16                                                       1
17                                                       1
18                                                       1
19                                                       1
20                                                       1
21                                                       1
22                                                       1
23                                                       1
24                                                       1
25                                                       1
26                                                       1
   &NA [&Type "ArrayOfDoubles", &Dim (27,1)] "Mulliken gross atomic population"
                                                         0

0                                      7.2307885519278656e+00
1                                      6.0283430910389679e+00
2                                      6.2503028578458011e+00
3                                      5.9461449527153647e+00
4                                      6.0844813117178820e+00
5                                      7.2907544823590005e+00
6                                      5.8480231245863203e+00
7                                      6.2367761246696345e+00
8                                      6.1306199173644469e+00
9                                      6.1036031924772844e+00
10                                     6.3043521198332417e+00
11                                     5.8981656667698035e+00
12                                     5.5134847170094563e+00
13                                     8.6417786430426613e+00
14                                     8.6479415472614889e+00
15                                     6.9310006333644858e-01
16                                     7.0936511875056463e-01
17                                     7.1685983869368775e-01
18                                     8.4622178345146259e-01
19                                     8.6365783737732915e-01
20                                     8.4480957110764088e-01
21                                     8.6260738015317917e-01
22                                     7.7281908320898174e-01
23                                     8.8298342691161502e-01
24                                     8.8323046738436628e-01
25                                     8.8545971516109501e-01
26                                     8.8332541384467977e-01
   &ZA [&Type "ArrayOfDoubles", &Dim (27,1)] "Total nuclear charge"
                                                         0

0                                      7.0000000000000000e+00
1                                      6.0000000000000000e+00
2                                      6.0000000000000000e+00
3                                      6.0000000000000000e+00
4                                      6.0000000000000000e+00
5                                      7.0000000000000000e+00
6                                      6.0000000000000000e+00
7                                      6.0000000000000000e+00
8                                      6.0000000000000000e+00
9                                      6.0000000000000000e+00
10                                     6.0000000000000000e+00
11                                     6.0000000000000000e+00
12                                     6.0000000000000000e+00
13                                     8.0000000000000000e+00
14                                     8.0000000000000000e+00
15                                     1.0000000000000000e+00
16                                     1.0000000000000000e+00
17                                     1.0000000000000000e+00
18                                     1.0000000000000000e+00
19                                     1.0000000000000000e+00
20                                     1.0000000000000000e+00
21                                     1.0000000000000000e+00
22                                     1.0000000000000000e+00
23                                     1.0000000000000000e+00
24                                     1.0000000000000000e+00
25                                     1.0000000000000000e+00
26                                     1.0000000000000000e+00
   &QA [&Type "ArrayOfDoubles", &Dim (27,1)] "Mulliken gross atomic charge"
                                                         0

0                                     -2.3078855192786563e-01
1                                     -2.8343091038967927e-02
2                                     -2.5030285784580109e-01
3                                      5.3855047284635305e-02
4                                     -8.4481311717881979e-02
5                                     -2.9075448235900048e-01
6                                      1.5197687541367966e-01
7                                     -2.3677612466963449e-01
8                                     -1.3061991736444689e-01
9                                     -1.0360319247728444e-01
10                                    -3.0435211983324173e-01
11                                     1.0183433323019653e-01
12                                     4.8651528299054370e-01
13                                    -6.4177864304266130e-01
14                                    -6.4794154726148889e-01
15                                     3.0689993666355142e-01
16                                     2.9063488124943537e-01
17                                     2.8314016130631225e-01
18                                     1.5377821654853741e-01
19                                     1.3634216262267085e-01
20                                     1.5519042889235912e-01
21                                     1.3739261984682083e-01
22                                     2.2718091679101826e-01
23                                     1.1701657308838498e-01
24                                     1.1676953261563372e-01
25                                     1.1454028483890499e-01
26                                     1.1667458615532023e-01
   &VA [&Type "ArrayOfDoubles", &Dim (27,1)] "Mayer's total valence"
                                                         0

0                                      3.5053609208359582e+00
1                                      3.7522471977325651e+00
2                                      3.8734993019224464e+00
3                                      3.7321137936382689e+00
4                                      3.8958340237865992e+00
5                                      3.3856592538105668e+00
6                                      3.9249234003382516e+00
7                                      3.9328504041494430e+00
8                                      3.8774689600387440e+00
9                                      3.8227370939619694e+00
10                                     3.9503005599024181e+00
11                                     4.0133091119777742e+00
12                                     4.3841889822634901e+00
13                                     1.8910948276375574e+00
14                                     1.8514800673402232e+00
15                                     9.0922156942270971e-01
16                                     9.3513507161379872e-01
17                                     9.7415157422943688e-01
18                                     9.6902301295487414e-01
19                                     9.8679614867169008e-01
20                                     9.5253468134223407e-01
21                                     9.9737754267665302e-01
22                                     9.5563096541535109e-01
23                                     9.7612291824521380e-01
24                                     9.6140316911875778e-01
25                                     9.6309256906247132e-01
26                                     9.7807741399057657e-01
   &BVA [&Type "ArrayOfDoubles", &Dim (27,1)] "Mayer's bonded valence"
                                                         0

0                                      3.5053609208359831e+00
1                                      3.7522471977325100e+00
2                                      3.8734993019226214e+00
3                                      3.7321137936383773e+00
4                                      3.8958340237865907e+00
5                                      3.3856592538106431e+00
6                                      3.9249234003383782e+00
7                                      3.9328504041495336e+00
8                                      3.8774689600387218e+00
9                                      3.8227370939619605e+00
10                                     3.9503005599024332e+00
11                                     4.0133091119778506e+00
12                                     4.3841889822634901e+00
13                                     1.8910948276375499e+00
14                                     1.8514800673402032e+00
15                                     9.0922156942270904e-01
16                                     9.3513507161379783e-01
17                                     9.7415157422943166e-01
18                                     9.6902301295486859e-01
19                                     9.8679614867171006e-01
20                                     9.5253468134227737e-01
21                                     9.9737754267665046e-01
22                                     9.5563096541536618e-01
23                                     9.7612291824521069e-01
24                                     9.6140316911874490e-01
25                                     9.6309256906248575e-01
26                                     9.7807741399059056e-01
   &FA [&Type "ArrayOfDoubles", &Dim (27,1)] "Mayer's free valence"
                                                         0

0                                      0.0000000000000000e+00
1                                      0.0000000000000000e+00
2                                      0.0000000000000000e+00
3                                      0.0000000000000000e+00
4                                      0.0000000000000000e+00
5                                      0.0000000000000000e+00
6                                      0.0000000000000000e+00
7                                      0.0000000000000000e+00
8                                      0.0000000000000000e+00
9                                      0.0000000000000000e+00
10                                     0.0000000000000000e+00
11                                     0.0000000000000000e+00
12                                     0.0000000000000000e+00
13                                     0.0000000000000000e+00
14                                     0.0000000000000000e+00
15                                     0.0000000000000000e+00
16                                     0.0000000000000000e+00
17                                     0.0000000000000000e+00
18                                     0.0000000000000000e+00
19                                     0.0000000000000000e+00
20                                     0.0000000000000000e+00
21                                     0.0000000000000000e+00
22                                     0.0000000000000000e+00
23                                     0.0000000000000000e+00
24                                     0.0000000000000000e+00
25                                     0.0000000000000000e+00
26                                     0.0000000000000000e+00
   &Method [&Type "String"] "SCF"
   &Level [&Type "String"] "Relaxed density"
   &Mult [&Type "Integer"] 1
   &State [&Type "Integer"] -1
   &Irrep [&Type "Integer"] 0
$End
$SCF_Energy
   &GeometryIndex 14
   &Method [&Type "String"] "SCF"
   &totalEnergy [&Type "ArrayOfDoubles", &Dim (1,1)] "Total energy of each state"
                                                         0

0                                     -6.8666793914515029e+02
   &Mult [&Type "ArrayOfIntegers", &Dim (1,1)] "Multiplicity of each state"
                                                         0

0                                                        1
$End
$DFT_Energy
   &GeometryIndex 14
   &nAlphaEl [&Type "Integer"] 54
   &nBetaEl [&Type "Integer"] 54
   &nTotalEl [&Type "Integer"] 108
   &finalEn [&Type "Double"]      -6.8666793914515029e+02  "No Van der Waals correction"
   &eExchange [&Type "Double"]      -9.1323200966122073e+01
   &eCorr [&Type "Double"]      -3.9717059293945192e+00
   &eXC [&Type "Double"]      -9.5294906895516590e+01
   &eCNL [&Type "Double"]       0.0000000000000000e+00
$End
$Solvation_Details
   &GeometryIndex 14
   &Solvent [&Type "String"] "CONDUCTOR"
   &Epsilon [&Type "Double"]      -1.0000000000000000e+00
   &Refrac [&Type "Double"]       1.3300000000000001e+00
   &RSolv [&Type "Double"]       1.3000000000000000e+00
   &SurfaceType [&Type "String"] "GAUSSIAN VDW"
   &CPCMDielEnergy [&Type "Double"]      -7.1046842999999998e-02
   &NPoints [&Type "Integer"] 2393
   &SurfaceArea [&Type "Double"]       8.5055336405900005e+02
$End
$SCF_Timings
   &GeometryIndex 14
   &TOTAL [&Type "Double"]       4.4524650000000001e+00
   &PREP [&Type "Double"]       4.6855399999999997e-01
   &FOCK [&Type "Double"]       3.7473570000000005e+00
   &DENS [&Type "Double"]       2.0202999999999527e-02
   &ETOT [&Type "Double"]       1.3785000000000158e-02
   &POP [&Type "Double"]       3.9430000000000298e-02
   &TRAFO [&Type "Double"]       2.6665999999999634e-02
   &DIIS [&Type "Double"]       3.0105000000000048e-02
   &SOSCF [&Type "Double"]       1.4768999999999921e-01
   &XC [&Type "Double"]       1.4142370000000000e+00
   &FOCKSTART [&Type "Double"]       3.6669999999994762e-03
   &SOLV [&Type "Double"]       1.6446300000000014e+00
   &SOLV_INIT [&Type "Double"]       1.1296000000000000e-01
   &SOLV_FINAL [&Type "Double"]       1.0000000001397780e-06
   &INT_PREP [&Type "Double"]       3.0000000003083116e-06
   &INT_BF [&Type "Double"]       4.3940300000001520e-01
   &INT_DENS [&Type "Double"]       4.9086599999998970e-01
   &INT_DENSIO [&Type "Double"]       9.2833773219999966e+03
   &INT_FUNC [&Type "Double"]       3.7239000000011790e-02
   &INT_POT [&Type "Double"]       3.3111399999999613e-01
   &INT_POTIO [&Type "Double"]       4.4299999999914963e-03
   &INT_SUM [&Type "Double"]       6.4000000000508095e-05
   &SPLITRIJ [&Type "Double"]       1.0859570000000003e+00
$End
$Single_Point_Data
   &GeometryIndex 14
   &FinalEnergy [&Type "Double"]      -6.8666793914515029e+02  "Final single point energy"
   &Converged [&Type "Boolean"] true
$End
$SCF_Dipole_Moment
   &GeometryIndex 14
   &dipoleMagnitude [&Type "Double", &Units "a.u."]       4.1671586276993873e+00
   &dipoleElecContrib [&Type "ArrayOfDoubles", &Dim (3,1)] "Electronic contribution"
                                                         0

0                                      3.5008824958134127e-01
1                                      3.3661285706567625e+00
2                                      2.2155956761132374e+00
   &dipoleNucContrib [&Type "ArrayOfDoubles", &Dim (3,1)] "Nuclear contribution"
                                                         0

0                                     -2.8223329972646658e+00
1                                     -6.6081916822667690e+00
2                                     -3.0771313493730834e+00
   &dipoleTotal [&Type "ArrayOfDoubles", &Dim (3,1)] "Total"
                                                         0

0                                     -2.4722447476833245e+00
1                                     -3.2420631116100065e+00
2                                     -8.6153567325984604e-01
   &doAtomicDipole [&Type "Boolean"] false
   &Method [&Type "String"] "SCF"
   &Level [&Type "String"] "Relaxed density"
   &Mult [&Type "Integer"] 1
   &State [&Type "Integer"] -1
   &Irrep [&Type "Integer"] 0
$End
$Calculation_Info
   &GeometryIndex 14
   &Mult [&Type "Integer"] 1
   &Charge [&Type "Integer"] 0
   &NumOfAtoms [&Type "Integer"] 27
   &NumOfElectrons [&Type "Integer"] 108
   &NumOfBasisFuncts [&Type "Integer"] 432
   &NumOfAuxCBasisFuncts [&Type "Integer"] 0
   &NumOfAuxJBasisFuncts [&Type "Integer"] 867
   &NumOfAuxJKBasisFuncts [&Type "Integer"] 0
   &NumOfCABSBasisFuncts [&Type "Integer"] 0
$End
$Calculation_Timings
   &GeometryIndex 14
   &GTOINT [&Type "Double"]       1.4697264999999994e+01
   &SCF [&Type "Double"]       1.1035711500000001e+02
   &SCFGRAD [&Type "Double"]       5.3836686999999962e+01
   &GSTEP [&Type "Double"]       4.1056000000003409e-02
   &PROP [&Type "Double"]       6.1565399999997794e-01
   &SUM [&Type "Double"]       1.7954777699999994e+02
$End
