*************************************************
******************* ORCA 6.1.0-f.0 ******************
*************************************************
$Calculation_Status
   &GeometryIndex 6
   &version [&Type "String"] "6.1.0-f.0"
   &progName [&Type "String"] "LeanSCF"
   &Status [&Type "String"] "NORMAL TERMINATION"
$End
$Geometry
   &GeometryIndex 1
   &NAtoms [&Type "Integer"] 27
   &NCorelessECP [&Type "Integer"] 0
   &NGhostAtoms [&Type "Integer"] 0
   &CartesianCoordinates [&Type "Coordinates", &Dim(27,4), &Units "Bohr"] 
              N     -5.136092385255   -0.657674753450   -1.423140033599
              C     -4.645997732779    0.569959052033    1.094526504383
              C     -2.616743688657   -0.877067743509    2.618913094258
              C     -0.303697112195   -1.625217519785    1.150877892033
              C      0.168956123956   -4.023798581274    0.209533778592
              N      2.460439848086   -4.068641820226   -1.027232430789
              C      3.545733415140   -1.702150198217   -0.916865262506
              C      5.859472009313   -0.837538565623   -1.872244504223
              C      6.485958061244    1.684298956985   -1.441471435345
              C      4.847470941239    3.304046192044   -0.089092688159
              C      2.545445946788    2.441121914812    0.853600500768
              C      1.848586115684   -0.098027672368    0.445260767668
              C     -4.036418966081    3.405231445604    0.531818860650
              O     -3.532486151483    4.770201116766    2.406772041622
              O     -4.185442069804    4.059759975116   -1.778346752732
              H     -5.098614051553    0.895655770064   -2.672979746320
              H     -3.692940189692   -1.884188367075   -1.897046063690
              H     -6.827374069277   -1.598071396001   -1.520888669007
              H     -6.429785857427    0.535694140930    2.152883877331
              H     -2.121003139205    0.337896789951    4.230599041089
              H     -3.496173325271   -2.589557238117    3.403427494139
              H     -0.960532165837   -5.732322769049    0.368951131942
              H      3.233447516564   -5.613223327479   -1.860696727970
              H      7.121624043686   -2.097347434077   -2.908357910848
              H      8.274046711244    2.419531944910   -2.159857250224
              H      5.400838027740    5.267611862867    0.216768481712
              H      1.291282087139    3.713818261965    1.884286103710
$End
$SCF_Mulliken_Population_Analysis
   &GeometryIndex 1
   &NAtoms [&Type "Integer"] 27
   &ATNO [&Type "ArrayOfIntegers", &Dim (27,1)] 
                                                         0

0                                                        7
1                                                        6
2                                                        6
3                                                        6
4                                                        6
5                                                        7
6                                                        6
7                                                        6
8                                                        6
9                                                        6
10                                                       6
11                                                       6
12                                                       6
13                                                       8
14                                                       8
15                                                       1
16                                                       1
17                                                       1
18                                                       1
19                                                       1
20                                                       1
21                                                       1
22                                                       1
23                                                       1
24                                                       1
25                                                       1
26                                                       1
   &AtomicCharges [&Type "ArrayOfDoubles", &Dim (27,1)] 
                                                         0

0                                     -2.3273579885153417e-01
1                                     -7.5445254432366937e-02
2                                     -1.8080191537301893e-01
3                                     -1.8005792881406180e-01
4                                     -8.0925268557361818e-02
5                                     -1.9541317924700863e-01
6                                      1.3676074364414070e-01
7                                     -2.5047095512857886e-01
8                                     -1.5206896660759739e-01
9                                     -1.7113442572201709e-01
10                                    -2.4975292645554958e-01
11                                     7.7011759386042655e-02
12                                     2.3430596127900305e-01
13                                    -5.1114624896747074e-01
14                                    -5.3049170523060951e-01
15                                     2.9123829890332864e-01
16                                     3.0829192130006988e-01
17                                     3.2620299725763569e-01
18                                     1.5862373962860432e-01
19                                     1.2765546012293050e-01
20                                     1.4319219822045337e-01
21                                     1.7684238260623752e-01
22                                     2.7440884195370385e-01
23                                     1.4314366014854407e-01
24                                     1.4403102684899793e-01
25                                     1.4012594510514753e-01
26                                     1.2860963698209582e-01
   &Method [&Type "String"] "SCF"
   &Level [&Type "String"] "Relaxed density"
   &Mult [&Type "Integer"] 1
   &State [&Type "Integer"] -1
   &Irrep [&Type "Integer"] 0
$End
$SCF_Loewdin_Population_Analysis
   &GeometryIndex 1
   &NAtoms [&Type "Integer"] 27
   &ATNO [&Type "ArrayOfIntegers", &Dim (27,1)] 
                                                         0

0                                                        7
1                                                        6
2                                                        6
3                                                        6
4                                                        6
5                                                        7
6                                                        6
7                                                        6
8                                                        6
9                                                        6
10                                                       6
11                                                       6
12                                                       6
13                                                       8
14                                                       8
15                                                       1
16                                                       1
17                                                       1
18                                                       1
19                                                       1
20                                                       1
21                                                       1
22                                                       1
23                                                       1
24                                                       1
25                                                       1
26                                                       1
   &AtomicCharges [&Type "ArrayOfDoubles", &Dim (27,1)] 
                                                         0

0                                      1.8167350140105398e-01
1                                     -2.3281494086287413e-01
2                                     -2.0476565703497762e-01
3                                     -1.7306535030712578e-01
4                                     -1.7828546126162159e-01
5                                      2.2020154633477063e-01
6                                     -1.6760251427410022e-01
7                                     -1.3656653693974352e-01
8                                     -1.6780862556838372e-01
9                                     -1.7537390782916162e-01
10                                    -1.2863752953590257e-01
11                                    -1.0635258360123245e-01
12                                    -6.5106917969650180e-01
13                                    -7.9032479721659499e-02
14                                    -9.9081455171999622e-02
15                                     2.0668817640140713e-01
16                                     2.1011092367500506e-01
17                                     2.1819156764008496e-01
18                                     1.7252505368630711e-01
19                                     1.6090614318653018e-01
20                                     1.6128354645083898e-01
21                                     1.5118561931204699e-01
22                                     2.1238052684004460e-01
23                                     1.5513423076691391e-01
24                                     1.5057964273610247e-01
25                                     1.4939875679995940e-01
26                                     1.5019698657400105e-01
   &Method [&Type "String"] "SCF"
   &Level [&Type "String"] "Relaxed density"
   &Mult [&Type "Integer"] 1
   &State [&Type "Integer"] -1
   &Irrep [&Type "Integer"] 0
$End
$SCF_Mayer_Population_Analysis
   &GeometryIndex 1
   &NAtoms [&Type "Integer"] 27 "Total number of atoms"
   &NBondOrdersPrint [&Type "Integer"] 29 "The number of bond orders larger than threshold"
   &bondThresh [&Type "Double"]       1.0000000000000001e-01  "The threshold for printing"
   &components [&Type "ArrayOfIntegers", &Dim (29,4)] "The indices and atomic numbers of the bonding atoms"
                                                         0                           1                           2                           3

0                                                        0                           7                           1                           6
1                                                        0                           7                          15                           1
2                                                        0                           7                          16                           1
3                                                        0                           7                          17                           1
4                                                        1                           6                           2                           6
5                                                        1                           6                          12                           6
6                                                        1                           6                          18                           1
7                                                        2                           6                           3                           6
8                                                        2                           6                          19                           1
9                                                        2                           6                          20                           1
10                                                       3                           6                           4                           6
11                                                       3                           6                          11                           6
12                                                       4                           6                           5                           7
13                                                       4                           6                          21                           1
14                                                       5                           7                           6                           6
15                                                       5                           7                          22                           1
16                                                       6                           6                           7                           6
17                                                       6                           6                          11                           6
18                                                       7                           6                           8                           6
19                                                       7                           6                          23                           1
20                                                       8                           6                           9                           6
21                                                       8                           6                          24                           1
22                                                       9                           6                          10                           6
23                                                       9                           6                          25                           1
24                                                      10                           6                          11                           6
25                                                      10                           6                          26                           1
26                                                      12                           6                          13                           8
27                                                      12                           6                          14                           8
28                                                      14                           8                          15                           1
   &BondOrders [&Type "ArrayOfDoubles", &Dim (29,1)] "The bond orders"
                                                         0

0                                      9.1828532505204385e-01
1                                      7.9956262205963691e-01
2                                      8.6118848663748548e-01
3                                      8.7124748112233397e-01
4                                      9.5341010558712502e-01
5                                      9.1713622953407858e-01
6                                      9.3508516330188651e-01
7                                      9.6871580056342455e-01
8                                      9.5293376643012639e-01
9                                      9.5041342424949737e-01
10                                     1.5601127645443644e+00
11                                     1.1321602996157125e+00
12                                     1.1905930611861137e+00
13                                     9.5039179957730568e-01
14                                     1.1696609213608427e+00
15                                     8.8917228556935268e-01
16                                     1.2602317946719892e+00
17                                     1.2598036922274298e+00
18                                     1.4311382542995752e+00
19                                     9.9300641343008944e-01
20                                     1.3087835931290408e+00
21                                     9.7238404490537844e-01
22                                     1.4696016466016566e+00
23                                     9.7624683354562281e-01
24                                     1.2492277987661291e+00
25                                     9.6519526953361645e-01
26                                     1.8254991429389555e+00
27                                     1.6862668007579777e+00
28                                     1.5020374789641952e-01
   &ATNO [&Type "ArrayOfIntegers", &Dim (27,1)] "Atomic number of the elements"
                                                         0

0                                                        7
1                                                        6
2                                                        6
3                                                        6
4                                                        6
5                                                        7
6                                                        6
7                                                        6
8                                                        6
9                                                        6
10                                                       6
11                                                       6
12                                                       6
13                                                       8
14                                                       8
15                                                       1
16                                                       1
17                                                       1
18                                                       1
19                                                       1
20                                                       1
21                                                       1
22                                                       1
23                                                       1
24                                                       1
25                                                       1
26                                                       1
   &NA [&Type "ArrayOfDoubles", &Dim (27,1)] "Mulliken gross atomic population"
                                                         0

0                                      7.2327357988515288e+00
1                                      6.0754452544323723e+00
2                                      6.1808019153730251e+00
3                                      6.1800579288140600e+00
4                                      6.0809252685573787e+00
5                                      7.1954131792470051e+00
6                                      5.8632392563558540e+00
7                                      6.2504709551285966e+00
8                                      6.1520689666076107e+00
9                                      6.1711344257220224e+00
10                                     6.2497529264555585e+00
11                                     5.9229882406139707e+00
12                                     5.7656940387210049e+00
13                                     8.5111462489674921e+00
14                                     8.5304917052306024e+00
15                                     7.0876170109667103e-01
16                                     6.9170807869992990e-01
17                                     6.7379700274236420e-01
18                                     8.4137626037139557e-01
19                                     8.7234453987706972e-01
20                                     8.5680780177954674e-01
21                                     8.2315761739376236e-01
22                                     7.2559115804629681e-01
23                                     8.5685633985145582e-01
24                                     8.5596897315100196e-01
25                                     8.5987405489485225e-01
26                                     8.7139036301790429e-01
   &ZA [&Type "ArrayOfDoubles", &Dim (27,1)] "Total nuclear charge"
                                                         0

0                                      7.0000000000000000e+00
1                                      6.0000000000000000e+00
2                                      6.0000000000000000e+00
3                                      6.0000000000000000e+00
4                                      6.0000000000000000e+00
5                                      7.0000000000000000e+00
6                                      6.0000000000000000e+00
7                                      6.0000000000000000e+00
8                                      6.0000000000000000e+00
9                                      6.0000000000000000e+00
10                                     6.0000000000000000e+00
11                                     6.0000000000000000e+00
12                                     6.0000000000000000e+00
13                                     8.0000000000000000e+00
14                                     8.0000000000000000e+00
15                                     1.0000000000000000e+00
16                                     1.0000000000000000e+00
17                                     1.0000000000000000e+00
18                                     1.0000000000000000e+00
19                                     1.0000000000000000e+00
20                                     1.0000000000000000e+00
21                                     1.0000000000000000e+00
22                                     1.0000000000000000e+00
23                                     1.0000000000000000e+00
24                                     1.0000000000000000e+00
25                                     1.0000000000000000e+00
26                                     1.0000000000000000e+00
   &QA [&Type "ArrayOfDoubles", &Dim (27,1)] "Mulliken gross atomic charge"
                                                         0

0                                     -2.3273579885152884e-01
1                                     -7.5445254432372266e-02
2                                     -1.8080191537302515e-01
3                                     -1.8005792881406002e-01
4                                     -8.0925268557378693e-02
5                                     -1.9541317924700508e-01
6                                      1.3676074364414603e-01
7                                     -2.5047095512859663e-01
8                                     -1.5206896660761071e-01
9                                     -1.7113442572202242e-01
10                                    -2.4975292645555847e-01
11                                     7.7011759386029333e-02
12                                     2.3430596127899506e-01
13                                    -5.1114624896749206e-01
14                                    -5.3049170523060241e-01
15                                     2.9123829890332897e-01
16                                     3.0829192130007010e-01
17                                     3.2620299725763580e-01
18                                     1.5862373962860443e-01
19                                     1.2765546012293028e-01
20                                     1.4319219822045326e-01
21                                     1.7684238260623764e-01
22                                     2.7440884195370319e-01
23                                     1.4314366014854418e-01
24                                     1.4403102684899804e-01
25                                     1.4012594510514775e-01
26                                     1.2860963698209571e-01
   &VA [&Type "ArrayOfDoubles", &Dim (27,1)] "Mayer's total valence"
                                                         0

0                                      3.4475505256319008e+00
1                                      3.7283864335900381e+00
2                                      3.8520707265956666e+00
3                                      3.7533378666681161e+00
4                                      3.8972704405127576e+00
5                                      3.3929692135175351e+00
6                                      3.8039723698121062e+00
7                                      3.8901608902177016e+00
8                                      3.8277381657664589e+00
9                                      3.8589764431068416e+00
10                                     3.8672753349207944e+00
11                                     3.7181431066693409e+00
12                                     4.4773690341980332e+00
13                                     1.9564621231478880e+00
14                                     1.9065141321515284e+00
15                                     9.6739693070910371e-01
16                                     9.2103603934504186e-01
17                                     8.9593392677340722e-01
18                                     9.7309066625491991e-01
19                                     9.9539489817111071e-01
20                                     9.6365296031739978e-01
21                                     9.6937465980261939e-01
22                                     9.2995112954692316e-01
23                                     9.7406365304048170e-01
24                                     9.6112596696836150e-01
25                                     9.6379642226179740e-01
26                                     1.0141499102943519e+00
   &BVA [&Type "ArrayOfDoubles", &Dim (27,1)] "Mayer's bonded valence"
                                                         0

0                                      3.4475505256317902e+00
1                                      3.7283864335900478e+00
2                                      3.8520707265954801e+00
3                                      3.7533378666682640e+00
4                                      3.8972704405128011e+00
5                                      3.3929692135175613e+00
6                                      3.8039723698120560e+00
7                                      3.8901608902177842e+00
8                                      3.8277381657666343e+00
9                                      3.8589764431069562e+00
10                                     3.8672753349210205e+00
11                                     3.7181431066692912e+00
12                                     4.4773690341980243e+00
13                                     1.9564621231478263e+00
14                                     1.9065141321515675e+00
15                                     9.6739693070908483e-01
16                                     9.2103603934502176e-01
17                                     8.9593392677339023e-01
18                                     9.7309066625491214e-01
19                                     9.9539489817107896e-01
20                                     9.6365296031736369e-01
21                                     9.6937465980262361e-01
22                                     9.2995112954692760e-01
23                                     9.7406365304049591e-01
24                                     9.6112596696841834e-01
25                                     9.6379642226180307e-01
26                                     1.0141499102944247e+00
   &FA [&Type "ArrayOfDoubles", &Dim (27,1)] "Mayer's free valence"
                                                         0

0                                      0.0000000000000000e+00
1                                      0.0000000000000000e+00
2                                      0.0000000000000000e+00
3                                      0.0000000000000000e+00
4                                      0.0000000000000000e+00
5                                      0.0000000000000000e+00
6                                      0.0000000000000000e+00
7                                      0.0000000000000000e+00
8                                      0.0000000000000000e+00
9                                      0.0000000000000000e+00
10                                     0.0000000000000000e+00
11                                     0.0000000000000000e+00
12                                     0.0000000000000000e+00
13                                     0.0000000000000000e+00
14                                     0.0000000000000000e+00
15                                     0.0000000000000000e+00
16                                     0.0000000000000000e+00
17                                     0.0000000000000000e+00
18                                     0.0000000000000000e+00
19                                     0.0000000000000000e+00
20                                     0.0000000000000000e+00
21                                     0.0000000000000000e+00
22                                     0.0000000000000000e+00
23                                     0.0000000000000000e+00
24                                     0.0000000000000000e+00
25                                     0.0000000000000000e+00
26                                     0.0000000000000000e+00
   &Method [&Type "String"] "SCF"
   &Level [&Type "String"] "Relaxed density"
   &Mult [&Type "Integer"] 1
   &State [&Type "Integer"] -1
   &Irrep [&Type "Integer"] 0
$End
$SCF_Energy
   &GeometryIndex 1
   &Method [&Type "String"] "SCF"
   &totalEnergy [&Type "ArrayOfDoubles", &Dim (1,1)] "Total energy of each state"
                                                         0

0                                     -6.8668287223101402e+02
   &Mult [&Type "ArrayOfIntegers", &Dim (1,1)] "Multiplicity of each state"
                                                         0

0                                                        1
$End
$DFT_Energy
   &GeometryIndex 1
   &nAlphaEl [&Type "Integer"] 54
   &nBetaEl [&Type "Integer"] 54
   &nTotalEl [&Type "Integer"] 107
   &finalEn [&Type "Double"]      -6.8668287223101402e+02  "No Van der Waals correction"
   &eExchange [&Type "Double"]      -9.1325815182185210e+01
   &eCorr [&Type "Double"]      -3.9725747813928725e+00
   &eXC [&Type "Double"]      -9.5298389963578089e+01
   &eCNL [&Type "Double"]       0.0000000000000000e+00
$End
$Solvation_Details
   &GeometryIndex 1
   &Solvent [&Type "String"] "CONDUCTOR"
   &Epsilon [&Type "Double"]      -1.0000000000000000e+00
   &Refrac [&Type "Double"]       1.3300000000000001e+00
   &RSolv [&Type "Double"]       1.3000000000000000e+00
   &SurfaceType [&Type "String"] "GAUSSIAN VDW"
   &CPCMDielEnergy [&Type "Double"]      -7.9625719999999997e-02
   &NPoints [&Type "Integer"] 1639
   &SurfaceArea [&Type "Double"]       8.3922082879300001e+02
$End
$SCF_Timings
   &GeometryIndex 1
   &TOTAL [&Type "Double"]       1.2314624000000000e+01
   &PREP [&Type "Double"]       3.6663600000000002e-01
   &FOCK [&Type "Double"]       1.0819435000000000e+01
   &DENS [&Type "Double"]       7.2017000000002440e-02
   &ETOT [&Type "Double"]       4.6249000000000651e-02
   &POP [&Type "Double"]       3.5993999999998749e-02
   &TRAFO [&Type "Double"]       9.1540999999999872e-02
   &DIIS [&Type "Double"]       3.8554600000000083e-01
   &SOSCF [&Type "Double"]       3.9469099999999813e-01
   &XC [&Type "Double"]       4.4737819999999990e+00
   &FOCKSTART [&Type "Double"]       9.7649999999994685e-03
   &SOLV [&Type "Double"]       3.3579789999999976e+00
   &SOLV_INIT [&Type "Double"]       4.4036999999999993e-02
   &INT_PREP [&Type "Double"]       2.9999999990870663e-06
   &INT_BF [&Type "Double"]       1.2076979999999913e+00
   &INT_DENS [&Type "Double"]       1.5853940000000168e+00
   &INT_DENSIO [&Type "Double"]       5.0583638190000012e+04
   &INT_FUNC [&Type "Double"]       8.5743000000035097e-02
   &INT_POT [&Type "Double"]       1.3865980000000409e+00
   &INT_POTIO [&Type "Double"]       1.1762999999964885e-02
   &INT_SUM [&Type "Double"]       1.5500000000012726e-04
   &SPLITRIJ [&Type "Double"]       3.3689239999999989e+00
$End
$Single_Point_Data
   &GeometryIndex 1
   &FinalEnergy [&Type "Double"]      -6.8668287223101402e+02  "Final single point energy"
   &Converged [&Type "Boolean"] true
$End
$SCF_Nuc_Gradient
   &GeometryIndex 1
   &NAtoms [&Type "Integer"] 27
   &gradNorm [&Type "Double"]       2.7998635052750528e-03
   &grad [&Type "ArrayOfDoubles", &Dim (81,1)] 
                                                         0

0                                     -8.0667819062419863e-05
1                                     -3.1913965493345769e-04
2                                     -8.6202996675602099e-04
3                                     -1.5419059541520522e-04
4                                      9.2847923719228780e-05
5                                      6.6084734056514813e-04
6                                     -4.9074834545385568e-05
7                                      6.4110153330406566e-05
8                                      1.7004389562133180e-04
9                                      6.7489092948039460e-06
10                                     2.5516192816193300e-05
11                                    -2.4300058803092273e-05
12                                    -4.4730368412413801e-04
13                                     3.1953341567306920e-05
14                                     3.0241519022417658e-04
15                                     3.2292176204438625e-04
16                                    -6.5118370151557442e-04
17                                    -4.4136237609612196e-04
18                                     5.8862506299170144e-05
19                                     4.1120482531602459e-04
20                                     1.2439171182140451e-04
21                                     7.6732172593851032e-06
22                                     5.2680347706751673e-05
23                                    -6.9022425325639472e-06
24                                     2.7324434106884565e-05
25                                    -1.8125640008401521e-05
26                                    -1.1591824775075959e-05
27                                    -2.8068042543853873e-05
28                                     2.4956253088797339e-05
29                                    -7.5940651154140192e-06
30                                     1.1388784449858458e-05
31                                    -2.8756937802571284e-05
32                                    -2.3382127285862149e-07
33                                     1.3232229573102602e-04
34                                     1.3463535756972223e-04
35                                    -9.0543511415418481e-05
36                                    -1.4941313751776826e-04
37                                    -9.0215906619755051e-04
38                                     2.1089933055352950e-04
39                                     3.0097363957672573e-04
40                                     7.1770571878228967e-04
41                                     1.1588878771556788e-03
42                                    -1.2242533080491797e-04
43                                     2.6930506794303061e-04
44                                    -1.4812532841545108e-03
45                                    -9.5116005775514739e-07
46                                     4.5334302652017336e-05
47                                     1.1800381779845243e-04
48                                     5.2029238537212863e-05
49                                     5.5392866687681286e-05
50                                     1.7847741145561504e-04
51                                     1.3330508172107458e-05
52                                    -1.5044056872991207e-06
53                                     8.7080640165598062e-05
54                                     1.0306964003071496e-04
55                                    -1.5144439880728552e-05
56                                    -5.6432554877229590e-05
57                                     1.5700492208597667e-05
58                                    -7.0025042593118304e-05
59                                    -4.0079072471450872e-05
60                                     2.7829342605683455e-05
61                                     4.1560669627649718e-05
62                                    -4.5778706496700777e-05
63                                     2.5994055103232411e-05
64                                    -2.0426476055504517e-05
65                                     9.9371734861583919e-06
66                                    -2.7734115388755587e-05
67                                     1.1116285592307346e-04
68                                     1.0285671567035817e-04
69                                    -1.0956070117834615e-05
70                                    -2.8018969861938470e-06
71                                     1.6877743989437109e-05
72                                    -2.8303320029040950e-05
73                                    -2.7391341215373104e-05
74                                    -1.7764989568980444e-05
75                                    -2.2278150204200348e-05
76                                    -2.4115006483346746e-05
77                                    -2.0124507479369344e-05
78                                     1.5197432842204567e-05
79                                     2.4077380343240362e-06
80                                    -3.4727868305228955e-05
   &Method [&Type "String"] "SCF"
   &Level [&Type "String"] "Relaxed density"
   &Mult [&Type "Integer"] 1
   &State [&Type "Integer"] 0
   &Irrep [&Type "Integer"] 0
$End
$Geometry
   &GeometryIndex 2
   &NAtoms [&Type "Integer"] 27
   &NCorelessECP [&Type "Integer"] 0
   &NGhostAtoms [&Type "Integer"] 0
   &CartesianCoordinates [&Type "Coordinates", &Dim(27,4), &Units "Bohr"] 
              N     -5.145407841559   -0.661589766255   -1.418211968505
              C     -4.645313465814    0.570607595664    1.093590237683
              C     -2.615670182699   -0.876607868351    2.617230437660
              C     -0.302797698800   -1.624604382565    1.149208279795
              C      0.169719095280   -4.022103889363    0.205349678123
              N      2.461199026500   -4.066010691826   -1.029836778867
              C      3.547094210920   -1.700707842461   -0.917277558185
              C      5.861202028948   -0.835776698867   -1.871499466208
              C      6.488293887930    1.685517849255   -1.437893770746
              C      4.850223879503    3.304212835488   -0.083746164038
              C      2.547702642652    2.440982379049    0.857612074855
              C      1.850167213712   -0.097582317592    0.446345395319
              C     -4.031857009422    3.403133681065    0.523414391578
              O     -3.523489337945    4.771137347312    2.393016428713
              O     -4.186913696912    4.053381429357   -1.785752436447
              H     -5.106378820341    0.887960507118   -2.672859069455
              H     -3.707923660887   -1.894271283193   -1.893794217426
              H     -6.840020327845   -1.596733230616   -1.509430683347
              H     -6.426762359954    0.542580300198    2.156720352804
              H     -2.119329736896    0.339248167433    4.228343165354
              H     -3.494895041759   -2.588889840334    3.402875992356
              H     -0.960454773384   -5.730401975884    0.362116186480
              H      3.233714425624   -5.610082134487   -1.865470924958
              H      7.123091126985   -2.094752461206   -2.909024058212
              H      8.276786623642    2.421149460549   -2.155105143257
              H      5.404259036589    5.267333541144    0.224377403469
              H      1.293760699239    3.712869327163    1.889702309947
$End
$SCF_Energy
   &GeometryIndex 2
   &Method [&Type "String"] "SCF"
   &totalEnergy [&Type "ArrayOfDoubles", &Dim (1,1)] "Total energy of each state"
                                                         0

0                                     -6.8668287431371186e+02
   &Mult [&Type "ArrayOfIntegers", &Dim (1,1)] "Multiplicity of each state"
                                                         0

0                                                        1
$End
$DFT_Energy
   &GeometryIndex 2
   &nAlphaEl [&Type "Integer"] 54
   &nBetaEl [&Type "Integer"] 54
   &nTotalEl [&Type "Integer"] 107
   &finalEn [&Type "Double"]      -6.8668287431371186e+02  "No Van der Waals correction"
   &eExchange [&Type "Double"]      -9.1327443722555941e+01
   &eCorr [&Type "Double"]      -3.9727006191150602e+00
   &eXC [&Type "Double"]      -9.5300144341671000e+01
   &eCNL [&Type "Double"]       0.0000000000000000e+00
$End
$Solvation_Details
   &GeometryIndex 2
   &Solvent [&Type "String"] "CONDUCTOR"
   &Epsilon [&Type "Double"]      -1.0000000000000000e+00
   &Refrac [&Type "Double"]       1.3300000000000001e+00
   &RSolv [&Type "Double"]       1.3000000000000000e+00
   &SurfaceType [&Type "String"] "GAUSSIAN VDW"
   &CPCMDielEnergy [&Type "Double"]      -7.9675076999999997e-02
   &NPoints [&Type "Integer"] 1638
   &SurfaceArea [&Type "Double"]       8.3905361434400004e+02
$End
$SCF_Timings
   &GeometryIndex 2
   &TOTAL [&Type "Double"]       4.7097860000000003e+00
   &PREP [&Type "Double"]       3.7496100000000004e-01
   &FOCK [&Type "Double"]       3.7815380000000003e+00
   &DENS [&Type "Double"]       2.4510000000000254e-02
   &ETOT [&Type "Double"]       1.6127999999999920e-02
   &TRAFO [&Type "Double"]       4.5581999999999567e-02
   &DIIS [&Type "Double"]       5.2205000000000057e-02
   &SOSCF [&Type "Double"]       1.9658500000000045e-01
   &XC [&Type "Double"]       1.7155080000000003e+00
   &FOCKSTART [&Type "Double"]       5.2650000000001307e-03
   &SOLV [&Type "Double"]       1.3036909999999997e+00
   &SOLV_INIT [&Type "Double"]       4.2308999999999986e-02
   &INT_PREP [&Type "Double"]       2.0000000001685336e-06
   &INT_BF [&Type "Double"]       4.5163500000000101e-01
   &INT_DENS [&Type "Double"]       6.0122099999998813e-01
   &INT_DENSIO [&Type "Double"]       8.2320998240000063e+03
   &INT_FUNC [&Type "Double"]       3.2167000000009716e-02
   &INT_POT [&Type "Double"]       5.4016999999999094e-01
   &INT_POTIO [&Type "Double"]       4.0649999999988751e-03
   &INT_SUM [&Type "Double"]       5.4000000000331561e-05
   &SPLITRIJ [&Type "Double"]       1.2760180000000001e+00
$End
$Single_Point_Data
   &GeometryIndex 2
   &FinalEnergy [&Type "Double"]      -6.8668287431371186e+02  "Final single point energy"
   &Converged [&Type "Boolean"] true
$End
$SCF_Nuc_Gradient
   &GeometryIndex 2
   &NAtoms [&Type "Integer"] 27
   &gradNorm [&Type "Double"]       1.0208007736787527e-03
   &grad [&Type "ArrayOfDoubles", &Dim (81,1)] 
                                                         0

0                                     -2.1852164054124781e-04
1                                     -1.3382297382046743e-04
2                                     -4.5692477859219684e-04
3                                     -3.3609493225835591e-05
4                                      1.8073891479084437e-04
5                                      2.2408576311892369e-04
6                                     -1.1915654308347449e-05
7                                      1.8634334551796000e-05
8                                      7.8679225487252036e-05
9                                      7.0113430098757944e-05
10                                     1.4828768241832713e-06
11                                    -2.5979511105748629e-05
12                                    -1.4854450863474589e-04
13                                     5.8510306161540029e-05
14                                     1.5634394062797674e-04
15                                     9.1663631108256441e-05
16                                    -1.9373958492817367e-04
17                                    -1.4925779822058845e-04
18                                    -2.9102973475800221e-05
19                                     1.8841220961202131e-04
20                                     7.7291986381325091e-05
21                                    -1.0417413493617363e-05
22                                     1.1510856799065022e-05
23                                    -7.6201519740451765e-06
24                                    -4.0909078405323464e-06
25                                     6.7928000003739824e-06
26                                    -4.4225224437913734e-06
27                                    -7.7481760817534745e-06
28                                     8.1707567552882603e-06
29                                    -1.6105006558212939e-05
30                                    -1.1003928540622744e-05
31                                    -3.2275952550858515e-05
32                                    -2.4261457908728761e-05
33                                     8.5344713591749928e-05
34                                     5.8717161011004673e-06
35                                    -5.2226832657102824e-05
36                                     2.2855220084522568e-04
37                                    -3.8781439322125438e-04
38                                     6.1556399792150711e-05
39                                    -2.5616084511551410e-05
40                                     1.7027190786624881e-04
41                                     2.0507220501438106e-04
42                                    -1.3107901597308232e-04
43                                     1.1132154429103341e-04
44                                    -3.5080234820946549e-04
45                                     3.4398835102741020e-05
46                                     5.4737971864296520e-05
47                                     8.9045905357101190e-05
48                                     5.1903236294264382e-05
49                                     1.9597076837216815e-05
50                                     1.6871686975206829e-04
51                                    -4.4793627803352276e-06
52                                     4.8456423871814924e-06
53                                     1.0051392645912859e-04
54                                    -1.2439377169940619e-05
55                                    -4.7808607097194009e-05
56                                    -5.4464787074421858e-05
57                                     3.1891724957012861e-05
58                                    -1.4262269308013952e-05
59                                    -7.8300994698602029e-07
60                                     2.0692994228064567e-05
61                                    -2.2467166483405160e-06
62                                    -2.6782447684846160e-05
63                                     1.9827207593497986e-05
64                                    -8.8789653750476205e-06
65                                     1.2763424263753740e-06
66                                     2.6089461055228691e-05
67                                    -2.4166161458168828e-05
68                                     4.8103807180904443e-05
69                                    -3.7280832558229601e-06
70                                    -8.5286816631710560e-06
71                                     6.8875382339336766e-06
72                                    -5.2870601152106393e-06
73                                    -1.2508711096362616e-05
74                                    -1.8515847624762894e-05
75                                    -1.3150917559540468e-05
76                                     3.6167831382457813e-06
77                                    -1.8829951695942693e-05
78                                     1.0257165166323821e-05
79                                     2.1537324543959707e-05
80                                    -1.0597455334423155e-05
   &Method [&Type "String"] "SCF"
   &Level [&Type "String"] "Relaxed density"
   &Mult [&Type "Integer"] 1
   &State [&Type "Integer"] 0
   &Irrep [&Type "Integer"] 0
$End
$Geometry
   &GeometryIndex 3
   &NAtoms [&Type "Integer"] 27
   &NCorelessECP [&Type "Integer"] 0
   &NGhostAtoms [&Type "Integer"] 0
   &CartesianCoordinates [&Type "Coordinates", &Dim(27,4), &Units "Bohr"] 
              N     -5.147624101449   -0.665474902242   -1.415417674064
              C     -4.646171715032    0.569673243416    1.092883902198
              C     -2.616127596087   -0.874998468315    2.617790952083
              C     -0.303411247695   -1.623368531725    1.150297403642
              C      0.168238988575   -4.019862548449    0.203618680493
              N      2.458731211833   -4.062888460307   -1.031625386667
              C      3.545653903080   -1.699048259524   -0.917532625496
              C      5.859364242660   -0.833919238641   -1.872605714210
              C      6.487363885379    1.686892914639   -1.437028612890
              C      4.850813730712    3.304711456185   -0.079960752585
              C      2.548528806030    2.441363455938    0.862081246932
              C      1.849936264992   -0.096679802344    0.448802291510
              C     -4.034155157332    3.401743945530    0.519630511744
              O     -3.513930082499    4.768942745745    2.384741898292
              O     -4.164803566369    4.043422662920   -1.791628684388
              H     -5.110221370209    0.881870454175   -2.673035829673
              H     -3.711285933125   -1.899029194576   -1.892743464816
              H     -6.842330700713   -1.600746219241   -1.504803506038
              H     -6.426899566596    0.543195919907    2.157845854282
              H     -2.120232802221    0.343567368991    4.227243449492
              H     -3.494699292623   -2.586509902733    3.406269924731
              H     -0.962906444624   -5.727714583618    0.358149210918
              H      3.229489016475   -5.606121286357   -1.870904916393
              H      7.120002492034   -2.092069095356   -2.912721365301
              H      8.275519715975    2.422956004847   -2.154854207028
              H      5.405727628507    5.267458938806    0.229475193656
              H      1.295429633630    3.712631420126    1.896032314061
$End
$SCF_Energy
   &GeometryIndex 3
   &Method [&Type "String"] "SCF"
   &totalEnergy [&Type "ArrayOfDoubles", &Dim (1,1)] "Total energy of each state"
                                                         0

0                                     -6.8668285870324451e+02
   &Mult [&Type "ArrayOfIntegers", &Dim (1,1)] "Multiplicity of each state"
                                                         0

0                                                        1
$End
$DFT_Energy
   &GeometryIndex 3
   &nAlphaEl [&Type "Integer"] 53
   &nBetaEl [&Type "Integer"] 53
   &nTotalEl [&Type "Integer"] 107
   &finalEn [&Type "Double"]      -6.8668285870324451e+02  "No Van der Waals correction"
   &eExchange [&Type "Double"]      -9.1329237206118847e+01
   &eCorr [&Type "Double"]      -3.9728598865147124e+00
   &eXC [&Type "Double"]      -9.5302097092633559e+01
   &eCNL [&Type "Double"]       0.0000000000000000e+00
$End
$Solvation_Details
   &GeometryIndex 3
   &Solvent [&Type "String"] "CONDUCTOR"
   &Epsilon [&Type "Double"]      -1.0000000000000000e+00
   &Refrac [&Type "Double"]       1.3300000000000001e+00
   &RSolv [&Type "Double"]       1.3000000000000000e+00
   &SurfaceType [&Type "String"] "GAUSSIAN VDW"
   &CPCMDielEnergy [&Type "Double"]      -7.9746226000000003e-02
   &NPoints [&Type "Integer"] 1639
   &SurfaceArea [&Type "Double"]       8.3890215401499995e+02
$End
$SCF_Timings
   &GeometryIndex 3
   &TOTAL [&Type "Double"]       7.7419969999999996e+00
   &PREP [&Type "Double"]       3.8906900000000000e-01
   &FOCK [&Type "Double"]       6.5411310000000000e+00
   &DENS [&Type "Double"]       4.9283999999999217e-02
   &ETOT [&Type "Double"]       3.2257999999998122e-02
   &TRAFO [&Type "Double"]       9.5822000000000074e-02
   &DIIS [&Type "Double"]       1.5385599999999999e-01
   &SOSCF [&Type "Double"]       3.2675500000000168e-01
   &XC [&Type "Double"]       2.8104429999999998e+00
   &FOCKSTART [&Type "Double"]       8.0099999999986293e-03
   &SOLV [&Type "Double"]       2.0827519999999993e+00
   &SOLV_INIT [&Type "Double"]       4.4141999999999959e-02
   &INT_PREP [&Type "Double"]       2.0000000002795559e-06
   &INT_BF [&Type "Double"]       7.9896700000000143e-01
   &INT_DENS [&Type "Double"]       1.0318769999999944e+00
   &INT_DENSIO [&Type "Double"]       2.1750786219000027e+04
   &INT_FUNC [&Type "Double"]       5.5909000000001985e-02
   &INT_POT [&Type "Double"]       7.3935700000000892e-01
   &INT_POTIO [&Type "Double"]       8.0339999999949896e-03
   &INT_SUM [&Type "Double"]       1.0200000000082365e-04
   &SPLITRIJ [&Type "Double"]       2.1109670000000014e+00
$End
$Single_Point_Data
   &GeometryIndex 3
   &FinalEnergy [&Type "Double"]      -6.8668285870324451e+02  "Final single point energy"
   &Converged [&Type "Boolean"] true
$End
$SCF_Nuc_Gradient
   &GeometryIndex 3
   &NAtoms [&Type "Integer"] 27
   &gradNorm [&Type "Double"]       3.1338174701730582e-03
   &grad [&Type "ArrayOfDoubles", &Dim (81,1)] 
                                                         0

0                                      5.1099894254945030e-05
1                                     -9.5060333537906605e-05
2                                      2.2418547131057218e-05
3                                      8.9082577604504554e-04
4                                     -5.4979372721474483e-05
5                                     -2.4506043714763413e-04
6                                     -1.0373346955289998e-04
7                                     -8.2186880468329906e-05
8                                     -8.5004755904749887e-05
9                                      5.3782140598962642e-05
10                                    -3.5551051858847063e-05
11                                    -3.8882444262412080e-05
12                                     1.7222611730456118e-04
13                                     9.0109404987276029e-05
14                                     6.7126572703846837e-06
15                                    -1.4866970415662508e-04
16                                     2.6027344718445450e-04
17                                     1.2645246666472681e-04
18                                    -9.8289856814678337e-05
19                                    -1.1387665676286041e-04
20                                     9.2098818990757250e-06
21                                    -2.4353413988000960e-05
22                                    -3.8708488022790727e-05
23                                    -7.4235250374435346e-06
24                                    -2.3603076788216056e-05
25                                     3.2450655299600474e-05
26                                    -1.5124252078810123e-06
27                                     2.1938021799104614e-05
28                                     2.4258121190218977e-06
29                                    -2.2902689340703435e-05
30                                    -4.1435739711297463e-05
31                                    -1.4532431750969438e-05
32                                    -2.6431882788213344e-05
33                                     7.6974458688944085e-06
34                                    -1.0769959062673952e-04
35                                     1.5990416716597441e-06
36                                    -2.2790974412982608e-03
37                                     8.5330422400650002e-04
38                                     2.4526445586758698e-04
39                                     6.7163388308195439e-04
40                                    -5.6859125714201798e-04
41                                    -7.7710495445375630e-04
42                                     8.9308971768236028e-04
43                                    -3.4923414897363413e-04
44                                     5.9804106624505513e-04
45                                    -1.3908971458773036e-04
46                                     1.5130753099833237e-04
47                                     5.0462284311804384e-05
48                                     2.3612120344228618e-05
49                                    -6.5220979177712385e-05
50                                     8.1296263636135291e-05
51                                    -8.8907365669542437e-06
52                                     2.0254948457747168e-05
53                                     5.8050869864611143e-05
54                                    -4.9081553844539105e-05
55                                     1.2060501177892872e-04
56                                    -2.7295347792035719e-05
57                                     2.4242120781462363e-05
58                                     5.1964776112193439e-05
59                                     4.5009471924222942e-05
60                                     1.7129607468486380e-05
61                                    -4.0462991460243555e-05
62                                     2.9696183258670888e-05
63                                     1.0111790063228529e-05
64                                     8.3432039170092120e-06
65                                    -5.1401730829966604e-06
66                                     4.7538494920703125e-05
67                                    -7.9173031077104522e-05
68                                     4.7498596212960931e-06
69                                     3.2593915086313180e-06
70                                    -1.1244054212688689e-05
71                                    -7.9329240367624621e-06
72                                     1.6579024279833425e-05
73                                     5.5986891084481433e-06
74                                    -2.2055567467973861e-05
75                                    -2.9199969474489555e-06
76                                     2.8471601993825847e-05
77                                    -1.9783958317724434e-05
78                                     1.4399159680849281e-05
79                                     3.1411966232507485e-05
80                                     7.5680324898618270e-06
   &Method [&Type "String"] "SCF"
   &Level [&Type "String"] "Relaxed density"
   &Mult [&Type "Integer"] 1
   &State [&Type "Integer"] 0
   &Irrep [&Type "Integer"] 0
$End
$Geometry
   &GeometryIndex 4
   &NAtoms [&Type "Integer"] 27
   &NCorelessECP [&Type "Integer"] 0
   &NGhostAtoms [&Type "Integer"] 0
   &CartesianCoordinates [&Type "Coordinates", &Dim(27,4), &Units "Bohr"] 
              N     -5.139372076408   -0.663033738444   -1.418726574121
              C     -4.645077708583    0.569543499678    1.092855730599
              C     -2.615564376122   -0.874538836337    2.618881259441
              C     -0.302854628794   -1.623758578542    1.151744198083
              C      0.168153671400   -4.020889962571    0.206142052448
              N      2.458430039506   -4.064896281957   -1.030024180358
              C      3.545739114782   -1.700897928460   -0.917190883293
              C      5.859285442959   -0.836493991811   -1.873325988908
              C      6.487573183862    1.684494948941   -1.439442384994
              C      4.851423550847    3.303276375438   -0.083029144772
              C      2.549356217840    2.440670653512    0.860176049123
              C      1.850460725927   -0.097552407191    0.448652213836
              C     -4.035899231142    3.403570740730    0.524530350560
              O     -3.534616791245    4.772028327022    2.394719499054
              O     -4.184099810129    4.052854878997   -1.784249753613
              H     -5.102340695978    0.886092454911   -2.674025558562
              H     -3.699712329989   -1.893064567634   -1.894965862510
              H     -6.832072665803   -1.601441405707   -1.512922340672
              H     -6.427647406897    0.538895655765    2.154367771172
              H     -2.120108902524    0.344245764093    4.228168788626
              H     -3.494528439478   -2.585679910764    3.407529823073
              H     -0.963180536183   -5.728514393780    0.361963183662
              H      3.228650621064   -5.608442048188   -1.868823612697
              H      7.119531202064   -2.095335164240   -2.913044504990
              H      8.275496339892    2.420000525225   -2.158308221011
              H      5.406481039080    5.266167701861    0.224942398422
              H      1.296494393361    3.712697727249    1.893405786887
$End
$SCF_Energy
   &GeometryIndex 4
   &Method [&Type "String"] "SCF"
   &totalEnergy [&Type "ArrayOfDoubles", &Dim (1,1)] "Total energy of each state"
                                                         0

0                                     -6.8668287662599323e+02
   &Mult [&Type "ArrayOfIntegers", &Dim (1,1)] "Multiplicity of each state"
                                                         0

0                                                        1
$End
$DFT_Energy
   &GeometryIndex 4
   &nAlphaEl [&Type "Integer"] 54
   &nBetaEl [&Type "Integer"] 54
   &nTotalEl [&Type "Integer"] 107
   &finalEn [&Type "Double"]      -6.8668287662599323e+02  "No Van der Waals correction"
   &eExchange [&Type "Double"]      -9.1328567664915340e+01
   &eCorr [&Type "Double"]      -3.9727768044641150e+00
   &eXC [&Type "Double"]      -9.5301344469379458e+01
   &eCNL [&Type "Double"]       0.0000000000000000e+00
$End
$Solvation_Details
   &GeometryIndex 4
   &Solvent [&Type "String"] "CONDUCTOR"
   &Epsilon [&Type "Double"]      -1.0000000000000000e+00
   &Refrac [&Type "Double"]       1.3300000000000001e+00
   &RSolv [&Type "Double"]       1.3000000000000000e+00
   &SurfaceType [&Type "String"] "GAUSSIAN VDW"
   &CPCMDielEnergy [&Type "Double"]      -7.9719550000000000e-02
   &NPoints [&Type "Integer"] 1639
   &SurfaceArea [&Type "Double"]       8.3912893186899998e+02
$End
$SCF_Timings
   &GeometryIndex 4
   &TOTAL [&Type "Double"]       7.7852890000000006e+00
   &PREP [&Type "Double"]       3.8015899999999997e-01
   &FOCK [&Type "Double"]       6.6089440000000010e+00
   &DENS [&Type "Double"]       4.8292000000000002e-02
   &ETOT [&Type "Double"]       3.2440999999998388e-02
   &TRAFO [&Type "Double"]       9.5924999999998484e-02
   &DIIS [&Type "Double"]       1.5186099999999980e-01
   &SOSCF [&Type "Double"]       3.2899300000000009e-01
   &XC [&Type "Double"]       2.8299869999999983e+00
   &FOCKSTART [&Type "Double"]       7.6799999999994650e-03
   &SOLV [&Type "Double"]       2.0960210000000004e+00
   &SOLV_INIT [&Type "Double"]       4.3402999999999969e-02
   &INT_PREP [&Type "Double"]       2.9999999999752447e-06
   &INT_BF [&Type "Double"]       7.9379799999993816e-01
   &INT_DENS [&Type "Double"]       1.0437010000000360e+00
   &INT_DENSIO [&Type "Double"]       2.1761517854000020e+04
   &INT_FUNC [&Type "Double"]       5.6559999999984290e-02
   &INT_POT [&Type "Double"]       7.4291800000001840e-01
   &INT_POTIO [&Type "Double"]       8.5570000000011470e-03
   &INT_SUM [&Type "Double"]       1.0500000000068788e-04
   &SPLITRIJ [&Type "Double"]       2.1217929999999980e+00
$End
$Single_Point_Data
   &GeometryIndex 4
   &FinalEnergy [&Type "Double"]      -6.8668287662599323e+02  "Final single point energy"
   &Converged [&Type "Boolean"] true
$End
$SCF_Nuc_Gradient
   &GeometryIndex 4
   &NAtoms [&Type "Integer"] 27
   &gradNorm [&Type "Double"]       5.2657172850263504e-04
   &grad [&Type "ArrayOfDoubles", &Dim (81,1)] 
                                                         0

0                                      2.0857166289359880e-05
1                                     -1.1606935122648182e-04
2                                     -7.4715908672143977e-05
3                                      7.1323344467130040e-05
4                                      9.7729258261802093e-05
5                                      4.7875985864490912e-05
6                                     -4.9345811445640833e-05
7                                      2.6811379025474050e-05
8                                     -7.9282300518194494e-05
9                                      4.5696437588741735e-06
10                                    -1.7916232967471468e-05
11                                    -3.8728826440723174e-05
12                                     6.4366217195442783e-05
13                                     4.7215449747216656e-05
14                                     5.7216910520579631e-05
15                                    -6.3191437401841945e-05
16                                     8.6338908627220379e-05
17                                     5.8761120376032983e-06
18                                    -5.0946356714012342e-05
19                                    -4.2063310589956484e-05
20                                     2.4559501777120674e-05
21                                    -6.0539525551244096e-06
22                                    -2.1322981669026284e-05
23                                    -7.1003428286173925e-06
24                                    -4.9090320418947349e-06
25                                     1.9686952518442336e-05
26                                    -1.3296394088041161e-05
27                                     1.7561676518740472e-05
28                                    -6.9945055494523116e-06
29                                    -2.0530309494435663e-05
30                                    -6.7674899035739507e-06
31                                     8.2193996559102103e-06
32                                     4.6237458754489012e-06
33                                     2.4218556579107676e-05
34                                    -4.1571325526909043e-05
35                                    -8.7935576622002673e-06
36                                     5.7748669086846085e-05
37                                     6.7960201991387748e-05
38                                     2.7754464677481883e-05
39                                    -9.2167289281294869e-05
40                                    -1.0491766001985772e-04
41                                    -2.9222718170222178e-04
42                                     6.3148019871731714e-06
43                                    -6.4529289300970568e-05
44                                     2.5736088625236478e-04
45                                    -3.1410453832396087e-06
46                                     7.0432256994048051e-05
47                                     2.1336339011848379e-05
48                                     7.7712562155593523e-06
49                                     8.9825264223963863e-07
50                                     3.7440005551924935e-05
51                                     7.7021356101533711e-06
52                                    -1.2079632318764966e-05
53                                     5.0488116275948514e-05
54                                    -1.8960608226779863e-05
55                                    -7.8222535732442103e-06
56                                     1.8803046490894863e-05
57                                     4.9112053545792827e-06
58                                     1.8838514828921002e-05
59                                     1.5942383403250030e-05
60                                    -1.0024072774769688e-05
61                                    -7.7359300666695469e-06
62                                     3.3491118470365538e-06
63                                     8.7347788645872337e-06
64                                     1.2135952380948334e-06
65                                    -1.9597550000502711e-07
66                                     1.5817184674374318e-05
67                                    -1.6557714673192531e-05
68                                     3.4022099987816509e-05
69                                     4.4207580036145083e-07
70                                    -7.8030786661237653e-06
71                                    -5.1087230355413571e-06
72                                     6.0458827989939411e-06
73                                    -8.4110116205758645e-07
74                                    -2.4311651051884772e-05
75                                    -5.7245093669723492e-06
76                                     1.6064680278628229e-05
77                                    -2.1639839256394795e-05
78                                    -7.1529956467289782e-06
79                                     6.8155158698540719e-06
80                                    -2.0717699690372439e-05
   &Method [&Type "String"] "SCF"
   &Level [&Type "String"] "Relaxed density"
   &Mult [&Type "Integer"] 1
   &State [&Type "Integer"] 0
   &Irrep [&Type "Integer"] 0
$End
$Geometry
   &GeometryIndex 5
   &NAtoms [&Type "Integer"] 27
   &NCorelessECP [&Type "Integer"] 0
   &NGhostAtoms [&Type "Integer"] 0
   &CartesianCoordinates [&Type "Coordinates", &Dim(27,4), &Units "Bohr"] 
              N     -5.142854223925   -0.663304745245   -1.417862383221
              C     -4.644928846507    0.569898650520    1.092883877765
              C     -2.615422336648   -0.875311800505    2.618489007356
              C     -0.302779460035   -1.624326202936    1.151055315196
              C      0.168551971662   -4.021364914506    0.205093023386
              N      2.459510248454   -4.065090362842   -1.030338979532
              C      3.546310230821   -1.700611006097   -0.917179000102
              C      5.860020312688   -0.835659776917   -1.872411660599
              C      6.487601343437    1.685420687651   -1.438229289076
              C      4.850546259010    3.303893114430   -0.082560758046
              C      2.548405402655    2.440767693097    0.859845377849
              C      1.850225546590   -0.097586826301    0.448093800619
              C     -4.032847955707    3.403195225428    0.522718541606
              O     -3.525512785170    4.771119555704    2.392292092410
              O     -4.184458323751    4.052332567103   -1.786424345328
              H     -5.103608095214    0.884748867304   -2.674208071237
              H     -3.705607395996   -1.896210834748   -1.893959748638
              H     -6.837276216800   -1.598762184930   -1.510699096399
              H     -6.426614966734    0.541722320086    2.155741154691
              H     -2.119490379226    0.342966370568    4.227927523074
              H     -3.494492813146   -2.586476252073    3.406793227040
              H     -0.962428398545   -5.729232474483    0.360968633089
              H      3.230182450635   -5.608400526568   -1.869069929228
              H      7.121024909585   -2.094245062734   -2.911478765733
              H      8.275675360404    2.421266947082   -2.156255867327
              H      5.405150933293    5.266816389473    0.225780380013
              H      1.295117171479    3.712434620234    1.892996034858
$End
$SCF_Energy
   &GeometryIndex 5
   &Method [&Type "String"] "SCF"
   &totalEnergy [&Type "ArrayOfDoubles", &Dim (1,1)] "Total energy of each state"
                                                         0

0                                     -6.8668287575563454e+02
   &Mult [&Type "ArrayOfIntegers", &Dim (1,1)] "Multiplicity of each state"
                                                         0

0                                                        1
$End
$DFT_Energy
   &GeometryIndex 5
   &nAlphaEl [&Type "Integer"] 54
   &nBetaEl [&Type "Integer"] 54
   &nTotalEl [&Type "Integer"] 107
   &finalEn [&Type "Double"]      -6.8668287575563454e+02  "No Van der Waals correction"
   &eExchange [&Type "Double"]      -9.1327948760398868e+01
   &eCorr [&Type "Double"]      -3.9727359856363753e+00
   &eXC [&Type "Double"]      -9.5300684746035245e+01
   &eCNL [&Type "Double"]       0.0000000000000000e+00
$End
$Solvation_Details
   &GeometryIndex 5
   &Solvent [&Type "String"] "CONDUCTOR"
   &Epsilon [&Type "Double"]      -1.0000000000000000e+00
   &Refrac [&Type "Double"]       1.3300000000000001e+00
   &RSolv [&Type "Double"]       1.3000000000000000e+00
   &SurfaceType [&Type "String"] "GAUSSIAN VDW"
   &CPCMDielEnergy [&Type "Double"]      -7.9721736000000001e-02
   &NPoints [&Type "Integer"] 1638
   &SurfaceArea [&Type "Double"]       8.3903649045199995e+02
$End
$SCF_Timings
   &GeometryIndex 5
   &TOTAL [&Type "Double"]       5.7628599999999999e+00
   &PREP [&Type "Double"]       3.8310800000000000e-01
   &FOCK [&Type "Double"]       4.7840699999999989e+00
   &DENS [&Type "Double"]       3.5173999999999594e-02
   &ETOT [&Type "Double"]       2.3123000000000449e-02
   &TRAFO [&Type "Double"]       4.6612999999999793e-02
   &DIIS [&Type "Double"]       5.4094000000000086e-02
   &SOSCF [&Type "Double"]       2.6053800000000060e-01
   &XC [&Type "Double"]       2.1236819999999996e+00
   &FOCKSTART [&Type "Double"]       6.5610000000014823e-03
   &SOLV [&Type "Double"]       1.5529149999999996e+00
   &SOLV_INIT [&Type "Double"]       4.6856999999999982e-02
   &INT_PREP [&Type "Double"]       2.9999999997532001e-06
   &INT_BF [&Type "Double"]       6.0019600000000839e-01
   &INT_DENS [&Type "Double"]       8.0210799999999438e-01
   &INT_DENSIO [&Type "Double"]       1.2708188136000019e+04
   &INT_FUNC [&Type "Double"]       4.1697000000029849e-02
   &INT_POT [&Type "Double"]       5.6983999999998147e-01
   &INT_POTIO [&Type "Double"]       5.9829999999925221e-03
   &INT_SUM [&Type "Double"]       8.6000000000807653e-05
   &SPLITRIJ [&Type "Double"]       1.5676489999999998e+00
$End
$Single_Point_Data
   &GeometryIndex 5
   &FinalEnergy [&Type "Double"]      -6.8668287575563454e+02  "Final single point energy"
   &Converged [&Type "Boolean"] true
$End
$SCF_Nuc_Gradient
   &GeometryIndex 5
   &NAtoms [&Type "Integer"] 27
   &gradNorm [&Type "Double"]       2.8546264493771321e-04
   &grad [&Type "ArrayOfDoubles", &Dim (81,1)] 
                                                         0

0                                     -9.7252983342226151e-05
1                                     -6.8886086171820321e-05
2                                     -1.3132572511090693e-04
3                                      2.6732479957021840e-05
4                                      5.8798360281286238e-05
5                                      4.4571365997579659e-05
6                                     -1.3447305094589114e-05
7                                      2.6399357331858414e-06
8                                      2.5901748657513636e-05
9                                      3.0593654342745986e-05
10                                     1.6509169622190914e-05
11                                     2.3961142323485757e-05
12                                    -1.9931075239015481e-05
13                                     9.2681890007922235e-06
14                                     3.0709906286533525e-05
15                                     4.4697471821442819e-06
16                                    -3.2250798817568677e-05
17                                    -3.5822517529815467e-05
18                                    -1.3660779309252087e-07
19                                     2.3995581487894040e-05
20                                     2.9993470484924317e-05
21                                    -1.0136356193247639e-06
22                                    -3.0438413785131846e-07
23                                    -1.0044335551628869e-05
24                                    -3.5264970071500687e-07
25                                     5.8053851017499710e-06
26                                    -8.7535286042556525e-06
27                                    -3.8104775355778456e-06
28                                     9.1691608940789367e-06
29                                    -1.7954154295260743e-05
30                                    -1.3235229775162877e-05
31                                    -2.9242901181062569e-06
32                                    -2.1960517583851334e-05
33                                     1.3431242562299782e-05
34                                     5.3387330462952368e-06
35                                    -2.3775643073539916e-05
36                                     5.1868346698799930e-06
37                                    -8.0431449720020504e-05
38                                     3.3785329560952031e-05
39                                     2.3380361034980920e-05
40                                     3.5277508034479294e-05
41                                     2.5006537260657130e-05
42                                    -3.1796387487895671e-05
43                                     1.7798468825525569e-05
44                                    -9.9355601859866388e-05
45                                     3.6930527597422470e-05
46                                     2.4677371825772721e-05
47                                     3.0563745141619358e-05
48                                     1.6041930593430065e-05
49                                    -8.1734353479072375e-06
50                                     5.1623332276814343e-05
51                                    -9.6383627953833262e-07
52                                    -1.2802078664022470e-05
53                                     5.1977087833961601e-05
54                                    -6.6778891171237476e-06
55                                    -1.2357047270521865e-05
56                                    -1.0081287415268127e-05
57                                     1.3449938259420691e-05
58                                     2.3405526920310116e-06
59                                     7.5754129982867277e-06
60                                     1.3499537138540393e-05
61                                     5.0091744683775086e-06
62                                     1.6613940672875055e-06
63                                     5.0788495974483233e-06
64                                    -1.5913993772070922e-06
65                                     6.5620217889445593e-06
66                                     1.1964579190323031e-05
67                                    -5.3404403450862947e-06
68                                     4.1151994249147977e-05
69                                    -3.8655367773548013e-06
70                                    -4.1529060834421053e-06
71                                     8.7110787810786711e-07
72                                    -6.2556191764021399e-06
73                                    -4.9824528902515063e-06
74                                    -1.6503665561004056e-05
75                                    -8.1798423523971216e-06
76                                     2.9398170327387535e-06
77                                    -2.0572442820948481e-05
78                                     6.1593916769612025e-06
79                                     1.4629366415238806e-05
80                                    -9.7661744801790309e-06
   &Method [&Type "String"] "SCF"
   &Level [&Type "String"] "Relaxed density"
   &Mult [&Type "Integer"] 1
   &State [&Type "Integer"] 0
   &Irrep [&Type "Integer"] 0
$End
$Geometry
   &GeometryIndex 6
   &NAtoms [&Type "Integer"] 27
   &NCorelessECP [&Type "Integer"] 0
   &NGhostAtoms [&Type "Integer"] 0
   &CartesianCoordinates [&Type "Coordinates", &Dim(27,4), &Units "Bohr"] 
              N     -5.141073114812   -0.662842221351   -1.418526733995
              C     -4.644927129340    0.569648179636    1.092682369345
              C     -2.615437834913   -0.875035352893    2.618800809760
              C     -0.302781144788   -1.624407096517    1.151636315193
              C      0.168510102021   -4.021560168885    0.205911179206
              N      2.459229761742   -4.065331034978   -1.029834588896
              C      3.546049665252   -1.700910456073   -0.917112515580
              C      5.859543338648   -0.835997709190   -1.872906030184
              C      6.487173765463    1.685119697574   -1.439019687092
              C      4.850443636719    3.303642355494   -0.083018234989
              C      2.548524960173    2.440563873392    0.859983231842
              C      1.850233724252   -0.097807169657    0.448480275085
              C     -4.033961175885    3.403522993214    0.523877618016
              O     -3.529809271674    4.771260209515    2.394345396929
              O     -4.182919933488    4.052992125613   -1.785195183924
              H     -5.102696588720    0.885506846191   -2.674482525520
              H     -3.702953317216   -1.894587030659   -1.895036083486
              H     -6.834809780162   -1.599444441636   -1.512516651412
              H     -6.427029089704    0.540417667773    2.154835832044
              H     -2.119690172936    0.343859122088    4.227834017423
              H     -3.494502748129   -2.585911766564    3.407764698637
              H     -0.962461799227   -5.729402273188    0.362134025556
              H      3.229491001093   -5.608577216289   -1.869114187582
              H      7.120323172672   -2.094606410808   -2.912224330659
              H      8.275049619247    2.420992684659   -2.157529767194
              H      5.405105355720    5.266606051514    0.225001807876
              H      1.295374941299    3.712288579820    1.893229038089
$End
$SCF_Mulliken_Population_Analysis
   &GeometryIndex 6
   &NAtoms [&Type "Integer"] 27
   &ATNO [&Type "ArrayOfIntegers", &Dim (27,1)] 
                                                         0

0                                                        7
1                                                        6
2                                                        6
3                                                        6
4                                                        6
5                                                        7
6                                                        6
7                                                        6
8                                                        6
9                                                        6
10                                                       6
11                                                       6
12                                                       6
13                                                       8
14                                                       8
15                                                       1
16                                                       1
17                                                       1
18                                                       1
19                                                       1
20                                                       1
21                                                       1
22                                                       1
23                                                       1
24                                                       1
25                                                       1
26                                                       1
   &AtomicCharges [&Type "ArrayOfDoubles", &Dim (27,1)] 
                                                         0

0                                     -2.3249756180841885e-01
1                                     -7.6133163632702505e-02
2                                     -1.8140128952881973e-01
3                                     -1.7826748606335485e-01
4                                     -8.1496563441183945e-02
5                                     -1.9509732776005784e-01
6                                      1.3657602387092549e-01
7                                     -2.5037041284065964e-01
8                                     -1.5222465138318331e-01
9                                     -1.7103556971421163e-01
10                                    -2.4994456436812484e-01
11                                     7.6201838398160859e-02
12                                     2.3354975080693396e-01
13                                    -5.1047658411457242e-01
14                                    -5.2964718626459195e-01
15                                     2.9123754039969729e-01
16                                     3.0823493954234116e-01
17                                     3.2631694398004485e-01
18                                     1.5838536632126954e-01
19                                     1.2754988949774604e-01
20                                     1.4325228457978734e-01
21                                     1.7702936857344675e-01
22                                     2.7439802308047301e-01
23                                     1.4311855725977718e-01
24                                     1.4401508595565171e-01
25                                     1.4011561798536876e-01
26                                     1.2861113066843965e-01
   &Method [&Type "String"] "SCF"
   &Level [&Type "String"] "Relaxed density"
   &Mult [&Type "Integer"] 1
   &State [&Type "Integer"] -1
   &Irrep [&Type "Integer"] 0
$End
$SCF_Loewdin_Population_Analysis
   &GeometryIndex 6
   &NAtoms [&Type "Integer"] 27
   &ATNO [&Type "ArrayOfIntegers", &Dim (27,1)] 
                                                         0

0                                                        7
1                                                        6
2                                                        6
3                                                        6
4                                                        6
5                                                        7
6                                                        6
7                                                        6
8                                                        6
9                                                        6
10                                                       6
11                                                       6
12                                                       6
13                                                       8
14                                                       8
15                                                       1
16                                                       1
17                                                       1
18                                                       1
19                                                       1
20                                                       1
21                                                       1
22                                                       1
23                                                       1
24                                                       1
25                                                       1
26                                                       1
   &AtomicCharges [&Type "ArrayOfDoubles", &Dim (27,1)] 
                                                         0

0                                      1.8200032046878611e-01
1                                     -2.3359194241020198e-01
2                                     -2.0482320772729778e-01
3                                     -1.7300519814560644e-01
4                                     -1.7862202882229550e-01
5                                      2.2052329936673853e-01
6                                     -1.6780941468255328e-01
7                                     -1.3658935205737244e-01
8                                     -1.6789343900812526e-01
9                                     -1.7547804982286408e-01
10                                    -1.2862863976489880e-01
11                                    -1.0631594736606775e-01
12                                    -6.5349250457924946e-01
13                                    -7.7951774523304707e-02
14                                    -9.7669041225968201e-02
15                                     2.0690067435994697e-01
16                                     2.1024249707015152e-01
17                                     2.1835363158186194e-01
18                                     1.7259311617754614e-01
19                                     1.6096632801188548e-01
20                                     1.6123840676250278e-01
21                                     1.5121149453471661e-01
22                                     2.1257015172667160e-01
23                                     1.5512398497384716e-01
24                                     1.5057522752558106e-01
25                                     1.4939259280026940e-01
26                                     1.5017881477553718e-01
   &Method [&Type "String"] "SCF"
   &Level [&Type "String"] "Relaxed density"
   &Mult [&Type "Integer"] 1
   &State [&Type "Integer"] -1
   &Irrep [&Type "Integer"] 0
$End
$SCF_Mayer_Population_Analysis
   &GeometryIndex 6
   &NAtoms [&Type "Integer"] 27 "Total number of atoms"
   &NBondOrdersPrint [&Type "Integer"] 29 "The number of bond orders larger than threshold"
   &bondThresh [&Type "Double"]       1.0000000000000001e-01  "The threshold for printing"
   &components [&Type "ArrayOfIntegers", &Dim (29,4)] "The indices and atomic numbers of the bonding atoms"
                                                         0                           1                           2                           3

0                                                        0                           7                           1                           6
1                                                        0                           7                          15                           1
2                                                        0                           7                          16                           1
3                                                        0                           7                          17                           1
4                                                        1                           6                           2                           6
5                                                        1                           6                          12                           6
6                                                        1                           6                          18                           1
7                                                        2                           6                           3                           6
8                                                        2                           6                          19                           1
9                                                        2                           6                          20                           1
10                                                       3                           6                           4                           6
11                                                       3                           6                          11                           6
12                                                       4                           6                           5                           7
13                                                       4                           6                          21                           1
14                                                       5                           7                           6                           6
15                                                       5                           7                          22                           1
16                                                       6                           6                           7                           6
17                                                       6                           6                          11                           6
18                                                       7                           6                           8                           6
19                                                       7                           6                          23                           1
20                                                       8                           6                           9                           6
21                                                       8                           6                          24                           1
22                                                       9                           6                          10                           6
23                                                       9                           6                          25                           1
24                                                      10                           6                          11                           6
25                                                      10                           6                          26                           1
26                                                      12                           6                          13                           8
27                                                      12                           6                          14                           8
28                                                      14                           8                          15                           1
   &BondOrders [&Type "ArrayOfDoubles", &Dim (29,1)] "The bond orders"
                                                         0

0                                      9.1833283228990370e-01
1                                      7.9992967731068987e-01
2                                      8.6114976151311928e-01
3                                      8.7117780485092111e-01
4                                      9.5342216398782043e-01
5                                      9.1686713029666000e-01
6                                      9.3511330817397809e-01
7                                      9.6877996643697162e-01
8                                      9.5297023300653505e-01
9                                      9.5042960649128949e-01
10                                     1.5594479236207262e+00
11                                     1.1329976589581885e+00
12                                     1.1910046254693709e+00
13                                     9.5030536584031888e-01
14                                     1.1701210041269552e+00
15                                     8.8915867921634884e-01
16                                     1.2600056278688643e+00
17                                     1.2596959488006343e+00
18                                     1.4311717656827616e+00
19                                     9.9306364174253337e-01
20                                     1.3088576703545018e+00
21                                     9.7237028241152901e-01
22                                     1.4696757809803858e+00
23                                     9.7620271560927019e-01
24                                     1.2491580002598734e+00
25                                     9.6525797629010546e-01
26                                     1.8267489470687766e+00
27                                     1.6879661165913660e+00
28                                     1.4975367792332009e-01
   &ATNO [&Type "ArrayOfIntegers", &Dim (27,1)] "Atomic number of the elements"
                                                         0

0                                                        7
1                                                        6
2                                                        6
3                                                        6
4                                                        6
5                                                        7
6                                                        6
7                                                        6
8                                                        6
9                                                        6
10                                                       6
11                                                       6
12                                                       6
13                                                       8
14                                                       8
15                                                       1
16                                                       1
17                                                       1
18                                                       1
19                                                       1
20                                                       1
21                                                       1
22                                                       1
23                                                       1
24                                                       1
25                                                       1
26                                                       1
   &NA [&Type "ArrayOfDoubles", &Dim (27,1)] "Mulliken gross atomic population"
                                                         0

0                                      7.2324975618084180e+00
1                                      6.0761331636326990e+00
2                                      6.1814012895288215e+00
3                                      6.1782674860633504e+00
4                                      6.0814965634411911e+00
5                                      7.1950973277600481e+00
6                                      5.8634239761290630e+00
7                                      6.2503704128406525e+00
8                                      6.1522246513832028e+00
9                                      6.1710355697142170e+00
10                                     6.2499445643681133e+00
11                                     5.9237981616018383e+00
12                                     5.7664502491930740e+00
13                                     8.5104765841145706e+00
14                                     8.5296471862645777e+00
15                                     7.0876245960030337e-01
16                                     6.9176506045765906e-01
17                                     6.7368305601995560e-01
18                                     8.4161463367873091e-01
19                                     8.7245011050225385e-01
20                                     8.5674771542021266e-01
21                                     8.2297063142655358e-01
22                                     7.2560197691952677e-01
23                                     8.5688144274022249e-01
24                                     8.5598491404434818e-01
25                                     8.5988438201463147e-01
26                                     8.7138886933156012e-01
   &ZA [&Type "ArrayOfDoubles", &Dim (27,1)] "Total nuclear charge"
                                                         0

0                                      7.0000000000000000e+00
1                                      6.0000000000000000e+00
2                                      6.0000000000000000e+00
3                                      6.0000000000000000e+00
4                                      6.0000000000000000e+00
5                                      7.0000000000000000e+00
6                                      6.0000000000000000e+00
7                                      6.0000000000000000e+00
8                                      6.0000000000000000e+00
9                                      6.0000000000000000e+00
10                                     6.0000000000000000e+00
11                                     6.0000000000000000e+00
12                                     6.0000000000000000e+00
13                                     8.0000000000000000e+00
14                                     8.0000000000000000e+00
15                                     1.0000000000000000e+00
16                                     1.0000000000000000e+00
17                                     1.0000000000000000e+00
18                                     1.0000000000000000e+00
19                                     1.0000000000000000e+00
20                                     1.0000000000000000e+00
21                                     1.0000000000000000e+00
22                                     1.0000000000000000e+00
23                                     1.0000000000000000e+00
24                                     1.0000000000000000e+00
25                                     1.0000000000000000e+00
26                                     1.0000000000000000e+00
   &QA [&Type "ArrayOfDoubles", &Dim (27,1)] "Mulliken gross atomic charge"
                                                         0

0                                     -2.3249756180841796e-01
1                                     -7.6133163632698952e-02
2                                     -1.8140128952882151e-01
3                                     -1.7826748606335041e-01
4                                     -8.1496563441191050e-02
5                                     -1.9509732776004807e-01
6                                      1.3657602387093704e-01
7                                     -2.5037041284065253e-01
8                                     -1.5222465138320285e-01
9                                     -1.7103556971421696e-01
10                                    -2.4994456436811330e-01
11                                     7.6201838398161748e-02
12                                     2.3354975080692597e-01
13                                    -5.1047658411457064e-01
14                                    -5.2964718626457774e-01
15                                     2.9123754039969663e-01
16                                     3.0823493954234094e-01
17                                     3.2631694398004440e-01
18                                     1.5838536632126909e-01
19                                     1.2754988949774615e-01
20                                     1.4325228457978734e-01
21                                     1.7702936857344642e-01
22                                     2.7439802308047323e-01
23                                     1.4311855725977751e-01
24                                     1.4401508595565182e-01
25                                     1.4011561798536853e-01
26                                     1.2861113066843988e-01
   &VA [&Type "ArrayOfDoubles", &Dim (27,1)] "Mayer's total valence"
                                                         0

0                                      3.4477448647073228e+00
1                                      3.7278708780466578e+00
2                                      3.8523507183022301e+00
3                                      3.7531048498668920e+00
4                                      3.8971828531186206e+00
5                                      3.3937235984930547e+00
6                                      3.8040107066180964e+00
7                                      3.8898931186948014e+00
8                                      3.8278652739764851e+00
9                                      3.8590238705502271e+00
10                                     3.8672525774256696e+00
11                                     3.7191461803918830e+00
12                                     4.4799109520236131e+00
13                                     1.9570664282553936e+00
14                                     1.9070992295762252e+00
15                                     9.6724043821001215e-01
16                                     9.2112461644941823e-01
17                                     8.9581549384064685e-01
18                                     9.7319697493924051e-01
19                                     9.9544003014780391e-01
20                                     9.6358109928308466e-01
21                                     9.6928598706347335e-01
22                                     9.2993595385337935e-01
23                                     9.7406796016253405e-01
24                                     9.6112964492935771e-01
25                                     9.6379818657393612e-01
26                                     1.0141058205043019e+00
   &BVA [&Type "ArrayOfDoubles", &Dim (27,1)] "Mayer's bonded valence"
                                                         0

0                                      3.4477448647072473e+00
1                                      3.7278708780467147e+00
2                                      3.8523507183021333e+00
3                                      3.7531048498666890e+00
4                                      3.8971828531186277e+00
5                                      3.3937235984930751e+00
6                                      3.8040107066180147e+00
7                                      3.8898931186948476e+00
8                                      3.8278652739765398e+00
9                                      3.8590238705502946e+00
10                                     3.8672525774256825e+00
11                                     3.7191461803917658e+00
12                                     4.4799109520236229e+00
13                                     1.9570664282553216e+00
14                                     1.9070992295762523e+00
15                                     9.6724043821000083e-01
16                                     9.2112461644941546e-01
17                                     8.9581549384064252e-01
18                                     9.7319697493928503e-01
19                                     9.9544003014778037e-01
20                                     9.6358109928306312e-01
21                                     9.6928598706344038e-01
22                                     9.2993595385337402e-01
23                                     9.7406796016255592e-01
24                                     9.6112964492938047e-01
25                                     9.6379818657395411e-01
26                                     1.0141058205042885e+00
   &FA [&Type "ArrayOfDoubles", &Dim (27,1)] "Mayer's free valence"
                                                         0

0                                      0.0000000000000000e+00
1                                      0.0000000000000000e+00
2                                      0.0000000000000000e+00
3                                      0.0000000000000000e+00
4                                      0.0000000000000000e+00
5                                      0.0000000000000000e+00
6                                      0.0000000000000000e+00
7                                      0.0000000000000000e+00
8                                      0.0000000000000000e+00
9                                      0.0000000000000000e+00
10                                     0.0000000000000000e+00
11                                     0.0000000000000000e+00
12                                     0.0000000000000000e+00
13                                     0.0000000000000000e+00
14                                     0.0000000000000000e+00
15                                     0.0000000000000000e+00
16                                     0.0000000000000000e+00
17                                     0.0000000000000000e+00
18                                     0.0000000000000000e+00
19                                     0.0000000000000000e+00
20                                     0.0000000000000000e+00
21                                     0.0000000000000000e+00
22                                     0.0000000000000000e+00
23                                     0.0000000000000000e+00
24                                     0.0000000000000000e+00
25                                     0.0000000000000000e+00
26                                     0.0000000000000000e+00
   &Method [&Type "String"] "SCF"
   &Level [&Type "String"] "Relaxed density"
   &Mult [&Type "Integer"] 1
   &State [&Type "Integer"] -1
   &Irrep [&Type "Integer"] 0
$End
$SCF_Energy
   &GeometryIndex 6
   &Method [&Type "String"] "SCF"
   &totalEnergy [&Type "ArrayOfDoubles", &Dim (1,1)] "Total energy of each state"
                                                         0

0                                     -6.8668287592717036e+02
   &Mult [&Type "ArrayOfIntegers", &Dim (1,1)] "Multiplicity of each state"
                                                         0

0                                                        1
$End
$DFT_Energy
   &GeometryIndex 6
   &nAlphaEl [&Type "Integer"] 54
   &nBetaEl [&Type "Integer"] 54
   &nTotalEl [&Type "Integer"] 107
   &finalEn [&Type "Double"]      -6.8668287592717036e+02  "No Van der Waals correction"
   &eExchange [&Type "Double"]      -9.1328036190103319e+01
   &eCorr [&Type "Double"]      -3.9727391230475195e+00
   &eXC [&Type "Double"]      -9.5300775313150837e+01
   &eCNL [&Type "Double"]       0.0000000000000000e+00
$End
$Solvation_Details
   &GeometryIndex 6
   &Solvent [&Type "String"] "CONDUCTOR"
   &Epsilon [&Type "Double"]      -1.0000000000000000e+00
   &Refrac [&Type "Double"]       1.3300000000000001e+00
   &RSolv [&Type "Double"]       1.3000000000000000e+00
   &SurfaceType [&Type "String"] "GAUSSIAN VDW"
   &CPCMDielEnergy [&Type "Double"]      -7.9731685999999996e-02
   &NPoints [&Type "Integer"] 1638
   &SurfaceArea [&Type "Double"]       8.3907507478100001e+02
$End
$SCF_Timings
   &GeometryIndex 6
   &TOTAL [&Type "Double"]       4.0381340000000003e+00
   &PREP [&Type "Double"]       3.8214000000000004e-01
   &FOCK [&Type "Double"]       3.1766229999999998e+00
   &DENS [&Type "Double"]       2.1039999999999726e-02
   &ETOT [&Type "Double"]       1.4495000000000147e-02
   &POP [&Type "Double"]       4.2123000000000133e-02
   &TRAFO [&Type "Double"]       4.7435000000000116e-02
   &DIIS [&Type "Double"]       5.3128999999999982e-02
   &SOSCF [&Type "Double"]       1.6902299999999992e-01
   &XC [&Type "Double"]       1.4799190000000007e+00
   &FOCKSTART [&Type "Double"]       4.7489999999999477e-03
   &SOLV [&Type "Double"]       1.0870079999999993e+00
   &SOLV_INIT [&Type "Double"]       4.4930999999999999e-02
   &INT_BF [&Type "Double"]       3.8935300000000783e-01
   &INT_DENS [&Type "Double"]       5.2960100000000720e-01
   &INT_DENSIO [&Type "Double"]       6.3029740799999981e+03
   &INT_FUNC [&Type "Double"]       2.7703999999990625e-02
   &INT_POT [&Type "Double"]       4.1508900000000248e-01
   &INT_POTIO [&Type "Double"]       3.7009999999895182e-03
   &INT_SUM [&Type "Double"]       5.2000000000607116e-05
   &SPLITRIJ [&Type "Double"]       1.0931370000000002e+00
$End
$Single_Point_Data
   &GeometryIndex 6
   &FinalEnergy [&Type "Double"]      -6.8668287592717036e+02  "Final single point energy"
   &Converged [&Type "Boolean"] true
$End
$SCF_Dipole_Moment
   &GeometryIndex 6
   &dipoleMagnitude [&Type "Double", &Units "a.u."]       6.4728794060759851e+00
   &dipoleElecContrib [&Type "ArrayOfDoubles", &Dim (3,1)] "Electronic contribution"
                                                         0

0                                      7.4483296070440907e-01
1                                     -3.3766881538599181e-01
2                                     -9.1760370880176656e-01
   &dipoleNucContrib [&Type "ArrayOfDoubles", &Dim (3,1)] "Nuclear contribution"
                                                         0

0                                     -1.7277015808548462e+00
1                                     -5.8908590477809444e+00
2                                     -5.4444202881361070e-01
   &dipoleTotal [&Type "ArrayOfDoubles", &Dim (3,1)] "Total"
                                                         0

0                                     -9.8286862015043708e-01
1                                     -6.2285278631669359e+00
2                                     -1.4620457376153773e+00
   &doAtomicDipole [&Type "Boolean"] false
   &Method [&Type "String"] "SCF"
   &Level [&Type "String"] "Relaxed density"
   &Mult [&Type "Integer"] 1
   &State [&Type "Integer"] -1
   &Irrep [&Type "Integer"] 0
$End
$Calculation_Info
   &GeometryIndex 6
   &Mult [&Type "Integer"] 1
   &Charge [&Type "Integer"] 0
   &NumOfAtoms [&Type "Integer"] 27
   &NumOfElectrons [&Type "Integer"] 108
   &NumOfBasisFuncts [&Type "Integer"] 537
   &NumOfAuxCBasisFuncts [&Type "Integer"] 0
   &NumOfAuxJBasisFuncts [&Type "Integer"] 867
   &NumOfAuxJKBasisFuncts [&Type "Integer"] 0
   &NumOfCABSBasisFuncts [&Type "Integer"] 0
$End
$Calculation_Timings
   &GeometryIndex 6
   &GTOINT [&Type "Double"]       6.4417279999999923e+00
   &SCF [&Type "Double"]       5.0421398999999994e+01
   &SCFGRAD [&Type "Double"]       2.4340210999999996e+01
   &GSTEP [&Type "Double"]       1.5509999999993092e-02
   &PROP [&Type "Double"]       5.9617000000000075e-01
   &SUM [&Type "Double"]       8.1815017999999966e+01
$End
