*************************************************
******************* ORCA 6.1.0-f.0 ******************
*************************************************
$Calculation_Status
   &GeometryIndex 11
   &version [&Type "String"] "6.1.0-f.0"
   &progName [&Type "String"] "LeanSCF"
   &Status [&Type "String"] "NORMAL TERMINATION"
$End
$Geometry
   &GeometryIndex 1
   &NAtoms [&Type "Integer"] 27
   &NCorelessECP [&Type "Integer"] 0
   &NGhostAtoms [&Type "Integer"] 0
   &CartesianCoordinates [&Type "Coordinates", &Dim(27,4), &Units "Bohr"] 
              N     -5.003924599298   -0.805316902005   -1.351494109691
              C     -4.592449527082    0.499301435995    1.077235623642
              C     -2.586531937755   -0.820864963923    2.703926959736
              C     -0.335366805706   -1.608898128351    1.193475115886
              C      0.056706826238   -3.935740782735    0.125169884419
              N      2.293401134752   -3.965157809311   -1.163882836108
              C      3.403507901986   -1.648437813114   -0.956235079787
              C      5.675549386657   -0.755190177755   -1.925665304584
              C      6.318359800002    1.711970651401   -1.402581721886
              C      4.747614127356    3.266553855471    0.047894523049
              C      2.494804139886    2.398087332742    1.014749769222
              C      1.792840819898   -0.092499184077    0.513018202111
              C     -3.798161917171    3.292951137480    0.354458973399
              O     -3.302744454196    4.767399748951    2.088686932589
              O     -3.829819440846    3.701940879679   -1.974997625762
              H     -4.727705824741    0.741978951175   -2.627542150704
              H     -3.597229661714   -2.117720099095   -1.641039384122
              H     -6.749822278769   -1.595489708849   -1.559177827501
              H     -6.344179997444    0.666413659675    2.150751926101
              H     -2.021533568002    0.514197240040    4.170893956470
              H     -3.419651076458   -2.476705174455    3.608121154979
              H     -1.075125196393   -5.613534867730    0.259305763453
              H      3.037320796872   -5.469914547716   -2.055526509719
              H      6.892875208511   -1.948271777071   -3.045483884647
              H      8.068686865250    2.475788298232   -2.122687811156
              H      5.320673350701    5.193361990832    0.409193624751
              H      1.281905851878    3.623796754513    2.109431911450
$End
$SCF_Mulliken_Population_Analysis
   &GeometryIndex 1
   &NAtoms [&Type "Integer"] 27
   &ATNO [&Type "ArrayOfIntegers", &Dim (27,1)] 
                                                         0

0                                                        7
1                                                        6
2                                                        6
3                                                        6
4                                                        6
5                                                        7
6                                                        6
7                                                        6
8                                                        6
9                                                        6
10                                                       6
11                                                       6
12                                                       6
13                                                       8
14                                                       8
15                                                       1
16                                                       1
17                                                       1
18                                                       1
19                                                       1
20                                                       1
21                                                       1
22                                                       1
23                                                       1
24                                                       1
25                                                       1
26                                                       1
   &AtomicCharges [&Type "ArrayOfDoubles", &Dim (27,1)] 
                                                         0

0                                     -2.2846522580212447e-01
1                                     -6.0482178212466486e-02
2                                     -2.2384384146419301e-01
3                                     -2.1332948860179002e-02
4                                     -8.4083562415820268e-02
5                                     -2.9753962178992932e-01
6                                      1.4181611263385996e-01
7                                     -2.3123903975290805e-01
8                                     -1.2898064422936706e-01
9                                     -1.1777506535444182e-01
10                                    -2.9718126977848325e-01
11                                     2.1164383924586083e-01
12                                     4.9462135992774314e-01
13                                    -6.2863222403288077e-01
14                                    -6.3005339971310903e-01
15                                     2.8704801619188647e-01
16                                     2.8077605482409085e-01
17                                     3.0088309056378415e-01
18                                     1.4828938530548030e-01
19                                     1.3532765823201887e-01
20                                     1.4107802231377420e-01
21                                     1.5012422288443950e-01
22                                     2.2059086989942212e-01
23                                     1.1015149606708052e-01
24                                     1.1122834681242222e-01
25                                     1.0786176225943289e-01
26                                     1.0816878424426868e-01
   &Method [&Type "String"] "SCF"
   &Level [&Type "String"] "Relaxed density"
   &Mult [&Type "Integer"] 1
   &State [&Type "Integer"] -1
   &Irrep [&Type "Integer"] 0
$End
$SCF_Loewdin_Population_Analysis
   &GeometryIndex 1
   &NAtoms [&Type "Integer"] 27
   &ATNO [&Type "ArrayOfIntegers", &Dim (27,1)] 
                                                         0

0                                                        7
1                                                        6
2                                                        6
3                                                        6
4                                                        6
5                                                        7
6                                                        6
7                                                        6
8                                                        6
9                                                        6
10                                                       6
11                                                       6
12                                                       6
13                                                       8
14                                                       8
15                                                       1
16                                                       1
17                                                       1
18                                                       1
19                                                       1
20                                                       1
21                                                       1
22                                                       1
23                                                       1
24                                                       1
25                                                       1
26                                                       1
   &AtomicCharges [&Type "ArrayOfDoubles", &Dim (27,1)] 
                                                         0

0                                      1.5535786366391857e-01
1                                     -1.9402624810535407e-01
2                                     -1.8465027273712398e-01
3                                     -1.6501142844310657e-01
4                                     -1.4190370774290795e-01
5                                      1.5374801305634467e-01
6                                     -1.3184526590824053e-01
7                                     -1.2352044961072117e-01
8                                     -1.5715412971171183e-01
9                                     -1.6548833423867659e-01
10                                    -1.1819076065395162e-01
11                                    -1.0162940978635504e-01
12                                    -4.9507388321583878e-01
13                                    -1.4419141931309021e-01
14                                    -1.5726094085835207e-01
15                                     2.0319444519514418e-01
16                                     2.0128421702765609e-01
17                                     2.0884511612937395e-01
18                                     1.5683567034864221e-01
19                                     1.4977591264302537e-01
20                                     1.4630643810184496e-01
21                                     1.4202614838048710e-01
22                                     2.0031445703308470e-01
23                                     1.4382672278238562e-01
24                                     1.3959691486560544e-01
25                                     1.3811310969191226e-01
26                                     1.4072122140562660e-01
   &Method [&Type "String"] "SCF"
   &Level [&Type "String"] "Relaxed density"
   &Mult [&Type "Integer"] 1
   &State [&Type "Integer"] -1
   &Irrep [&Type "Integer"] 0
$End
$SCF_Mayer_Population_Analysis
   &GeometryIndex 1
   &NAtoms [&Type "Integer"] 27 "Total number of atoms"
   &NBondOrdersPrint [&Type "Integer"] 29 "The number of bond orders larger than threshold"
   &bondThresh [&Type "Double"]       1.0000000000000001e-01  "The threshold for printing"
   &components [&Type "ArrayOfIntegers", &Dim (29,4)] "The indices and atomic numbers of the bonding atoms"
                                                         0                           1                           2                           3

0                                                        0                           7                           1                           6
1                                                        0                           7                          15                           1
2                                                        0                           7                          16                           1
3                                                        0                           7                          17                           1
4                                                        1                           6                           2                           6
5                                                        1                           6                          12                           6
6                                                        1                           6                          18                           1
7                                                        2                           6                           3                           6
8                                                        2                           6                          19                           1
9                                                        2                           6                          20                           1
10                                                       3                           6                           4                           6
11                                                       3                           6                          11                           6
12                                                       4                           6                           5                           7
13                                                       4                           6                          21                           1
14                                                       5                           7                           6                           6
15                                                       5                           7                          22                           1
16                                                       6                           6                           7                           6
17                                                       6                           6                          11                           6
18                                                       7                           6                           8                           6
19                                                       7                           6                          23                           1
20                                                       8                           6                           9                           6
21                                                       8                           6                          24                           1
22                                                       9                           6                          10                           6
23                                                       9                           6                          25                           1
24                                                      10                           6                          11                           6
25                                                      10                           6                          26                           1
26                                                      12                           6                          13                           8
27                                                      12                           6                          14                           8
28                                                      14                           8                          15                           1
   &BondOrders [&Type "ArrayOfDoubles", &Dim (29,1)] "The bond orders"
                                                         0

0                                      9.5396799284839440e-01
1                                      7.7114242941215061e-01
2                                      8.6812322289126242e-01
3                                      8.8389999748230830e-01
4                                      9.7458401991955157e-01
5                                      9.3264634252817491e-01
6                                      9.3711867641978275e-01
7                                      9.5182092308017685e-01
8                                      9.6005639845769886e-01
9                                      9.3825205154968228e-01
10                                     1.5492865077042250e+00
11                                     1.1884888604344162e+00
12                                     1.1631474234924162e+00
13                                     9.6079394209328817e-01
14                                     1.1825500633269634e+00
15                                     9.0494649553365369e-01
16                                     1.2744082641144054e+00
17                                     1.3040784238721110e+00
18                                     1.4286046572458218e+00
19                                     1.0077411241711351e+00
20                                     1.3010701531716629e+00
21                                     9.8823859353162391e-01
22                                     1.4583308582796297e+00
23                                     9.8467606308718925e-01
24                                     1.3064974861876670e+00
25                                     9.6562082031771168e-01
26                                     1.7842115841107047e+00
27                                     1.5902947096027467e+00
28                                     1.8619541928795250e-01
   &ATNO [&Type "ArrayOfIntegers", &Dim (27,1)] "Atomic number of the elements"
                                                         0

0                                                        7
1                                                        6
2                                                        6
3                                                        6
4                                                        6
5                                                        7
6                                                        6
7                                                        6
8                                                        6
9                                                        6
10                                                       6
11                                                       6
12                                                       6
13                                                       8
14                                                       8
15                                                       1
16                                                       1
17                                                       1
18                                                       1
19                                                       1
20                                                       1
21                                                       1
22                                                       1
23                                                       1
24                                                       1
25                                                       1
26                                                       1
   &NA [&Type "ArrayOfDoubles", &Dim (27,1)] "Mulliken gross atomic population"
                                                         0

0                                      7.2284652258021325e+00
1                                      6.0604821782124754e+00
2                                      6.2238438414641912e+00
3                                      6.0213329488601870e+00
4                                      6.0840835624158220e+00
5                                      7.2975396217899311e+00
6                                      5.8581838873661374e+00
7                                      6.2312390397529160e+00
8                                      6.1289806442293644e+00
9                                      6.1177750653544445e+00
10                                     6.2971812697784868e+00
11                                     5.7883561607541401e+00
12                                     5.5053786400722613e+00
13                                     8.6286322240328754e+00
14                                     8.6300533997131126e+00
15                                     7.1295198380811409e-01
16                                     7.1922394517590882e-01
17                                     6.9911690943621574e-01
18                                     8.5171061469451970e-01
19                                     8.6467234176798113e-01
20                                     8.5892197768622569e-01
21                                     8.4987577711556084e-01
22                                     7.7940913010057766e-01
23                                     8.8984850393291937e-01
24                                     8.8877165318757756e-01
25                                     8.9213823774056733e-01
26                                     8.9183121575573177e-01
   &ZA [&Type "ArrayOfDoubles", &Dim (27,1)] "Total nuclear charge"
                                                         0

0                                      7.0000000000000000e+00
1                                      6.0000000000000000e+00
2                                      6.0000000000000000e+00
3                                      6.0000000000000000e+00
4                                      6.0000000000000000e+00
5                                      7.0000000000000000e+00
6                                      6.0000000000000000e+00
7                                      6.0000000000000000e+00
8                                      6.0000000000000000e+00
9                                      6.0000000000000000e+00
10                                     6.0000000000000000e+00
11                                     6.0000000000000000e+00
12                                     6.0000000000000000e+00
13                                     8.0000000000000000e+00
14                                     8.0000000000000000e+00
15                                     1.0000000000000000e+00
16                                     1.0000000000000000e+00
17                                     1.0000000000000000e+00
18                                     1.0000000000000000e+00
19                                     1.0000000000000000e+00
20                                     1.0000000000000000e+00
21                                     1.0000000000000000e+00
22                                     1.0000000000000000e+00
23                                     1.0000000000000000e+00
24                                     1.0000000000000000e+00
25                                     1.0000000000000000e+00
26                                     1.0000000000000000e+00
   &QA [&Type "ArrayOfDoubles", &Dim (27,1)] "Mulliken gross atomic charge"
                                                         0

0                                     -2.2846522580213247e-01
1                                     -6.0482178212475368e-02
2                                     -2.2384384146419123e-01
3                                     -2.1332948860186995e-02
4                                     -8.4083562415822044e-02
5                                     -2.9753962178993110e-01
6                                      1.4181611263386262e-01
7                                     -2.3123903975291604e-01
8                                     -1.2898064422936439e-01
9                                     -1.1777506535444449e-01
10                                    -2.9718126977848680e-01
11                                     2.1164383924585994e-01
12                                     4.9462135992773870e-01
13                                    -6.2863222403287544e-01
14                                    -6.3005339971311258e-01
15                                     2.8704801619188591e-01
16                                     2.8077605482409118e-01
17                                     3.0088309056378426e-01
18                                     1.4828938530548030e-01
19                                     1.3532765823201887e-01
20                                     1.4107802231377431e-01
21                                     1.5012422288443916e-01
22                                     2.2059086989942234e-01
23                                     1.1015149606708063e-01
24                                     1.1122834681242244e-01
25                                     1.0786176225943267e-01
26                                     1.0816878424426823e-01
   &VA [&Type "ArrayOfDoubles", &Dim (27,1)] "Mayer's total valence"
                                                         0

0                                      3.4586766332946466e+00
1                                      3.8281554056019669e+00
2                                      3.8588615160119417e+00
3                                      3.7779722063514249e+00
4                                      3.8969946574667480e+00
5                                      3.3712588396902445e+00
6                                      3.9258931848545986e+00
7                                      3.9168942340515338e+00
8                                      3.8720053967707990e+00
9                                      3.8479225069686178e+00
10                                     3.9409171082753724e+00
11                                     3.9318165088379278e+00
12                                     4.3608045703766978e+00
13                                     1.9150889832979541e+00
14                                     1.8628758804129570e+00
15                                     9.7257873228005742e-01
16                                     9.4705568367991333e-01
17                                     9.1326361639111631e-01
18                                     9.7178294583057356e-01
19                                     9.8594494977742575e-01
20                                     9.5356186762636364e-01
21                                     9.8339844854116609e-01
22                                     9.5999897798752143e-01
23                                     9.7811424020615367e-01
24                                     9.6219102011998092e-01
25                                     9.6528452379030394e-01
26                                     1.0156078965867881e+00
   &BVA [&Type "ArrayOfDoubles", &Dim (27,1)] "Mayer's bonded valence"
                                                         0

0                                      3.4586766332946715e+00
1                                      3.8281554056021698e+00
2                                      3.8588615160120319e+00
3                                      3.7779722063514711e+00
4                                      3.8969946574667942e+00
5                                      3.3712588396902419e+00
6                                      3.9258931848546723e+00
7                                      3.9168942340514818e+00
8                                      3.8720053967708816e+00
9                                      3.8479225069686325e+00
10                                     3.9409171082752277e+00
11                                     3.9318165088379846e+00
12                                     4.3608045703767671e+00
13                                     1.9150889832980078e+00
14                                     1.8628758804130006e+00
15                                     9.7257873228005021e-01
16                                     9.4705568367992055e-01
17                                     9.1326361639111564e-01
18                                     9.7178294583061409e-01
19                                     9.8594494977744263e-01
20                                     9.5356186762636463e-01
21                                     9.8339844854119007e-01
22                                     9.5999897798752043e-01
23                                     9.7811424020613291e-01
24                                     9.6219102012000846e-01
25                                     9.6528452379031737e-01
26                                     1.0156078965867157e+00
   &FA [&Type "ArrayOfDoubles", &Dim (27,1)] "Mayer's free valence"
                                                         0

0                                      0.0000000000000000e+00
1                                      0.0000000000000000e+00
2                                      0.0000000000000000e+00
3                                      0.0000000000000000e+00
4                                      0.0000000000000000e+00
5                                      0.0000000000000000e+00
6                                      0.0000000000000000e+00
7                                      0.0000000000000000e+00
8                                      0.0000000000000000e+00
9                                      0.0000000000000000e+00
10                                     0.0000000000000000e+00
11                                     0.0000000000000000e+00
12                                     0.0000000000000000e+00
13                                     0.0000000000000000e+00
14                                     0.0000000000000000e+00
15                                     0.0000000000000000e+00
16                                     0.0000000000000000e+00
17                                     0.0000000000000000e+00
18                                     0.0000000000000000e+00
19                                     0.0000000000000000e+00
20                                     0.0000000000000000e+00
21                                     0.0000000000000000e+00
22                                     0.0000000000000000e+00
23                                     0.0000000000000000e+00
24                                     0.0000000000000000e+00
25                                     0.0000000000000000e+00
26                                     0.0000000000000000e+00
   &Method [&Type "String"] "SCF"
   &Level [&Type "String"] "Relaxed density"
   &Mult [&Type "Integer"] 1
   &State [&Type "Integer"] -1
   &Irrep [&Type "Integer"] 0
$End
$SCF_Energy
   &GeometryIndex 1
   &Method [&Type "String"] "SCF"
   &totalEnergy [&Type "ArrayOfDoubles", &Dim (1,1)] "Total energy of each state"
                                                         0

0                                     -6.8666189823468312e+02
   &Mult [&Type "ArrayOfIntegers", &Dim (1,1)] "Multiplicity of each state"
                                                         0

0                                                        1
$End
$DFT_Energy
   &GeometryIndex 1
   &nAlphaEl [&Type "Integer"] 54
   &nBetaEl [&Type "Integer"] 54
   &nTotalEl [&Type "Integer"] 108
   &finalEn [&Type "Double"]      -6.8666189823468312e+02  "No Van der Waals correction"
   &eExchange [&Type "Double"]      -9.1487612833609091e+01
   &eCorr [&Type "Double"]      -3.9869278012869365e+00
   &eXC [&Type "Double"]      -9.5474540634896030e+01
   &eCNL [&Type "Double"]       0.0000000000000000e+00
$End
$Solvation_Details
   &GeometryIndex 1
   &Solvent [&Type "String"] "CONDUCTOR"
   &Epsilon [&Type "Double"]      -1.0000000000000000e+00
   &Refrac [&Type "Double"]       1.3300000000000001e+00
   &RSolv [&Type "Double"]       1.3000000000000000e+00
   &SurfaceType [&Type "String"] "GAUSSIAN VDW"
   &CPCMDielEnergy [&Type "Double"]      -7.3060297999999996e-02
   &NPoints [&Type "Integer"] 2342
   &SurfaceArea [&Type "Double"]       8.2084197140100002e+02
$End
$SCF_Timings
   &GeometryIndex 1
   &TOTAL [&Type "Double"]       1.1011958999999999e+01
   &PREP [&Type "Double"]       4.4814100000000001e-01
   &FOCK [&Type "Double"]       9.6906359999999996e+00
   &DENS [&Type "Double"]       5.0180000000001002e-02
   &ETOT [&Type "Double"]       3.3035000000000148e-02
   &POP [&Type "Double"]       2.1029999999999660e-02
   &TRAFO [&Type "Double"]       6.5438000000000107e-02
   &DIIS [&Type "Double"]       2.3110999999999948e-01
   &SOSCF [&Type "Double"]       2.3075800000000024e-01
   &XC [&Type "Double"]       3.6377149999999991e+00
   &FOCKSTART [&Type "Double"]       5.9179999999983690e-03
   &SOLV [&Type "Double"]       3.9933470000000022e+00
   &SOLV_INIT [&Type "Double"]       1.0311100000000001e-01
   &INT_PREP [&Type "Double"]       2.0000000002795559e-06
   &INT_BF [&Type "Double"]       1.0570130000000901e+00
   &INT_DENS [&Type "Double"]       1.2290789999999117e+00
   &INT_DENSIO [&Type "Double"]       4.1864141492000024e+04
   &INT_FUNC [&Type "Double"]       8.5671000000084319e-02
   &INT_POT [&Type "Double"]       1.0599359999999576e+00
   &INT_POTIO [&Type "Double"]       1.1212999999965945e-02
   &INT_SUM [&Type "Double"]       1.5499999999946112e-04
   &SPLITRIJ [&Type "Double"]       2.6601279999999958e+00
$End
$Single_Point_Data
   &GeometryIndex 1
   &FinalEnergy [&Type "Double"]      -6.8666189823468312e+02  "Final single point energy"
   &Converged [&Type "Boolean"] true
$End
$SCF_Nuc_Gradient
   &GeometryIndex 1
   &NAtoms [&Type "Integer"] 27
   &gradNorm [&Type "Double"]       6.3441754484982904e-02
   &grad [&Type "ArrayOfDoubles", &Dim (81,1)] 
                                                         0

0                                      3.3635595013608004e-03
1                                     -2.3965550855093547e-03
2                                      4.5978533033571405e-03
3                                     -6.7240313768356357e-03
4                                     -1.5148811196412126e-02
5                                     -1.1300092177366218e-02
6                                     -1.7853256079394149e-03
7                                      2.7811791739071178e-03
8                                      4.3987112914835608e-03
9                                      5.1426548887997161e-03
10                                    -5.2170280038768124e-03
11                                    -8.4390467345852541e-03
12                                     3.5913670194765122e-03
13                                     8.4828304641787963e-03
14                                    -1.3474452267278080e-03
15                                    -1.7228267765991242e-03
16                                     2.9557678691509402e-03
17                                     2.1871816359637780e-03
18                                    -5.9121027726502691e-03
19                                    -3.8976920277430478e-03
20                                     2.4196996732741946e-03
21                                    -2.1479548419191378e-03
22                                     5.7769377990468055e-03
23                                     3.0865239068797656e-03
24                                    -5.3322743551418262e-03
25                                    -4.4607994985139815e-03
26                                     1.4151948746010975e-03
27                                    -3.5655564313898471e-03
28                                    -7.8644717450384056e-03
29                                    -1.1997144764171984e-03
30                                     2.8140231017087735e-03
31                                    -1.5795948008392902e-03
32                                    -2.6028239923734688e-03
33                                     3.8446473028485246e-03
34                                     2.3613026739640868e-03
35                                    -8.3756780412781642e-04
36                                     9.6469392453514633e-03
37                                     2.5214767179818316e-02
38                                    -4.8018433913991970e-03
39                                    -5.0466072033094975e-03
40                                    -1.6748947083296526e-02
41                                    -2.1029411370604819e-02
42                                    -1.5142517601769790e-03
43                                    -1.0437316981309787e-02
44                                     2.9874891189721687e-02
45                                     1.1929194284187839e-03
46                                     1.6477627625271856e-03
47                                     1.3956133937655692e-03
48                                    -4.1120331757320272e-04
49                                     4.2379647419107762e-03
50                                     2.7379378774659967e-03
51                                     2.5746776860316525e-03
52                                     3.0598813008535352e-03
53                                     4.2452963939245032e-04
54                                     5.8133385095060566e-03
55                                     3.1165751991784744e-03
56                                     1.1739395229814834e-03
57                                     6.4118608839245999e-04
58                                    -2.2201662398808062e-03
59                                    -4.5913260514599550e-03
60                                     2.5984016445807310e-03
61                                     3.5834499199568805e-03
62                                    -3.6257757116502547e-03
63                                     5.5548047259910728e-03
64                                     8.3479390370217385e-03
65                                    -3.7721613865891756e-04
66                                    -2.4852490013162285e-03
67                                     6.3593351211390613e-03
68                                     3.8131023185865552e-03
69                                    -4.8276703640009362e-03
70                                     5.2720818506995174e-03
71                                     4.6433675567432060e-03
72                                    -6.9617394137522198e-03
73                                    -2.2564531952225441e-03
74                                     3.1759870411543871e-03
75                                    -2.3383033889367161e-03
76                                    -7.1680108258724744e-03
77                                    -1.3420047289612576e-03
78                                     3.9965774696813236e-03
79                                    -3.8019284097575625e-03
80                                    -3.8502654212149686e-03
   &Method [&Type "String"] "SCF"
   &Level [&Type "String"] "Relaxed density"
   &Mult [&Type "Integer"] 1
   &State [&Type "Integer"] 0
   &Irrep [&Type "Integer"] 0
$End
$Geometry
   &GeometryIndex 2
   &NAtoms [&Type "Integer"] 27
   &NCorelessECP [&Type "Integer"] 0
   &NGhostAtoms [&Type "Integer"] 0
   &CartesianCoordinates [&Type "Coordinates", &Dim(27,4), &Units "Bohr"] 
              N     -5.180952896364   -0.786181839562   -1.364155509084
              C     -4.687707379693    0.500602166646    1.087839634437
              C     -2.576219111859   -0.793478561739    2.654535819608
              C     -0.293345637623   -1.583602737050    1.151732834301
              C      0.115320827800   -3.950628447429    0.122612900732
              N      2.379057154917   -3.995798141974   -1.160370300457
              C      3.516966519880   -1.668309075415   -0.964614085117
              C      5.830221787349   -0.805586513109   -1.917166172783
              C      6.511143268426    1.674706688445   -1.389898924440
              C      4.932053008661    3.266027369197    0.052119279814
              C      2.631527683924    2.419179079105    0.992815251475
              C      1.883651433272   -0.080951071339    0.484043924732
              C     -4.086959259687    3.346555209326    0.382790698946
              O     -3.651120521921    4.831526797209    2.160163235376
              O     -4.195339882777    3.816625481763   -1.966823366821
              H     -5.047506424785    0.794526250715   -2.625928746998
              H     -3.747011157241   -2.048187664337   -1.776384368579
              H     -6.907749794343   -1.652872605087   -1.488978489077
              H     -6.429099451564    0.548372958817    2.210278360318
              H     -2.025646560250    0.555277746238    4.131784405702
              H     -3.375426298727   -2.462212640144    3.599033643592
              H     -1.034056771525   -5.646547266759    0.267976391417
              H      3.128341538737   -5.529062153245   -2.035973234041
              H      7.057634466906   -2.038013205765   -3.023852079387
              H      8.301856446431    2.412899308357   -2.096290948731
              H      5.535101704600    5.202281633920    0.427655468730
              H      1.415265231864    3.672851233218    2.085054451926
$End
$SCF_Energy
   &GeometryIndex 2
   &Method [&Type "String"] "SCF"
   &totalEnergy [&Type "ArrayOfDoubles", &Dim (1,1)] "Total energy of each state"
                                                         0

0                                     -6.8666734526634696e+02
   &Mult [&Type "ArrayOfIntegers", &Dim (1,1)] "Multiplicity of each state"
                                                         0

0                                                        1
$End
$DFT_Energy
   &GeometryIndex 2
   &nAlphaEl [&Type "Integer"] 54
   &nBetaEl [&Type "Integer"] 54
   &nTotalEl [&Type "Integer"] 107
   &finalEn [&Type "Double"]      -6.8666734526634696e+02  "No Van der Waals correction"
   &eExchange [&Type "Double"]      -9.1344624701240761e+01
   &eCorr [&Type "Double"]      -3.9750577230039976e+00
   &eXC [&Type "Double"]      -9.5319682424244760e+01
   &eCNL [&Type "Double"]       0.0000000000000000e+00
$End
$Solvation_Details
   &GeometryIndex 2
   &Solvent [&Type "String"] "CONDUCTOR"
   &Epsilon [&Type "Double"]      -1.0000000000000000e+00
   &Refrac [&Type "Double"]       1.3300000000000001e+00
   &RSolv [&Type "Double"]       1.3000000000000000e+00
   &SurfaceType [&Type "String"] "GAUSSIAN VDW"
   &CPCMDielEnergy [&Type "Double"]      -7.5696668999999994e-02
   &NPoints [&Type "Integer"] 2392
   &SurfaceArea [&Type "Double"]       8.4223660751399996e+02
$End
$SCF_Timings
   &GeometryIndex 2
   &TOTAL [&Type "Double"]       8.5508159999999993e+00
   &PREP [&Type "Double"]       4.4640900000000000e-01
   &FOCK [&Type "Double"]       7.5353610000000000e+00
   &DENS [&Type "Double"]       3.8746999999998977e-02
   &ETOT [&Type "Double"]       2.7130999999999794e-02
   &TRAFO [&Type "Double"]       5.3875999999998703e-02
   &DIIS [&Type "Double"]       1.9854500000000019e-01
   &SOSCF [&Type "Double"]       1.7962299999999898e-01
   &XC [&Type "Double"]       2.7247160000000008e+00
   &FOCKSTART [&Type "Double"]       5.5099999999996263e-03
   &SOLV [&Type "Double"]       3.1227590000000012e+00
   &SOLV_INIT [&Type "Double"]       1.2162600000000001e-01
   &SOLV_FINAL [&Type "Double"]       1.0000000010279564e-06
   &INT_PREP [&Type "Double"]       2.9999999986429771e-06
   &INT_BF [&Type "Double"]       8.1303299999993273e-01
   &INT_DENS [&Type "Double"]       9.1664200000002760e-01
   &INT_DENSIO [&Type "Double"]       2.7717653283000029e+04
   &INT_FUNC [&Type "Double"]       6.7712999999973822e-02
   &INT_POT [&Type "Double"]       7.4744800000004052e-01
   &INT_POTIO [&Type "Double"]       8.8540000000275620e-03
   &INT_SUM [&Type "Double"]       1.1899999999764876e-04
   &SPLITRIJ [&Type "Double"]       2.1198500000000013e+00
$End
$Single_Point_Data
   &GeometryIndex 2
   &FinalEnergy [&Type "Double"]      -6.8666734526634696e+02  "Final single point energy"
   &Converged [&Type "Boolean"] true
$End
$SCF_Nuc_Gradient
   &GeometryIndex 2
   &NAtoms [&Type "Integer"] 27
   &gradNorm [&Type "Double"]       2.4732014466136369e-02
   &grad [&Type "ArrayOfDoubles", &Dim (81,1)] 
                                                         0

0                                     -1.1506093241005523e-03
1                                     -1.2962776063840178e-03
2                                      3.1578635331356505e-03
3                                     -5.1534373751832216e-03
4                                     -1.0580120260937464e-02
5                                     -7.6742279262664252e-03
6                                     -8.4127713228784526e-04
7                                      2.1086234838128496e-03
8                                      3.3064107051934376e-03
9                                      1.8457840451979058e-03
10                                    -2.6886492696752686e-03
11                                    -2.3795078507940996e-03
12                                     1.9284390076757712e-03
13                                     3.2125389237410993e-03
14                                     2.1894255630915604e-04
15                                    -7.7473115156994439e-04
16                                     1.9362480212302934e-03
17                                     8.5302069472238500e-05
18                                    -2.1314510516649001e-03
19                                    -2.6349721905889463e-03
20                                     5.5129858526711318e-04
21                                    -9.5767269607823337e-04
22                                     2.9871329006218791e-03
23                                     1.3090323081490912e-03
24                                    -2.0883875857626378e-03
25                                    -2.0870241994792775e-03
26                                     2.1916807944578984e-04
27                                    -1.0212964952944089e-03
28                                    -3.4326497716499261e-03
29                                    -7.6374308636692912e-04
30                                     9.7749774438649572e-04
31                                     6.5290654997305492e-05
32                                     2.6764264021801316e-04
33                                     2.6383995604088301e-03
34                                     1.5393729589585781e-03
35                                     1.9434249297700656e-04
36                                     3.4278211453685190e-03
37                                     1.1740054416643639e-02
38                                    -1.1610398976152972e-03
39                                    -1.8157004599684543e-03
40                                    -4.3031328789758239e-03
41                                    -4.8870708186050278e-03
42                                    -3.7609325911402720e-04
43                                    -4.4515248818645459e-03
44                                     6.8107840981695665e-03
45                                     4.8847901254705367e-04
46                                     3.1442492604355811e-03
47                                    -1.2159156882736097e-04
48                                     1.9546133948748368e-03
49                                     8.5863112420529047e-04
50                                     8.5349286013663983e-04
51                                    -5.8306224317674835e-04
52                                     1.2423914283997868e-03
53                                    -2.4168563340743040e-04
54                                     1.2662522155024655e-03
55                                     2.4264423504170626e-03
56                                     1.2707446594949672e-03
57                                     1.0645522271809679e-03
58                                    -3.2631336365953516e-04
59                                    -1.0434009991493198e-03
60                                     6.6648173649929126e-04
61                                    -4.2818688985642867e-06
62                                    -3.4908086078514616e-04
63                                     2.1959748026406135e-04
64                                     2.7919787981124655e-04
65                                     5.9486413466800772e-04
66                                     4.3001260400279441e-04
67                                     8.6512638407473114e-05
68                                    -8.4818251506257186e-05
69                                     1.6196499521170093e-05
70                                     4.7197578599358740e-04
71                                     2.2718390093579358e-04
72                                    -3.7403048352412527e-04
73                                     3.7408309468085635e-04
74                                     3.8879870082101574e-04
75                                    -6.8594053121485022e-05
76                                    -2.1619521013773683e-04
77                                    -1.1865434035940726e-04
78                                     4.1221663677956221e-04
79                                    -4.5160342017428606e-04
80                                    -6.3105009130430458e-04
   &Method [&Type "String"] "SCF"
   &Level [&Type "String"] "Relaxed density"
   &Mult [&Type "Integer"] 1
   &State [&Type "Integer"] 0
   &Irrep [&Type "Integer"] 0
$End
$Geometry
   &GeometryIndex 3
   &NAtoms [&Type "Integer"] 27
   &NCorelessECP [&Type "Integer"] 0
   &NGhostAtoms [&Type "Integer"] 0
   &CartesianCoordinates [&Type "Coordinates", &Dim(27,4), &Units "Bohr"] 
              N     -5.181264687351   -0.766223766459   -1.367070905369
              C     -4.685016632271    0.518160851605    1.102128728103
              C     -2.583526509115   -0.806939411112    2.649215651568
              C     -0.298190397163   -1.589014353115    1.147792778919
              C      0.111694560880   -3.962091256532    0.114651062044
              N      2.397214413343   -4.012552931625   -1.139887192998
              C      3.533168984718   -1.674763333963   -0.956656465570
              C      5.859065256339   -0.818558689661   -1.897175731641
              C      6.532182922455    1.677111193006   -1.390427450514
              C      4.928299402611    3.285916790200    0.018592506314
              C      2.613576432106    2.436848799393    0.945033341184
              C      1.874852629537   -0.078260094935    0.462874973322
              C     -4.110369265840    3.358793617348    0.419901887741
              O     -3.594102337145    4.814332304407    2.213581183788
              O     -4.244067068537    3.872692877158   -1.931895548014
              H     -5.053200103707    0.805298176086   -2.631389780627
              H     -3.760887209557   -2.037259827405   -1.791898257381
              H     -6.906030698906   -1.639549760882   -1.485019244789
              H     -6.437354179568    0.521723501483    2.212014458182
              H     -2.044715019704    0.519190298461    4.155521313403
              H     -3.400051680675   -2.484673695215    3.568142965508
              H     -1.042499015666   -5.659349732121    0.247944008851
              H      3.153215005855   -5.552236696509   -2.000519426763
              H      7.098882403359   -2.065037670852   -2.979625909453
              H      8.331500396199    2.408340056938   -2.089935970987
              H      5.522762939735    5.229560906644    0.382393560833
              H      1.384859382478    3.698541847659    2.021713539934
$End
$SCF_Energy
   &GeometryIndex 3
   &Method [&Type "String"] "SCF"
   &totalEnergy [&Type "ArrayOfDoubles", &Dim (1,1)] "Total energy of each state"
                                                         0

0                                     -6.8666792027981785e+02
   &Mult [&Type "ArrayOfIntegers", &Dim (1,1)] "Multiplicity of each state"
                                                         0

0                                                        1
$End
$DFT_Energy
   &GeometryIndex 3
   &nAlphaEl [&Type "Integer"] 54
   &nBetaEl [&Type "Integer"] 54
   &nTotalEl [&Type "Integer"] 107
   &finalEn [&Type "Double"]      -6.8666792027981785e+02  "No Van der Waals correction"
   &eExchange [&Type "Double"]      -9.1314137066925028e+01
   &eCorr [&Type "Double"]      -3.9728495581241314e+00
   &eXC [&Type "Double"]      -9.5286986625049153e+01
   &eCNL [&Type "Double"]       0.0000000000000000e+00
$End
$Solvation_Details
   &GeometryIndex 3
   &Solvent [&Type "String"] "CONDUCTOR"
   &Epsilon [&Type "Double"]      -1.0000000000000000e+00
   &Refrac [&Type "Double"]       1.3300000000000001e+00
   &RSolv [&Type "Double"]       1.3000000000000000e+00
   &SurfaceType [&Type "String"] "GAUSSIAN VDW"
   &CPCMDielEnergy [&Type "Double"]      -7.6719163000000007e-02
   &NPoints [&Type "Integer"] 2394
   &SurfaceArea [&Type "Double"]       8.4287756115900004e+02
$End
$SCF_Timings
   &GeometryIndex 3
   &TOTAL [&Type "Double"]       7.2577060000000007e+00
   &PREP [&Type "Double"]       4.4859700000000002e-01
   &FOCK [&Type "Double"]       6.2686029999999988e+00
   &DENS [&Type "Double"]       3.3409999999999940e-02
   &ETOT [&Type "Double"]       2.2276999999999658e-02
   &TRAFO [&Type "Double"]       5.3574999999999706e-02
   &DIIS [&Type "Double"]       1.9115900000000008e-01
   &SOSCF [&Type "Double"]       1.4100600000000041e-01
   &XC [&Type "Double"]       2.2579179999999992e+00
   &FOCKSTART [&Type "Double"]       4.5849999999987290e-03
   &SOLV [&Type "Double"]       2.7085879999999998e+00
   &SOLV_INIT [&Type "Double"]       1.0547999999999996e-01
   &INT_PREP [&Type "Double"]       4.0000000003370673e-06
   &INT_BF [&Type "Double"]       6.7679300000001119e-01
   &INT_DENS [&Type "Double"]       7.4519199999999475e-01
   &INT_DENSIO [&Type "Double"]       2.0162211799000022e+04
   &INT_FUNC [&Type "Double"]       5.7441999999991333e-02
   &INT_POT [&Type "Double"]       5.9632699999998140e-01
   &INT_POTIO [&Type "Double"]       7.0130000000214743e-03
   &INT_SUM [&Type "Double"]       9.2000000000425075e-05
   &SPLITRIJ [&Type "Double"]       1.7799099999999983e+00
$End
$Single_Point_Data
   &GeometryIndex 3
   &FinalEnergy [&Type "Double"]      -6.8666792027981785e+02  "Final single point energy"
   &Converged [&Type "Boolean"] true
$End
$SCF_Nuc_Gradient
   &GeometryIndex 3
   &NAtoms [&Type "Integer"] 27
   &gradNorm [&Type "Double"]       1.1816064448782956e-02
   &grad [&Type "ArrayOfDoubles", &Dim (81,1)] 
                                                         0

0                                     -9.0722937271428550e-04
1                                     -1.6137920096210116e-03
2                                      2.2635066695319839e-03
3                                     -1.3599900126809068e-03
4                                     -6.1040309309566068e-03
5                                     -3.7025344073655887e-03
6                                     -7.1548501810377377e-04
7                                      9.6826210880462948e-04
8                                      1.5042039375293423e-03
9                                      4.5911872769384345e-04
10                                    -1.3697155762341954e-03
11                                     9.8544897174168873e-04
12                                    -6.9186881799340565e-04
13                                     7.3486825839341741e-04
14                                    -1.2715774396886647e-03
15                                     1.3333816923825036e-04
16                                    -1.8594623712495095e-05
17                                    -4.3891222395505552e-06
18                                    -1.8635652141542900e-04
19                                    -1.3007264421503947e-03
20                                     2.7848374220749549e-04
21                                    -1.6719287635543097e-04
22                                     6.8977676467030409e-04
23                                     1.7396346367836574e-04
24                                     1.2462749163450956e-04
25                                    -6.0574351984309821e-04
26                                    -3.0875872763942496e-04
27                                     6.9733455678878085e-05
28                                    -2.4892884963164644e-04
29                                    -1.3306844471968910e-04
30                                    -5.0500256957654332e-04
31                                     3.8771536357051686e-04
32                                     1.5929769467959952e-04
33                                     6.4015728163010783e-04
34                                     9.8731951391730320e-04
35                                    -5.6795554083388568e-04
36                                    -2.7692995226325724e-03
37                                     5.4343909140694840e-03
38                                     1.1282084467643125e-03
39                                     1.3320008908154677e-03
40                                    -9.1335901943523715e-04
41                                    -1.3303492006481663e-04
42                                     6.4465996459262681e-04
43                                    -2.0833341267757067e-03
44                                    -1.0221775034626908e-03
45                                     1.2261222512236071e-03
46                                     2.6001942223876726e-03
47                                    -5.3932036391505025e-04
48                                     8.6022277633075565e-04
49                                     5.0429941994557109e-04
50                                     1.7096463481009946e-04
51                                    -3.8749693764534784e-04
52                                     3.7268898464459105e-04
53                                    -1.5551463166366478e-04
54                                     4.3750790086178291e-04
55                                     1.4202813758099884e-03
56                                     9.1646399943482414e-04
57                                     5.4989572681064455e-04
58                                     3.9995732540259576e-04
59                                    -2.0210920502059969e-04
60                                     1.2103101078116303e-04
61                                    -4.8306908134218736e-04
62                                     2.3792456858939305e-04
63                                    -5.4875964473731151e-04
64                                    -5.8929316979155696e-04
65                                     3.3208564333229388e-04
66                                     5.5850655861931948e-04
67                                    -3.7447832778059187e-04
68                                    -9.6226040892564979e-05
69                                     5.7245888544113239e-04
70                                    -3.0883893412637312e-04
71                                    -3.8793452493629576e-04
72                                     5.0608189339448103e-04
73                                     5.5258449887301674e-04
74                                    -6.0228741943343467e-05
75                                     2.9165414947478468e-04
76                                     6.1935945564275865e-04
77                                     1.2499611218611071e-04
78                                    -2.8843583625905167e-04
79                                     3.4220640837038293e-04
80                                     3.0928172636123137e-04
   &Method [&Type "String"] "SCF"
   &Level [&Type "String"] "Relaxed density"
   &Mult [&Type "Integer"] 1
   &State [&Type "Integer"] 0
   &Irrep [&Type "Integer"] 0
$End
$Geometry
   &GeometryIndex 4
   &NAtoms [&Type "Integer"] 27
   &NCorelessECP [&Type "Integer"] 0
   &NGhostAtoms [&Type "Integer"] 0
   &CartesianCoordinates [&Type "Coordinates", &Dim(27,4), &Units "Bohr"] 
              N     -5.147143303681   -0.720580360870   -1.389251595213
              C     -4.653457594279    0.555634435160    1.107875599703
              C     -2.580045636907   -0.821107106970    2.634702331655
              C     -0.289820459368   -1.598763017750    1.146053269550
              C      0.130218292975   -3.987309030899    0.135226042127
              N      2.428550970603   -4.043415064681   -1.103387037864
              C      3.561423515290   -1.694326263799   -0.945152270937
              C      5.897290417049   -0.850279925382   -1.880609095747
              C      6.565479418251    1.661063778900   -1.402300179502
              C      4.941910876180    3.290572487670   -0.026469528856
              C      2.616538147248    2.441276788466    0.894319889825
              C      1.882923387824   -0.087711689417    0.446790901652
              C     -4.099934420800    3.381959193280    0.466138826491
              O     -3.740601877980    4.833155863131    2.315493817341
              O     -4.526066063508    4.006276047944   -1.836370101543
              H     -5.045695209442    0.838209966524   -2.652252107752
              H     -3.738337316067   -1.993982845224   -1.835507632114
              H     -6.862112573529   -1.615122078228   -1.495697863112
              H     -6.428710362414    0.499159788287    2.182434561341
              H     -2.060877692860    0.466488816540    4.184347921869
              H     -3.431104921952   -2.506879140283    3.509372192849
              H     -1.025134264276   -5.685119670814    0.264443832431
              H      3.186275005821   -5.590908479352   -1.947638291062
              H      7.143526413363   -2.114203072568   -2.937131696957
              H      8.370408993593    2.380106780179   -2.102627024384
              H      5.526790643275    5.241451385640    0.316200612778
              H      1.377705540002    3.714352414516    1.950994701020
$End
$SCF_Energy
   &GeometryIndex 4
   &Method [&Type "String"] "SCF"
   &totalEnergy [&Type "ArrayOfDoubles", &Dim (1,1)] "Total energy of each state"
                                                         0

0                                     -6.8666598252350718e+02
   &Mult [&Type "ArrayOfIntegers", &Dim (1,1)] "Multiplicity of each state"
                                                         0

0                                                        1
$End
$DFT_Energy
   &GeometryIndex 4
   &nAlphaEl [&Type "Integer"] 54
   &nBetaEl [&Type "Integer"] 54
   &nTotalEl [&Type "Integer"] 107
   &finalEn [&Type "Double"]      -6.8666598252350718e+02  "No Van der Waals correction"
   &eExchange [&Type "Double"]      -9.1291626445881732e+01
   &eCorr [&Type "Double"]      -3.9706473671643985e+00
   &eXC [&Type "Double"]      -9.5262273813046136e+01
   &eCNL [&Type "Double"]       0.0000000000000000e+00
$End
$Solvation_Details
   &GeometryIndex 4
   &Solvent [&Type "String"] "CONDUCTOR"
   &Epsilon [&Type "Double"]      -1.0000000000000000e+00
   &Refrac [&Type "Double"]       1.3300000000000001e+00
   &RSolv [&Type "Double"]       1.3000000000000000e+00
   &SurfaceType [&Type "String"] "GAUSSIAN VDW"
   &CPCMDielEnergy [&Type "Double"]      -7.8227398000000004e-02
   &NPoints [&Type "Integer"] 2401
   &SurfaceArea [&Type "Double"]       8.4683917722499996e+02
$End
$SCF_Timings
   &GeometryIndex 4
   &TOTAL [&Type "Double"]       7.8073609999999993e+00
   &PREP [&Type "Double"]       4.5353699999999997e-01
   &FOCK [&Type "Double"]       6.8421489999999983e+00
   &DENS [&Type "Double"]       3.9033000000001650e-02
   &ETOT [&Type "Double"]       2.3429000000001698e-02
   &TRAFO [&Type "Double"]       5.2629999999999288e-02
   &DIIS [&Type "Double"]       1.9194599999999973e-01
   &SOSCF [&Type "Double"]       1.5816399999999819e-01
   &XC [&Type "Double"]       2.4785379999999995e+00
   &FOCKSTART [&Type "Double"]       4.9579999999994628e-03
   &SOLV [&Type "Double"]       2.8692339999999992e+00
   &SOLV_INIT [&Type "Double"]       1.0935000000000000e-01
   &INT_PREP [&Type "Double"]       1.0000000001397780e-06
   &INT_BF [&Type "Double"]       7.5414300000000600e-01
   &INT_DENS [&Type "Double"]       8.4300200000000403e-01
   &INT_DENSIO [&Type "Double"]       2.3663184945000030e+04
   &INT_FUNC [&Type "Double"]       6.2866999999982354e-02
   &INT_POT [&Type "Double"]       6.8312499999999410e-01
   &INT_POTIO [&Type "Double"]       8.0819999999989234e-03
   &INT_SUM [&Type "Double"]       1.1300000000036281e-04
   &SPLITRIJ [&Type "Double"]       1.9192240000000000e+00
$End
$Single_Point_Data
   &GeometryIndex 4
   &FinalEnergy [&Type "Double"]      -6.8666598252350718e+02  "Final single point energy"
   &Converged [&Type "Boolean"] true
$End
$SCF_Nuc_Gradient
   &GeometryIndex 4
   &NAtoms [&Type "Integer"] 27
   &gradNorm [&Type "Double"]       3.4680591946144236e-02
   &grad [&Type "ArrayOfDoubles", &Dim (81,1)] 
                                                         0

0                                     -2.1942582702016988e-03
1                                     -4.8967676802221666e-04
2                                      9.5391128885179491e-04
3                                     -6.3666818762431604e-03
4                                      4.2711585599674862e-03
5                                      2.9719392840559071e-03
6                                      5.6826941308464086e-04
7                                      7.9668395350847125e-04
8                                     -1.2224708027426972e-03
9                                     -1.6136174256507374e-03
10                                     8.7240495032548521e-04
11                                     3.1432427178008510e-03
12                                    -2.6502803371605725e-03
13                                    -2.5272075727530144e-03
14                                    -1.4653015732616985e-03
15                                     7.5113405638277354e-04
16                                    -1.9016563710193835e-03
17                                    -5.6302705611887063e-04
18                                     1.6658116749101251e-03
19                                     7.5322892802004394e-04
20                                    -2.2953907323619341e-04
21                                     8.3640882199760699e-04
22                                    -2.1011822803129378e-03
23                                    -1.0790542537524109e-03
24                                     2.5121882360805746e-03
25                                     1.0734274458936302e-03
26                                    -8.1578804007496073e-04
27                                     1.0890238967474308e-03
28                                     3.1807916961392631e-03
29                                     5.4111990334797548e-04
30                                    -1.5126945958865434e-03
31                                     6.2744350533864082e-04
32                                     3.6882339994486250e-04
33                                    -1.1032743344010507e-03
34                                    -2.6788737386471313e-04
35                                    -4.2984755123228607e-04
36                                     2.6204281441036668e-02
37                                    -8.9773448155154797e-03
38                                    -1.1299864687735403e-03
39                                    -8.4354600576974116e-03
40                                     3.4737202944218372e-03
41                                     4.4035767619438823e-03
42                                    -1.1295277699336321e-02
43                                     2.5396021530322784e-03
44                                    -5.0373231508733761e-03
45                                     3.3509740699008399e-03
46                                     1.0860058164371038e-03
47                                    -7.6580119588234158e-04
48                                    -7.1757573084188855e-04
49                                     2.8031320455143560e-04
50                                    -6.7489199619448666e-04
51                                     2.4070273722901284e-04
52                                    -7.8074255158534431e-04
53                                     7.4379954585368502e-05
54                                    -9.3086080273823563e-04
55                                    -2.1460380920754881e-03
56                                     3.8681881395556585e-04
57                                    -2.0322812199772590e-04
58                                     7.9413523497062375e-04
59                                     2.7917048763399376e-04
60                                    -6.9968367277574266e-04
61                                    -4.5706265365234172e-04
62                                     3.1515595568029284e-04
63                                    -7.7670794987803188e-04
64                                    -9.3539484723702271e-04
65                                     6.1392057790141119e-06
66                                     2.8953741536596848e-04
67                                    -3.7136562509164014e-04
68                                     5.6627836536839865e-05
69                                     6.9329830236611063e-04
70                                    -7.6165723662422434e-04
71                                    -6.2076786828917097e-04
72                                     8.8943197384509407e-04
73                                     3.7137343336045108e-04
74                                    -3.8833303069069492e-04
75                                     4.1385722368900797e-04
76                                     8.9947601386309532e-04
77                                     1.8456357232721904e-04
78                                    -1.0053183909564641e-03
79                                     6.9745100244018171e-04
80                                     7.3666287891298570e-04
   &Method [&Type "String"] "SCF"
   &Level [&Type "String"] "Relaxed density"
   &Mult [&Type "Integer"] 1
   &State [&Type "Integer"] 0
   &Irrep [&Type "Integer"] 0
$End
$Geometry
   &GeometryIndex 5
   &NAtoms [&Type "Integer"] 27
   &NCorelessECP [&Type "Integer"] 0
   &NGhostAtoms [&Type "Integer"] 0
   &CartesianCoordinates [&Type "Coordinates", &Dim(27,4), &Units "Bohr"] 
              N     -5.154434794330   -0.725360544100   -1.393470146465
              C     -4.663721905858    0.544940147264    1.101534384259
              C     -2.590732167490   -0.824966777164    2.637900362032
              C     -0.297947050481   -1.599921617705    1.153373094629
              C      0.135365741120   -3.987867132117    0.158897768823
              N      2.416440929370   -4.032885159742   -1.103241257869
              C      3.539014412537   -1.684096565875   -0.946737741120
              C      5.861812608058   -0.830009981445   -1.894864303071
              C      6.524733963967    1.676027558005   -1.411334587466
              C      4.911681625565    3.291600065201   -0.016800173382
              C      2.600687114851    2.435923571172    0.918554381386
              C      1.870935390804   -0.087808181987    0.462236574497
              C     -4.098456157146    3.374199710981    0.464889557643
              O     -3.640661848826    4.814996165891    2.293506300583
              O     -4.246282352193    3.950006690865   -1.876644812897
              H     -5.078713385887    0.841331312559   -2.648274898340
              H     -3.730573968272   -1.980658047765   -1.846598558582
              H     -6.861993819896   -1.633206039110   -1.496947355392
              H     -6.435741220822    0.503711994385    2.179101073630
              H     -2.071706764992    0.465323787119    4.182555480700
              H     -3.436659066551   -2.510086088707    3.513945276544
              H     -1.008763415481   -5.689046095925    0.299995009135
              H      3.173907644847   -5.574966704530   -1.955276674698
              H      7.103132244285   -2.083477778237   -2.964290688014
              H      8.319702759504    2.403593263427   -2.121397132523
              H      5.492799724250    5.241117173441    0.326462183279
              H      1.366173683476    3.701585274099    1.982926958271
$End
$SCF_Energy
   &GeometryIndex 5
   &Method [&Type "String"] "SCF"
   &totalEnergy [&Type "ArrayOfDoubles", &Dim (1,1)] "Total energy of each state"
                                                         0

0                                     -6.8666822767418182e+02
   &Mult [&Type "ArrayOfIntegers", &Dim (1,1)] "Multiplicity of each state"
                                                         0

0                                                        1
$End
$DFT_Energy
   &GeometryIndex 5
   &nAlphaEl [&Type "Integer"] 54
   &nBetaEl [&Type "Integer"] 54
   &nTotalEl [&Type "Integer"] 107
   &finalEn [&Type "Double"]      -6.8666822767418182e+02  "No Van der Waals correction"
   &eExchange [&Type "Double"]      -9.1312534658669790e+01
   &eCorr [&Type "Double"]      -3.9721831456709564e+00
   &eXC [&Type "Double"]      -9.5284717804340744e+01
   &eCNL [&Type "Double"]       0.0000000000000000e+00
$End
$Solvation_Details
   &GeometryIndex 5
   &Solvent [&Type "String"] "CONDUCTOR"
   &Epsilon [&Type "Double"]      -1.0000000000000000e+00
   &Refrac [&Type "Double"]       1.3300000000000001e+00
   &RSolv [&Type "Double"]       1.3000000000000000e+00
   &SurfaceType [&Type "String"] "GAUSSIAN VDW"
   &CPCMDielEnergy [&Type "Double"]      -7.8357186999999995e-02
   &NPoints [&Type "Integer"] 2397
   &SurfaceArea [&Type "Double"]       8.4411137283799997e+02
$End
$SCF_Timings
   &GeometryIndex 5
   &TOTAL [&Type "Double"]       6.4820200000000003e+00
   &PREP [&Type "Double"]       4.4043900000000002e-01
   &FOCK [&Type "Double"]       5.5713610000000005e+00
   &DENS [&Type "Double"]       2.7932999999999097e-02
   &ETOT [&Type "Double"]       1.8991999999999676e-02
   &TRAFO [&Type "Double"]       5.3830000000000267e-02
   &DIIS [&Type "Double"]       2.0061600000000035e-01
   &SOSCF [&Type "Double"]       1.0881300000000049e-01
   &XC [&Type "Double"]       2.0279920000000007e+00
   &FOCKSTART [&Type "Double"]       5.1629999999996401e-03
   &SOLV [&Type "Double"]       2.3986740000000002e+00
   &SOLV_INIT [&Type "Double"]       1.0786299999999999e-01
   &INT_PREP [&Type "Double"]       1.9999999996134221e-06
   &INT_BF [&Type "Double"]       5.9165200000000218e-01
   &INT_DENS [&Type "Double"]       6.6737000000000157e-01
   &INT_DENSIO [&Type "Double"]       1.5287079095000012e+04
   &INT_FUNC [&Type "Double"]       5.0566000000003886e-02
   &INT_POT [&Type "Double"]       5.7833400000000124e-01
   &INT_POTIO [&Type "Double"]       5.9289999999958543e-03
   &INT_SUM [&Type "Double"]       8.4999999998336406e-05
   &SPLITRIJ [&Type "Double"]       1.5891649999999997e+00
$End
$Single_Point_Data
   &GeometryIndex 5
   &FinalEnergy [&Type "Double"]      -6.8666822767418182e+02  "Final single point energy"
   &Converged [&Type "Boolean"] true
$End
$SCF_Nuc_Gradient
   &GeometryIndex 5
   &NAtoms [&Type "Integer"] 27
   &gradNorm [&Type "Double"]       6.6895762362377308e-03
   &grad [&Type "ArrayOfDoubles", &Dim (81,1)] 
                                                         0

0                                      3.9819500390367996e-05
1                                     -1.1320719983848974e-03
2                                      5.3284641841673530e-04
3                                     -3.8101861585726829e-05
4                                      1.5370399284659816e-05
5                                      4.0194914628841061e-04
6                                     -1.9379372671475461e-04
7                                      2.9193635214808805e-04
8                                     -4.5150673081125478e-04
9                                     -9.8734587092359294e-04
10                                     4.2026826766557168e-04
11                                     7.7771820714676344e-04
12                                    -7.0690302402413516e-04
13                                    -1.2761877237808493e-03
14                                     5.0928045868350348e-06
15                                     9.2469235968216292e-05
16                                    -5.9343977363331135e-04
17                                    -7.5022632846011902e-04
18                                     5.6262419186239540e-04
19                                     2.7215475935657733e-04
20                                    -2.4189371853277741e-04
21                                     3.2789257380991818e-04
22                                    -9.6519604700627711e-04
23                                    -4.9147562266169207e-04
24                                     1.1543592852090376e-03
25                                     3.2361912026101038e-04
26                                    -4.0334865044373749e-04
27                                     4.2008820203775577e-04
28                                     1.5083893174126690e-03
29                                     2.6057289274791220e-04
30                                    -6.5712634686106467e-04
31                                     2.4236456668528606e-04
32                                     3.6873442517911035e-04
33                                    -1.0565296858747533e-04
34                                    -3.2142384199410241e-04
35                                     3.9785683826158887e-04
36                                     1.0493381402221602e-03
37                                    -1.9712119416784683e-03
38                                     2.2614524386474636e-03
39                                    -2.0119899639980694e-04
40                                     1.2830720205554147e-03
41                                     1.2529428379514616e-03
42                                    -7.1238330045805473e-04
43                                     2.3334397781975892e-04
44                                    -3.7408229082934105e-03
45                                     1.8217541158575151e-04
46                                     1.5412895324985109e-03
47                                    -3.3744613251261019e-05
48                                    -3.2391096282434473e-04
49                                    -1.4294385600932200e-04
50                                    -1.5332603714353875e-04
51                                     2.0279258218550492e-04
52                                     4.6142223119220033e-05
53                                    -2.6197552565421570e-04
54                                    -8.3789597696667245e-05
55                                    -1.5876342141401970e-04
56                                     7.8758883973151575e-05
57                                    -9.1852676336900453e-06
58                                     3.7802591631170938e-04
59                                    -1.6814485846012510e-04
60                                    -9.0176745598479630e-05
61                                    -7.6499574079885030e-05
62                                     1.9438735020813752e-04
63                                    -8.6648773558644157e-05
64                                    -1.9730856453421125e-04
65                                     1.1953315144713262e-04
66                                     7.0059520916595369e-05
67                                     4.1947776232200557e-05
68                                     9.1299701840266007e-05
69                                     1.4370411430843959e-04
70                                    -1.3386310848112395e-04
71                                    -1.0784257937750379e-04
72                                     1.2158992262396818e-04
73                                     1.0923727335749190e-04
74                                    -6.3166888427348532e-05
75                                     8.8451105896183123e-05
76                                     1.3207451539455281e-04
77                                    -3.1449616482811431e-05
78                                    -2.5914634592530145e-04
79                                     1.2967383526656800e-04
80                                     1.5577898396959208e-04
   &Method [&Type "String"] "SCF"
   &Level [&Type "String"] "Relaxed density"
   &Mult [&Type "Integer"] 1
   &State [&Type "Integer"] 0
   &Irrep [&Type "Integer"] 0
$End
$Geometry
   &GeometryIndex 6
   &NAtoms [&Type "Integer"] 27
   &NCorelessECP [&Type "Integer"] 0
   &NGhostAtoms [&Type "Integer"] 0
   &CartesianCoordinates [&Type "Coordinates", &Dim(27,4), &Units "Bohr"] 
              N     -5.155082207640   -0.713485949932   -1.397800956537
              C     -4.659030599285    0.549420377720    1.099097817638
              C     -2.594473223236   -0.837073161333    2.634883061529
              C     -0.298780544165   -1.606624764977    1.152340129297
              C      0.141634318706   -3.993529699187    0.163865895324
              N      2.426125729115   -4.038448475970   -1.088122875976
              C      3.538328381498   -1.686248274239   -0.939840468019
              C      5.857744314535   -0.827897411791   -1.887932035242
              C      6.509621903015    1.680595258203   -1.415101430297
              C      4.890993189950    3.294186585089   -0.029506493950
              C      2.583856871603    2.436028270232    0.906215384646
              C      1.863407731427   -0.089862621023    0.457928476231
              C     -4.075950843167    3.377530408809    0.473119044945
              O     -3.580802798742    4.799322548576    2.304429916415
              O     -4.227223960971    3.965849101962   -1.860733979563
              H     -5.071075281220    0.849570943630   -2.652771076993
              H     -3.735247635089   -1.974589070411   -1.849163589126
              H     -6.867026787114   -1.614267461020   -1.500724811605
              H     -6.431623896215    0.516754784658    2.175589236361
              H     -2.077191006709    0.438960800394    4.191576056694
              H     -3.447122120662   -2.526983727410    3.493964784327
              H     -0.998747410489   -5.696614625778    0.306664166765
              H      3.189494629999   -5.581367319752   -1.933933266590
              H      7.105085292046   -2.080957692831   -2.949958869675
              H      8.302877734156    2.411395051215   -2.125321526100
              H      5.465177617278    5.246652129016    0.307199307604
              H      1.345030525786    3.701683996152    1.964038177488
$End
$SCF_Energy
   &GeometryIndex 6
   &Method [&Type "String"] "SCF"
   &totalEnergy [&Type "ArrayOfDoubles", &Dim (1,1)] "Total energy of each state"
                                                         0

0                                     -6.8666829285345659e+02
   &Mult [&Type "ArrayOfIntegers", &Dim (1,1)] "Multiplicity of each state"
                                                         0

0                                                        1
$End
$DFT_Energy
   &GeometryIndex 6
   &nAlphaEl [&Type "Integer"] 54
   &nBetaEl [&Type "Integer"] 54
   &nTotalEl [&Type "Integer"] 107
   &finalEn [&Type "Double"]      -6.8666829285345659e+02  "No Van der Waals correction"
   &eExchange [&Type "Double"]      -9.1320462640445569e+01
   &eCorr [&Type "Double"]      -3.9727822035792033e+00
   &eXC [&Type "Double"]      -9.5293244844024770e+01
   &eCNL [&Type "Double"]       0.0000000000000000e+00
$End
$Solvation_Details
   &GeometryIndex 6
   &Solvent [&Type "String"] "CONDUCTOR"
   &Epsilon [&Type "Double"]      -1.0000000000000000e+00
   &Refrac [&Type "Double"]       1.3300000000000001e+00
   &RSolv [&Type "Double"]       1.3000000000000000e+00
   &SurfaceType [&Type "String"] "GAUSSIAN VDW"
   &CPCMDielEnergy [&Type "Double"]      -7.8442733000000001e-02
   &NPoints [&Type "Integer"] 2390
   &SurfaceArea [&Type "Double"]       8.4245094593099998e+02
$End
$SCF_Timings
   &GeometryIndex 6
   &TOTAL [&Type "Double"]       6.7784880000000003e+00
   &PREP [&Type "Double"]       4.5528300000000005e-01
   &FOCK [&Type "Double"]       5.8208959999999994e+00
   &DENS [&Type "Double"]       2.9430999999999763e-02
   &ETOT [&Type "Double"]       1.9830999999999932e-02
   &TRAFO [&Type "Double"]       5.3970999999999547e-02
   &DIIS [&Type "Double"]       1.5600600000000009e-01
   &SOSCF [&Type "Double"]       1.3837499999999991e-01
   &XC [&Type "Double"]       2.3641329999999994e+00
   &FOCKSTART [&Type "Double"]       4.5979999999995469e-03
   &SOLV [&Type "Double"]       2.3523700000000005e+00
   &SOLV_INIT [&Type "Double"]       1.0734399999999999e-01
   &SOLV_FINAL [&Type "Double"]       1.0000000001397780e-06
   &INT_BF [&Type "Double"]       6.3190300000000377e-01
   &INT_DENS [&Type "Double"]       6.9157200000000407e-01
   &INT_DENSIO [&Type "Double"]       1.7434817391000019e+04
   &INT_FUNC [&Type "Double"]       5.3222999999986476e-02
   &INT_POT [&Type "Double"]       5.0245099999997800e-01
   &INT_POTIO [&Type "Double"]       6.4640000000086850e-03
   &INT_SUM [&Type "Double"]       1.0800000000177334e-04
   &SPLITRIJ [&Type "Double"]       1.6017540000000001e+00
$End
$Single_Point_Data
   &GeometryIndex 6
   &FinalEnergy [&Type "Double"]      -6.8666829285345659e+02  "Final single point energy"
   &Converged [&Type "Boolean"] true
$End
$SCF_Nuc_Gradient
   &GeometryIndex 6
   &NAtoms [&Type "Integer"] 27
   &gradNorm [&Type "Double"]       3.1083656309507592e-03
   &grad [&Type "ArrayOfDoubles", &Dim (81,1)] 
                                                         0

0                                     -1.7951769026598556e-04
1                                     -7.4924683400627579e-04
2                                      3.4067750769599565e-04
3                                     -4.9268436280270472e-05
4                                     -8.5951967177430935e-05
5                                     -3.1789712616298819e-04
6                                      7.7525474709419506e-05
7                                      1.1382981614244461e-04
8                                      3.5690431547418140e-05
9                                     -8.9114268007020006e-05
10                                    -2.8784320070972778e-05
11                                     5.5427803293477129e-04
12                                    -2.7423115690782419e-04
13                                    -1.9827677762853345e-04
14                                    -4.0489309315976151e-04
15                                    -6.3327708781930891e-05
16                                    -1.0345692175225268e-05
17                                    -1.1462280260447419e-04
18                                     1.8647691630021006e-04
19                                     1.1500997932039226e-04
20                                    -4.0565304768508772e-05
21                                     2.6362728375400619e-05
22                                    -2.9755851239581486e-04
23                                    -1.0386711488132114e-04
24                                     2.4251777603389538e-04
25                                    -2.7176798752850386e-06
26                                    -1.4589582469915928e-04
27                                     5.4525239082759813e-05
28                                     4.8196195857437064e-04
29                                     1.2504582651915504e-04
30                                    -2.3524573005359421e-04
31                                    -1.0339530035676642e-05
32                                     2.4473100110566654e-05
33                                    -6.2930494593262283e-05
34                                    -1.2437774927739377e-04
35                                     6.2976697882075224e-05
36                                    -2.1112011668563365e-04
37                                    -4.2381855004990435e-04
38                                     1.6745464320038822e-03
39                                     1.6120994909811677e-04
40                                     1.2730234049692507e-04
41                                    -1.1818186381248527e-04
42                                    -1.6871999507817644e-04
43                                    -1.4760237347325613e-04
44                                    -1.6144347152833270e-03
45                                     4.0576910080996568e-04
46                                     1.2375489142173145e-03
47                                     4.1468939894867898e-05
48                                    -1.2326043476062511e-04
49                                    -1.4563806533621215e-04
50                                    -4.6201812003482737e-05
51                                    -3.3018990236700907e-05
52                                    -2.9112607061242829e-05
53                                    -9.3322761074316699e-05
54                                     3.0298886097866740e-05
55                                    -2.4435296986586100e-05
56                                     2.9375958922521136e-05
57                                     7.2882695079363015e-05
58                                     2.5901474634389913e-04
59                                    -1.3959652928653460e-04
60                                     9.0249124389835816e-06
61                                     2.5945423626747705e-05
62                                     1.1304634472875542e-04
63                                    -3.5517709815087450e-07
64                                    -7.7084406050451776e-05
65                                     5.1711817053080649e-05
66                                     1.3081761999470497e-04
67                                    -8.4840530520234603e-05
68                                     9.5433043282062632e-05
69                                     4.5008841988554427e-05
70                                    -2.1885565065003602e-05
71                                    -1.6337609347835593e-05
72                                     2.4024868202304414e-05
73                                     4.5076444941931186e-05
74                                     4.8691485480606899e-07
75                                     3.8389981510219022e-05
76                                     1.8598455234547853e-05
77                                    -3.1690005856256252e-05
78                                    -1.4724793655771125e-05
79                                     3.7728383805408355e-05
80                                     3.8295513373928260e-05
   &Method [&Type "String"] "SCF"
   &Level [&Type "String"] "Relaxed density"
   &Mult [&Type "Integer"] 1
   &State [&Type "Integer"] 0
   &Irrep [&Type "Integer"] 0
$End
$Geometry
   &GeometryIndex 7
   &NAtoms [&Type "Integer"] 27
   &NCorelessECP [&Type "Integer"] 0
   &NGhostAtoms [&Type "Integer"] 0
   &CartesianCoordinates [&Type "Coordinates", &Dim(27,4), &Units "Bohr"] 
              N     -5.132478424009   -0.679852896554   -1.416687558949
              C     -4.648591959999    0.560548616832    1.096533133291
              C     -2.604808178759   -0.858681826683    2.630171841444
              C     -0.301543974543   -1.619993763143    1.156374108963
              C      0.155937327779   -4.012158523768    0.192108975164
              N      2.441825359379   -4.055545691872   -1.054264896914
              C      3.537649529919   -1.695392111690   -0.927388589995
              C      5.851207404465   -0.832036313745   -1.882127148503
              C      6.486554086933    1.683705101072   -1.433390532803
              C      4.858315724408    3.298597495668   -0.063953928748
              C      2.557296794828    2.436030728283    0.878671876755
              C      1.851718557037   -0.096846191514    0.452968110928
              C     -4.051983836934    3.390908300687    0.509778912281
              O     -3.558517468559    4.782891038521    2.364483461880
              O     -4.182899192300    4.014006226626   -1.812536400822
              H     -5.061891886129    0.883627947924   -2.662138585481
              H     -3.704084978524   -1.928576847794   -1.875410911675
              H     -6.836966185627   -1.594525957869   -1.525232501645
              H     -6.431357465521    0.519035028016    2.155892513096
              H     -2.097676667865    0.388392205539    4.213316530352
              H     -3.474667564195   -2.557067165588    3.453922213898
              H     -0.976322839537   -5.719332845431    0.344192434828
              H      3.211983038373   -5.600329034316   -1.890143238242
              H      7.106078608396   -2.087529543485   -2.931618375638
              H      8.275362462655    2.417880456483   -2.150605141401
              H      5.419467223831    5.257686385112    0.254443005891
              H      1.310394428909    3.704559182688    1.922640767635
$End
$SCF_Energy
   &GeometryIndex 7
   &Method [&Type "String"] "SCF"
   &totalEnergy [&Type "ArrayOfDoubles", &Dim (1,1)] "Total energy of each state"
                                                         0

0                                     -6.8666834642317122e+02
   &Mult [&Type "ArrayOfIntegers", &Dim (1,1)] "Multiplicity of each state"
                                                         0

0                                                        1
$End
$DFT_Energy
   &GeometryIndex 7
   &nAlphaEl [&Type "Integer"] 54
   &nBetaEl [&Type "Integer"] 54
   &nTotalEl [&Type "Integer"] 107
   &finalEn [&Type "Double"]      -6.8666834642317122e+02  "No Van der Waals correction"
   &eExchange [&Type "Double"]      -9.1325893787695406e+01
   &eCorr [&Type "Double"]      -3.9730548391061573e+00
   &eXC [&Type "Double"]      -9.5298948626801561e+01
   &eCNL [&Type "Double"]       0.0000000000000000e+00
$End
$Solvation_Details
   &GeometryIndex 7
   &Solvent [&Type "String"] "CONDUCTOR"
   &Epsilon [&Type "Double"]      -1.0000000000000000e+00
   &Refrac [&Type "Double"]       1.3300000000000001e+00
   &RSolv [&Type "Double"]       1.3000000000000000e+00
   &SurfaceType [&Type "String"] "GAUSSIAN VDW"
   &CPCMDielEnergy [&Type "Double"]      -7.8996135999999995e-02
   &NPoints [&Type "Integer"] 2381
   &SurfaceArea [&Type "Double"]       8.4183765921099996e+02
$End
$SCF_Timings
   &GeometryIndex 7
   &TOTAL [&Type "Double"]       6.1456890000000000e+00
   &PREP [&Type "Double"]       4.6017100000000000e-01
   &FOCK [&Type "Double"]       5.2100029999999995e+00
   &DENS [&Type "Double"]       2.8906000000000098e-02
   &ETOT [&Type "Double"]       1.8025000000000624e-02
   &TRAFO [&Type "Double"]       5.4099999999999815e-02
   &DIIS [&Type "Double"]       1.9618000000000024e-01
   &SOSCF [&Type "Double"]       1.0317299999999952e-01
   &XC [&Type "Double"]       1.9661180000000007e+00
   &FOCKSTART [&Type "Double"]       4.2289999999998718e-03
   &SOLV [&Type "Double"]       2.1960829999999998e+00
   &SOLV_INIT [&Type "Double"]       1.2856699999999999e-01
   &INT_PREP [&Type "Double"]       1.9999999993913775e-06
   &INT_BF [&Type "Double"]       5.7115799999999461e-01
   &INT_DENS [&Type "Double"]       6.3981900000001024e-01
   &INT_DENSIO [&Type "Double"]       1.4566348383000020e+04
   &INT_FUNC [&Type "Double"]       4.7334999999980920e-02
   &INT_POT [&Type "Double"]       5.1891800000002097e-01
   &INT_POTIO [&Type "Double"]       5.7829999999785553e-03
   &INT_SUM [&Type "Double"]       8.6999999999726185e-05
   &SPLITRIJ [&Type "Double"]       1.5266999999999999e+00
$End
$Single_Point_Data
   &GeometryIndex 7
   &FinalEnergy [&Type "Double"]      -6.8666834642317122e+02  "Final single point energy"
   &Converged [&Type "Boolean"] true
$End
$SCF_Nuc_Gradient
   &GeometryIndex 7
   &NAtoms [&Type "Integer"] 27
   &gradNorm [&Type "Double"]       2.2833412498153680e-03
   &grad [&Type "ArrayOfDoubles", &Dim (81,1)] 
                                                         0

0                                      2.1172862393404636e-04
1                                     -4.0429483174618877e-04
2                                     -2.8586169476496788e-04
3                                      2.8528280768930908e-04
4                                      7.5491537068246399e-04
5                                     -1.0494554391528993e-05
6                                      2.8927484438289082e-04
7                                     -1.0204213283392799e-04
8                                     -2.1630040058164164e-05
9                                      2.4553873117168814e-04
10                                    -8.2423298490670420e-05
11                                     1.1825465335700384e-04
12                                     1.0006826366422677e-04
13                                     3.4024759299139049e-04
14                                    -2.7125785058180942e-04
15                                    -1.7916652268007297e-04
16                                     2.7313427352866973e-04
17                                     5.9194988355350080e-05
18                                    -8.5030807056509124e-07
19                                     1.7201738390579691e-04
20                                     5.5411348854210237e-05
21                                    -9.1576693390813847e-05
22                                     5.6744306946316520e-05
23                                     8.9882107852159825e-05
24                                    -3.2744138403453284e-04
25                                    -8.3809321938896938e-05
26                                     8.1598210447798511e-05
27                                    -1.4783063628470011e-04
28                                    -1.7544020303822188e-04
29                                     3.2450193394044976e-05
30                                     1.5342712587190950e-04
31                                    -1.8317333890735771e-04
32                                    -1.4223834541111772e-04
33                                    -1.3588673289214974e-04
34                                    -1.2557521120729921e-04
35                                     1.4421559070800644e-05
36                                    -8.0048833214722869e-04
37                                    -1.9489606968202053e-04
38                                     1.0322532963917179e-03
39                                     1.7835332800802484e-04
40                                    -2.9219697309713910e-04
41                                    -8.3315532392983296e-04
42                                     2.7059537566957292e-04
43                                    -2.3245504548718282e-04
44                                    -1.4344537270262817e-04
45                                     8.9145551070180483e-05
46                                     6.4585903237117425e-04
47                                     2.8429187819326539e-04
48                                    -1.8705938115708837e-04
49                                    -2.1057260899656760e-04
50                                     4.4682875343447781e-05
51                                    -3.2027187612582164e-05
52                                    -5.9921447212816364e-05
53                                     1.8168806754064425e-05
54                                    -1.9546951504349763e-05
55                                    -1.5392022312118482e-04
56                                    -1.0689591224506689e-04
57                                     9.5192548852371991e-06
58                                     1.1229607532795569e-04
59                                    -1.2107025150248142e-04
60                                    -1.2187835460261177e-05
61                                     1.2955847756024493e-04
62                                     7.6947913450042121e-05
63                                     1.0722412724334558e-04
64                                     1.0735182959308726e-05
65                                    -2.6194731306782059e-05
66                                     4.4233402280314388e-05
67                                    -7.2424281729571716e-05
68                                     1.1880742109693365e-04
69                                    -5.8363004503934196e-05
70                                     4.3869590456753569e-05
71                                     5.3742735700971350e-05
72                                    -4.6108228233941945e-05
73                                    -6.1361140894952834e-05
74                                     4.2846827968958615e-06
75                                    -1.7537712524358286e-05
76                                    -6.7453902399053356e-05
77                                    -4.7254033853531569e-05
78                                     7.1679470285862176e-05
79                                    -3.7417257873364682e-05
80                                    -7.4894559441014176e-05
   &Method [&Type "String"] "SCF"
   &Level [&Type "String"] "Relaxed density"
   &Mult [&Type "Integer"] 1
   &State [&Type "Integer"] 0
   &Irrep [&Type "Integer"] 0
$End
$Geometry
   &GeometryIndex 8
   &NAtoms [&Type "Integer"] 27
   &NCorelessECP [&Type "Integer"] 0
   &NGhostAtoms [&Type "Integer"] 0
   &CartesianCoordinates [&Type "Coordinates", &Dim(27,4), &Units "Bohr"] 
              N     -5.118814133246   -0.644850874858   -1.434650968728
              C     -4.640853196537    0.570728967166    1.093666365879
              C     -2.616103957044   -0.881537140218    2.622282891516
              C     -0.303581883807   -1.634033758372    1.158004092180
              C      0.172987714805   -4.032830525195    0.220900104947
              N      2.461940335728   -4.074443414161   -1.019076318251
              C      3.541538299922   -1.705720926195   -0.914386963474
              C      5.850654106186   -0.837103466114   -1.874985388208
              C      6.469902799226    1.686596707632   -1.450376483564
              C      4.830068822708    3.303848723511   -0.098756678189
              C      2.533232765365    2.436768434799    0.849373170797
              C      1.842815240027   -0.104133187796    0.446924985251
              C     -4.029826484586    3.405124938762    0.545353809499
              O     -3.532172987789    4.765137530444    2.424141823632
              O     -4.162665270219    4.067474274486   -1.763475899252
              H     -5.061509105342    0.919360677081   -2.671531608444
              H     -3.682754685536   -1.880896115476   -1.904092238848
              H     -6.816495525149   -1.571865093553   -1.547382152882
              H     -6.431002790172    0.524554845446    2.140445027194
              H     -2.119529934913    0.335557595932    4.232087599414
              H     -3.501402177776   -2.589224337154    3.409600493510
              H     -0.950940634655   -5.744371471367    0.383878684987
              H      3.239761276412   -5.620926887381   -1.844375293322
              H      7.114226413122   -2.095354011763   -2.910675656400
              H      8.254920232532    2.424330214579   -2.173415244053
              H      5.378222987153    5.269538016232    0.201560480418
              H      1.277381697995    3.708270283532    1.878961439981
$End
$SCF_Energy
   &GeometryIndex 8
   &Method [&Type "String"] "SCF"
   &totalEnergy [&Type "ArrayOfDoubles", &Dim (1,1)] "Total energy of each state"
                                                         0

0                                     -6.8666837008030689e+02
   &Mult [&Type "ArrayOfIntegers", &Dim (1,1)] "Multiplicity of each state"
                                                         0

0                                                        1
$End
$DFT_Energy
   &GeometryIndex 8
   &nAlphaEl [&Type "Integer"] 54
   &nBetaEl [&Type "Integer"] 54
   &nTotalEl [&Type "Integer"] 107
   &finalEn [&Type "Double"]      -6.8666837008030689e+02  "No Van der Waals correction"
   &eExchange [&Type "Double"]      -9.1326113629850155e+01
   &eCorr [&Type "Double"]      -3.9729335952818796e+00
   &eXC [&Type "Double"]      -9.5299047225132028e+01
   &eCNL [&Type "Double"]       0.0000000000000000e+00
$End
$Solvation_Details
   &GeometryIndex 8
   &Solvent [&Type "String"] "CONDUCTOR"
   &Epsilon [&Type "Double"]      -1.0000000000000000e+00
   &Refrac [&Type "Double"]       1.3300000000000001e+00
   &RSolv [&Type "Double"]       1.3000000000000000e+00
   &SurfaceType [&Type "String"] "GAUSSIAN VDW"
   &CPCMDielEnergy [&Type "Double"]      -7.9537231000000000e-02
   &NPoints [&Type "Integer"] 2378
   &SurfaceArea [&Type "Double"]       8.4190366294600005e+02
$End
$SCF_Timings
   &GeometryIndex 8
   &TOTAL [&Type "Double"]       5.9994269999999998e+00
   &PREP [&Type "Double"]       4.5067599999999997e-01
   &FOCK [&Type "Double"]       5.0831619999999997e+00
   &DENS [&Type "Double"]       2.6674000000001641e-02
   &ETOT [&Type "Double"]       1.7557999999998852e-02
   &TRAFO [&Type "Double"]       5.5601000000000012e-02
   &DIIS [&Type "Double"]       1.9108599999999942e-01
   &SOSCF [&Type "Double"]       9.9185000000000301e-02
   &XC [&Type "Double"]       1.9045210000000004e+00
   &FOCKSTART [&Type "Double"]       4.0769999999999973e-03
   &SOLV [&Type "Double"]       2.1855099999999994e+00
   &SOLV_INIT [&Type "Double"]       1.0467399999999999e-01
   &INT_PREP [&Type "Double"]       3.0000000000862670e-06
   &INT_BF [&Type "Double"]       5.5400700000001635e-01
   &INT_DENS [&Type "Double"]       6.0673299999999497e-01
   &INT_DENSIO [&Type "Double"]       1.4297383447000011e+04
   &INT_FUNC [&Type "Double"]       4.7230999999990808e-02
   &INT_POT [&Type "Double"]       4.7739999999997651e-01
   &INT_POTIO [&Type "Double"]       5.5130000000136459e-03
   &INT_SUM [&Type "Double"]       9.1999999998759741e-05
   &SPLITRIJ [&Type "Double"]       1.4647829999999995e+00
$End
$Single_Point_Data
   &GeometryIndex 8
   &FinalEnergy [&Type "Double"]      -6.8666837008030689e+02  "Final single point energy"
   &Converged [&Type "Boolean"] true
$End
$SCF_Nuc_Gradient
   &GeometryIndex 8
   &NAtoms [&Type "Integer"] 27
   &gradNorm [&Type "Double"]       2.0562867868812408e-03
   &grad [&Type "ArrayOfDoubles", &Dim (81,1)] 
                                                         0

0                                      1.2353138106398383e-04
1                                     -4.4628836703898556e-05
2                                     -6.8708111504009114e-04
3                                      4.7631791444412847e-05
4                                      1.0447401611823389e-03
5                                      2.7445286527981103e-04
6                                      4.0172392087337461e-04
7                                     -2.0753938155032396e-04
8                                     -2.0347683568190320e-05
9                                      2.6519416126865420e-04
10                                    -6.3578492059696706e-05
11                                    -1.2045624352884261e-04
12                                     2.2052771631174504e-04
13                                     2.7500735216687278e-04
14                                     8.3591946269022388e-05
15                                    -1.4446787416372677e-04
16                                     2.5843228085796130e-04
17                                     3.9134732510706302e-06
18                                    -7.8437920532749197e-05
19                                     1.2335863618602450e-04
20                                     7.4639666804199843e-05
21                                    -6.3825290797784283e-05
22                                     2.1165415280557931e-04
23                                     8.8267178640948768e-05
24                                    -4.4648667273906265e-04
25                                    -3.9192786670348397e-05
26                                     1.7798609259457501e-04
27                                    -1.7612176229152114e-04
28                                    -3.9188838738878410e-04
29                                    -3.1909736552087654e-05
30                                     2.6490066084171792e-04
31                                    -1.6877569451479823e-04
32                                    -1.4353563003366952e-04
33                                    -1.2124187436136653e-04
34                                    -7.3688522668763010e-05
35                                     3.7557500521758283e-05
36                                    -3.4976330316863229e-04
37                                    -2.5976922113709125e-04
38                                     1.8166980762888540e-04
39                                     4.2825047456665575e-05
40                                    -2.3066272475472799e-04
41                                    -7.0848255944700247e-04
42                                     1.7274067990135939e-04
43                                    -5.6543528826318501e-05
44                                     5.0784163550903968e-04
45                                     3.7312859468714363e-05
46                                     7.9936210712613660e-05
47                                     3.2071382544680144e-04
48                                    -1.0986449377888528e-04
49                                    -1.0690401441332958e-04
50                                    -3.3623217889494628e-06
51                                    -1.9788863111134397e-05
52                                    -5.4600794799228303e-05
53                                     1.2959232613851722e-04
54                                    -5.1529096261023269e-05
55                                    -2.5043970056357577e-04
56                                    -1.6998395504450557e-04
57                                     4.5024735871831197e-06
58                                    -4.9147837163018848e-06
59                                    -3.8766311020416210e-05
60                                    -3.1909654823005819e-05
61                                     1.3902958183316036e-04
62                                     6.3223793652244890e-05
63                                     1.2446467414642393e-04
64                                     8.0982634170535805e-06
65                                    -4.5078750241895997e-05
66                                    -2.7566587455798985e-05
67                                    -4.7672455245895140e-05
68                                     1.1534335079315880e-04
69                                    -7.3180321180047782e-05
70                                     3.2958595747973121e-05
71                                     5.0474612231967819e-05
72                                    -3.5132482289023390e-05
73                                    -9.5339596709744824e-05
74                                    -1.7110817206465669e-05
75                                    -3.2440816006770734e-05
76                                    -5.1803217980718116e-05
77                                    -4.2079779345881654e-05
78                                     5.6401644291186569e-05
79                                    -2.5273090451473704e-05
80                                    -8.1073170929810319e-05
   &Method [&Type "String"] "SCF"
   &Level [&Type "String"] "Relaxed density"
   &Mult [&Type "Integer"] 1
   &State [&Type "Integer"] 0
   &Irrep [&Type "Integer"] 0
$End
$Geometry
   &GeometryIndex 9
   &NAtoms [&Type "Integer"] 27
   &NCorelessECP [&Type "Integer"] 0
   &NGhostAtoms [&Type "Integer"] 0
   &CartesianCoordinates [&Type "Coordinates", &Dim(27,4), &Units "Bohr"] 
              N     -5.133789124302   -0.653877176112   -1.426077367828
              C     -4.643823081237    0.570960638765    1.094618113091
              C     -2.615442427462   -0.878946164769    2.619589813066
              C     -0.303294007284   -1.628796719372    1.152148102440
              C      0.171120929981   -4.027038954766    0.211876000445
              N      2.461759643404   -4.070145682788   -1.025813724375
              C      3.544941211843   -1.702908071178   -0.916472232791
              C      5.857179174535   -0.836423623955   -1.872856263605
              C      6.480739838555    1.685864270073   -1.443222748916
              C      4.841390832054    3.304093070217   -0.091197050080
              C      2.540982555224    2.439453639420    0.852249040341
              C      1.846483015318   -0.100123058216    0.444837764357
              C     -4.032144592876    3.404501904081    0.534284474015
              O     -3.530375748706    4.770288042227    2.408645080945
              O     -4.176413865683    4.059746044272   -1.775930674684
              H     -5.084949852317    0.903482819788   -2.671746393991
              H     -3.698015202035   -1.889674210167   -1.897257389499
              H     -6.830609972255   -1.583688691735   -1.526749337350
              H     -6.429221248576    0.532549299840    2.149889633719
              H     -2.118401550102    0.336734433269    4.230422072670
              H     -3.497470531688   -2.589169937145    3.405459278162
              H     -0.955833963350   -5.737022568757    0.371627508073
              H      3.237502235580   -5.615885941748   -1.854429773380
              H      7.120267470525   -2.095392332406   -2.908604332263
              H      8.268177884864    2.421876456458   -2.162296634030
              H      5.392946227521    5.268223854107    0.213871371444
              H      1.286294072881    3.711318660598    1.883135745613
$End
$SCF_Energy
   &GeometryIndex 9
   &Method [&Type "String"] "SCF"
   &totalEnergy [&Type "ArrayOfDoubles", &Dim (1,1)] "Total energy of each state"
                                                         0

0                                     -6.8666837882314667e+02
   &Mult [&Type "ArrayOfIntegers", &Dim (1,1)] "Multiplicity of each state"
                                                         0

0                                                        1
$End
$DFT_Energy
   &GeometryIndex 9
   &nAlphaEl [&Type "Integer"] 54
   &nBetaEl [&Type "Integer"] 54
   &nTotalEl [&Type "Integer"] 107
   &finalEn [&Type "Double"]      -6.8666837882314667e+02  "No Van der Waals correction"
   &eExchange [&Type "Double"]      -9.1323844751870780e+01
   &eCorr [&Type "Double"]      -3.9727160305405720e+00
   &eXC [&Type "Double"]      -9.5296560782411348e+01
   &eCNL [&Type "Double"]       0.0000000000000000e+00
$End
$Solvation_Details
   &GeometryIndex 9
   &Solvent [&Type "String"] "CONDUCTOR"
   &Epsilon [&Type "Double"]      -1.0000000000000000e+00
   &Refrac [&Type "Double"]       1.3300000000000001e+00
   &RSolv [&Type "Double"]       1.3000000000000000e+00
   &SurfaceType [&Type "String"] "GAUSSIAN VDW"
   &CPCMDielEnergy [&Type "Double"]      -7.9698548999999994e-02
   &NPoints [&Type "Integer"] 2376
   &SurfaceArea [&Type "Double"]       8.4223130094800001e+02
$End
$SCF_Timings
   &GeometryIndex 9
   &TOTAL [&Type "Double"]       5.2350140000000005e+00
   &PREP [&Type "Double"]       4.3632700000000002e-01
   &FOCK [&Type "Double"]       4.4500940000000009e+00
   &DENS [&Type "Double"]       2.2991000000000206e-02
   &ETOT [&Type "Double"]       1.5685999999999867e-02
   &POP [&Type "Double"]       1.0000000001397780e-06
   &TRAFO [&Type "Double"]       2.8253000000000306e-02
   &DIIS [&Type "Double"]       3.1425000000000036e-02
   &SOSCF [&Type "Double"]       1.5793599999999941e-01
   &XC [&Type "Double"]       1.6709130000000001e+00
   &FOCKSTART [&Type "Double"]       4.0359999999995955e-03
   &SOLV [&Type "Double"]       1.9537640000000001e+00
   &SOLV_INIT [&Type "Double"]       1.0761199999999999e-01
   &INT_PREP [&Type "Double"]       2.0000000002795559e-06
   &INT_BF [&Type "Double"]       5.0731699999999580e-01
   &INT_DENS [&Type "Double"]       5.7479799999998860e-01
   &INT_DENSIO [&Type "Double"]       1.1580581626000010e+04
   &INT_FUNC [&Type "Double"]       4.2104000000003916e-02
   &INT_POT [&Type "Double"]       4.5331099999999491e-01
   &INT_POTIO [&Type "Double"]       5.1060000000057171e-03
   &INT_SUM [&Type "Double"]       6.5000000000203784e-05
   &SPLITRIJ [&Type "Double"]       1.2771319999999999e+00
$End
$Single_Point_Data
   &GeometryIndex 9
   &FinalEnergy [&Type "Double"]      -6.8666837882314667e+02  "Final single point energy"
   &Converged [&Type "Boolean"] true
$End
$SCF_Nuc_Gradient
   &GeometryIndex 9
   &NAtoms [&Type "Integer"] 27
   &gradNorm [&Type "Double"]       1.1460936969712868e-03
   &grad [&Type "ArrayOfDoubles", &Dim (81,1)] 
                                                         0

0                                     -1.1283345686917412e-06
1                                     -1.5670973385347939e-04
2                                     -4.4167018853239620e-04
3                                     -7.0592568943518563e-05
4                                      6.0998047573911432e-04
5                                      1.4462561758535677e-04
6                                      2.5742251018008155e-04
7                                     -1.5502850665026664e-04
8                                      4.9629782360506060e-05
9                                      1.0945438926596168e-04
10                                    -1.0493683424675059e-04
11                                    -5.9702068853485432e-05
12                                     7.6013924147720797e-05
13                                     1.6126364680762919e-04
14                                     9.7548060688982304e-05
15                                    -5.7304488662821788e-05
16                                     1.1102005405473972e-04
17                                    -5.2947071865860722e-05
18                                     3.2389377997796981e-08
19                                     1.1855332700566167e-05
20                                     9.2375676699506796e-05
21                                    -2.4698164478994741e-06
22                                     1.2768477198537784e-04
23                                     9.5648979470848439e-06
24                                    -2.1393769410161818e-04
25                                     2.2432871525693700e-05
26                                     9.7940120883027899e-05
27                                    -7.2852025781929529e-05
28                                    -2.0389854891752156e-04
29                                    -4.0278570625827768e-05
30                                     1.1777451557636325e-04
31                                    -4.0200689730357248e-05
32                                    -8.5667839193118199e-05
33                                    -7.9003844022676635e-05
34                                     7.5082576478490565e-06
35                                    -3.2733619251312622e-05
36                                     7.3127409062512805e-05
37                                    -1.9608966535912889e-04
38                                    -3.9092211655150123e-05
39                                    -4.9205426789516570e-05
40                                    -1.2324149419439684e-05
41                                    -2.7093353020233440e-04
42                                    -5.9991302416920189e-06
43                                    -2.1899770920466815e-05
44                                     2.7389873980578072e-04
45                                     3.5112434420715016e-06
46                                     1.3352510158739454e-04
47                                     1.3270456173724264e-04
48                                    -8.8942441091000371e-05
49                                    -1.1208915499845429e-04
50                                     8.6676446910332466e-05
51                                     1.3831495310083486e-05
52                                     1.7537872830583612e-06
53                                     1.2049450045131110e-04
54                                    -3.4029080266055611e-05
55                                    -1.8567131882528398e-04
56                                    -1.1402671124224797e-04
57                                     1.0381003734403040e-05
58                                     8.8020014274076998e-06
59                                     8.9255007966625079e-06
60                                    -1.7742527924517748e-05
61                                     8.1313993806321483e-05
62                                     9.8210576486793683e-06
63                                     6.7289796016624034e-05
64                                     6.7798338035628125e-06
65                                    -4.1128590662651253e-05
66                                    -2.3190987036045968e-05
67                                    -3.1869791635486672e-05
68                                     1.0200542211500144e-04
69                                    -3.0227037206324685e-05
70                                     2.0337098137410137e-06
71                                     2.1576098932800034e-05
72                                    -3.9035167103008278e-06
73                                    -5.9807810571980459e-05
74                                    -2.2975420307074792e-05
75                                    -1.2396672306045058e-05
76                                    -1.2414627504291238e-05
77                                    -2.4435790872304013e-05
78                                     3.4086910062787294e-05
79                                     6.9867668198320826e-06
80                                    -2.2194870916467969e-05
   &Method [&Type "String"] "SCF"
   &Level [&Type "String"] "Relaxed density"
   &Mult [&Type "Integer"] 1
   &State [&Type "Integer"] 0
   &Irrep [&Type "Integer"] 0
$End
$Geometry
   &GeometryIndex 10
   &NAtoms [&Type "Integer"] 27
   &NCorelessECP [&Type "Integer"] 0
   &NGhostAtoms [&Type "Integer"] 0
   &CartesianCoordinates [&Type "Coordinates", &Dim(27,4), &Units "Bohr"] 
              N     -5.133966851087   -0.655530104539   -1.424671514438
              C     -4.645759865963    0.570181569800    1.094836968440
              C     -2.616761517496   -0.877911199625    2.618922685701
              C     -0.303794665489   -1.626143787006    1.150913679566
              C      0.169627483059   -4.024903549246    0.210740290907
              N      2.461235360330   -4.069700911312   -1.025770580673
              C      3.545796330698   -1.702846297713   -0.916567543415
              C      5.859277053834   -0.837961317038   -1.872362446814
              C      6.484912672354    1.684242360296   -1.442863249162
              C      4.845959548708    3.304056492549   -0.091341846838
              C      2.544177958954    2.441013254907    0.851692653358
              C      1.847930097313   -0.098496390758    0.444440126560
              C     -4.036939488418    3.405893171354    0.534875759457
              O     -3.537419473079    4.770587703578    2.411218381124
              O     -4.183089613041    4.061621701341   -1.775067180638
              H     -5.094057835081    0.899533082893   -2.672721849918
              H     -3.691959659168   -1.883471858488   -1.897766010148
              H     -6.826205624010   -1.593938669557   -1.524120127056
              H     -6.430312460648    0.533212951413    2.151780154007
              H     -2.121056517795    0.336397450067    4.231167996960
              H     -3.497080131241   -2.590225344920    3.402694067787
              H     -0.959191924185   -5.733819807968    0.370515642998
              H      3.235325824438   -5.615042251918   -1.856794344196
              H      7.121867083681   -2.097972447009   -2.907703582651
              H      8.272892002224    2.419418522589   -2.161611476825
              H      5.398806303174    5.267908509522    0.213702934443
              H      1.289787832344    3.713897166788    1.881860487054
$End
$SCF_Energy
   &GeometryIndex 10
   &Method [&Type "String"] "SCF"
   &totalEnergy [&Type "ArrayOfDoubles", &Dim (1,1)] "Total energy of each state"
                                                         0

0                                     -6.8666838186505527e+02
   &Mult [&Type "ArrayOfIntegers", &Dim (1,1)] "Multiplicity of each state"
                                                         0

0                                                        1
$End
$DFT_Energy
   &GeometryIndex 10
   &nAlphaEl [&Type "Integer"] 54
   &nBetaEl [&Type "Integer"] 54
   &nTotalEl [&Type "Integer"] 107
   &finalEn [&Type "Double"]      -6.8666838186505527e+02  "No Van der Waals correction"
   &eExchange [&Type "Double"]      -9.1322325286970383e+01
   &eCorr [&Type "Double"]      -3.9725778820662980e+00
   &eXC [&Type "Double"]      -9.5294903169036687e+01
   &eCNL [&Type "Double"]       0.0000000000000000e+00
$End
$Solvation_Details
   &GeometryIndex 10
   &Solvent [&Type "String"] "CONDUCTOR"
   &Epsilon [&Type "Double"]      -1.0000000000000000e+00
   &Refrac [&Type "Double"]       1.3300000000000001e+00
   &RSolv [&Type "Double"]       1.3000000000000000e+00
   &SurfaceType [&Type "String"] "GAUSSIAN VDW"
   &CPCMDielEnergy [&Type "Double"]      -7.9786172000000002e-02
   &NPoints [&Type "Integer"] 2376
   &SurfaceArea [&Type "Double"]       8.4252502957800004e+02
$End
$SCF_Timings
   &GeometryIndex 10
   &TOTAL [&Type "Double"]       5.7366320000000002e+00
   &PREP [&Type "Double"]       4.4738400000000000e-01
   &FOCK [&Type "Double"]       4.9491060000000013e+00
   &DENS [&Type "Double"]       2.5867000000000751e-02
   &ETOT [&Type "Double"]       1.8888000000000904e-02
   &POP [&Type "Double"]       1.0000000001397780e-06
   &TRAFO [&Type "Double"]       2.8143000000000029e-02
   &DIIS [&Type "Double"]       3.1521999999999828e-02
   &SOSCF [&Type "Double"]       1.7725399999999936e-01
   &XC [&Type "Double"]       1.8093889999999995e+00
   &FOCKSTART [&Type "Double"]       4.1000000000019354e-03
   &SOLV [&Type "Double"]       2.1497079999999991e+00
   &SOLV_INIT [&Type "Double"]       1.1367699999999997e-01
   &INT_PREP [&Type "Double"]       2.0000000002795559e-06
   &INT_BF [&Type "Double"]       5.5126699999998308e-01
   &INT_DENS [&Type "Double"]       6.1144600000001148e-01
   &INT_DENSIO [&Type "Double"]       1.4003727548000013e+04
   &INT_FUNC [&Type "Double"]       4.6658000000014521e-02
   &INT_POT [&Type "Double"]       4.2423399999999489e-01
   &INT_POTIO [&Type "Double"]       5.7210000000191830e-03
   &INT_SUM [&Type "Double"]       9.0000000000478586e-05
   &SPLITRIJ [&Type "Double"]       1.4136759999999995e+00
$End
$Single_Point_Data
   &GeometryIndex 10
   &FinalEnergy [&Type "Double"]      -6.8666838186505527e+02  "Final single point energy"
   &Converged [&Type "Boolean"] true
$End
$SCF_Nuc_Gradient
   &GeometryIndex 10
   &NAtoms [&Type "Integer"] 27
   &gradNorm [&Type "Double"]       5.1982188320507966e-04
   &grad [&Type "ArrayOfDoubles", &Dim (81,1)] 
                                                         0

0                                      1.3243083847333005e-04
1                                     -1.6690614601482315e-04
2                                     -1.9562748869349049e-04
3                                     -1.1449801150761538e-04
4                                      8.6734359305062902e-05
5                                      1.1449013954873809e-04
6                                      6.6094049540170625e-05
7                                      1.2915303382442928e-06
8                                      1.2647386799009668e-05
9                                     -4.6022788396843741e-05
10                                    -9.3512832531497322e-05
11                                    -4.1305763848425645e-05
12                                    -3.5967936513920697e-05
13                                     4.7939398743072729e-05
14                                     1.1951777187066588e-04
15                                     2.6158388534845874e-05
16                                     1.1099393880088793e-05
17                                    -8.1357404170369699e-05
18                                     2.0596596578819227e-06
19                                    -6.2704876738004477e-05
20                                     3.0142434459857600e-05
21                                     2.8913888703966523e-05
22                                     3.5327110279306448e-05
23                                    -2.8554704136863479e-05
24                                    -1.4546364751526555e-06
25                                     5.1070910910349602e-05
26                                     8.8293440712811436e-06
27                                     1.4694355983752017e-05
28                                    -3.7863811947209730e-05
29                                    -4.0886460030840205e-05
30                                    -2.9093219208217551e-06
31                                     4.6015193025091515e-05
32                                     1.0188447777927101e-05
33                                     5.4097196430001951e-06
34                                     6.0109677681339027e-05
35                                    -1.7637425497868744e-05
36                                     1.1592184827795712e-04
37                                     4.2238721897867870e-06
38                                    -1.5469667999584106e-04
39                                    -4.5653448513996008e-05
40                                     6.6126030045472739e-05
41                                     5.7915129871136811e-05
42                                    -4.4988727950651293e-05
43                                    -6.6230804015236029e-05
44                                     5.3504429868123093e-05
45                                    -2.7055099808518876e-05
46                                     8.0437527744550794e-05
47                                     4.0617595444460836e-06
48                                    -5.3012296157669420e-05
49                                    -2.0648428515273459e-05
50                                     6.0222821543966937e-05
51                                    -8.5207177359727937e-06
52                                     2.9129321859076851e-05
53                                     7.4219550661079169e-05
54                                     1.2892052141440929e-06
55                                    -4.4562963799757611e-05
56                                     6.8158617602780136e-06
57                                    -2.1891642364014856e-06
58                                     6.1009902090269560e-06
59                                     2.1629328929042430e-05
60                                    -3.0217089829266339e-05
61                                     1.9023379288879774e-05
62                                    -1.2743869909017172e-05
63                                     7.9113761890219764e-06
64                                    -1.3167966416371968e-05
65                                    -1.6168731252654998e-05
66                                    -1.4941827257246298e-07
67                                    -3.2992661900176079e-05
68                                     7.2712118481022686e-05
69                                     4.4849285316872142e-06
70                                    -1.8167676594192921e-05
71                                    -1.0367763466313448e-06
72                                     1.0347986854998071e-05
73                                    -2.0059574942991008e-05
74                                    -2.8888395994891959e-05
75                                    -1.8352811478009479e-06
76                                     1.6309917762840492e-05
77                                    -1.7356254404861382e-05
78                                    -1.2423105413281524e-06
79                                     1.5879131613449199e-05
80                                    -1.0636568583131598e-05
   &Method [&Type "String"] "SCF"
   &Level [&Type "String"] "Relaxed density"
   &Mult [&Type "Integer"] 1
   &State [&Type "Integer"] 0
   &Irrep [&Type "Integer"] 0
$End
$Geometry
   &GeometryIndex 11
   &NAtoms [&Type "Integer"] 27
   &NCorelessECP [&Type "Integer"] 0
   &NGhostAtoms [&Type "Integer"] 0
   &CartesianCoordinates [&Type "Coordinates", &Dim(27,4), &Units "Bohr"] 
              N     -5.136092390401   -0.657674760565   -1.423140038078
              C     -4.645997732612    0.569959047488    1.094526508861
              C     -2.616743697121   -0.877067737316    2.618913091345
              C     -0.303697116943   -1.625217518328    1.150877888287
              C      0.168956122198   -4.023798581513    0.209533783516
              N      2.460439843593   -4.068641828971   -1.027232430161
              C      3.545733407518   -1.702150193178   -0.916865266579
              C      5.859472003625   -0.837538575019   -1.872244501115
              C      6.485958061910    1.684298948213   -1.441471429109
              C      4.847470950013    3.304046200670   -0.089092694401
              C      2.545445951409    2.441121921259    0.853600493717
              C      1.848586116738   -0.098027663267    0.445260774597
              C     -4.036418967068    3.405231439708    0.531818861579
              O     -3.532486155872    4.770201108366    2.406772049667
              O     -4.185442069209    4.059759967086   -1.778346751627
              H     -5.098614053819    0.895655766355   -2.672979742161
              H     -3.692940193496   -1.884188373948   -1.897046067376
              H     -6.827374060409   -1.598071402757   -1.520888672721
              H     -6.429785861733    0.535694134835    2.152883872236
              H     -2.121003136500    0.337896793923    4.230599036326
              H     -3.496173325073   -2.589557240462    3.403427496244
              H     -0.960532156832   -5.732322768969    0.368951131419
              H      3.233447518959   -5.613223326154   -1.860696724686
              H      7.121624048729   -2.097347433295   -2.908357916568
              H      8.274046703132    2.419531949479   -2.159857258104
              H      5.400838032634    5.267611870781    0.216768480916
              H      1.291282081041    3.713818255577    1.884286099564
$End
$SCF_Mulliken_Population_Analysis
   &GeometryIndex 11
   &NAtoms [&Type "Integer"] 27
   &ATNO [&Type "ArrayOfIntegers", &Dim (27,1)] 
                                                         0

0                                                        7
1                                                        6
2                                                        6
3                                                        6
4                                                        6
5                                                        7
6                                                        6
7                                                        6
8                                                        6
9                                                        6
10                                                       6
11                                                       6
12                                                       6
13                                                       8
14                                                       8
15                                                       1
16                                                       1
17                                                       1
18                                                       1
19                                                       1
20                                                       1
21                                                       1
22                                                       1
23                                                       1
24                                                       1
25                                                       1
26                                                       1
   &AtomicCharges [&Type "ArrayOfDoubles", &Dim (27,1)] 
                                                         0

0                                     -2.2766713200070932e-01
1                                     -3.0656704672568758e-02
2                                     -2.3432068316493471e-01
3                                     -4.0672649003365535e-02
4                                     -7.4819241169048034e-02
5                                     -2.9039230434181817e-01
6                                      1.5259299894123046e-01
7                                     -2.3782473471669263e-01
8                                     -1.2848857299272076e-01
9                                     -1.2518875832718734e-01
10                                    -2.8260294935712871e-01
11                                     1.8184224695753315e-01
12                                     4.8190058748078357e-01
13                                    -6.3787189195383931e-01
14                                    -6.4754374408530069e-01
15                                     2.8232238193412296e-01
16                                     2.8942357872623647e-01
17                                     3.0602075040648202e-01
18                                     1.5416027722128434e-01
19                                     1.3566942736689713e-01
20                                     1.4724165464818673e-01
21                                     1.4711044032572063e-01
22                                     2.2674135313227239e-01
23                                     1.1620260155824891e-01
24                                     1.1592170626512632e-01
25                                     1.1242802777368932e-01
26                                     1.0847133304795209e-01
   &Method [&Type "String"] "SCF"
   &Level [&Type "String"] "Relaxed density"
   &Mult [&Type "Integer"] 1
   &State [&Type "Integer"] -1
   &Irrep [&Type "Integer"] 0
$End
$SCF_Loewdin_Population_Analysis
   &GeometryIndex 11
   &NAtoms [&Type "Integer"] 27
   &ATNO [&Type "ArrayOfIntegers", &Dim (27,1)] 
                                                         0

0                                                        7
1                                                        6
2                                                        6
3                                                        6
4                                                        6
5                                                        7
6                                                        6
7                                                        6
8                                                        6
9                                                        6
10                                                       6
11                                                       6
12                                                       6
13                                                       8
14                                                       8
15                                                       1
16                                                       1
17                                                       1
18                                                       1
19                                                       1
20                                                       1
21                                                       1
22                                                       1
23                                                       1
24                                                       1
25                                                       1
26                                                       1
   &AtomicCharges [&Type "ArrayOfDoubles", &Dim (27,1)] 
                                                         0

0                                      1.6124579436722541e-01
1                                     -1.8275911681098567e-01
2                                     -1.8788250183524990e-01
3                                     -1.6349341910258985e-01
4                                     -1.3362901398078542e-01
5                                      1.4260197345480563e-01
6                                     -1.2832495392583887e-01
7                                     -1.2662784195856158e-01
8                                     -1.5805509382916050e-01
9                                     -1.6596836288333794e-01
10                                    -1.2175863698307587e-01
11                                    -9.9722591374524328e-02
12                                    -4.7466793689268538e-01
13                                    -1.7130832794928352e-01
14                                    -1.8822605102068124e-01
15                                     2.0293885523032507e-01
16                                     2.0536371984596036e-01
17                                     2.1324594791289764e-01
18                                     1.6159900491095347e-01
19                                     1.5028904903121831e-01
20                                     1.5069479846734113e-01
21                                     1.4436114960197988e-01
22                                     2.0290516528534652e-01
23                                     1.4590387349482425e-01
24                                     1.4090713637435592e-01
25                                     1.3962463922537449e-01
26                                     1.4074274134464360e-01
   &Method [&Type "String"] "SCF"
   &Level [&Type "String"] "Relaxed density"
   &Mult [&Type "Integer"] 1
   &State [&Type "Integer"] -1
   &Irrep [&Type "Integer"] 0
$End
$SCF_Mayer_Population_Analysis
   &GeometryIndex 11
   &NAtoms [&Type "Integer"] 27 "Total number of atoms"
   &NBondOrdersPrint [&Type "Integer"] 29 "The number of bond orders larger than threshold"
   &bondThresh [&Type "Double"]       1.0000000000000001e-01  "The threshold for printing"
   &components [&Type "ArrayOfIntegers", &Dim (29,4)] "The indices and atomic numbers of the bonding atoms"
                                                         0                           1                           2                           3

0                                                        0                           7                           1                           6
1                                                        0                           7                          15                           1
2                                                        0                           7                          16                           1
3                                                        0                           7                          17                           1
4                                                        1                           6                           2                           6
5                                                        1                           6                          12                           6
6                                                        1                           6                          18                           1
7                                                        2                           6                           3                           6
8                                                        2                           6                          19                           1
9                                                        2                           6                          20                           1
10                                                       3                           6                           4                           6
11                                                       3                           6                          11                           6
12                                                       4                           6                           5                           7
13                                                       4                           6                          21                           1
14                                                       5                           7                           6                           6
15                                                       5                           7                          22                           1
16                                                       6                           6                           7                           6
17                                                       6                           6                          11                           6
18                                                       7                           6                           8                           6
19                                                       7                           6                          23                           1
20                                                       8                           6                           9                           6
21                                                       8                           6                          24                           1
22                                                       9                           6                          10                           6
23                                                       9                           6                          25                           1
24                                                      10                           6                          11                           6
25                                                      10                           6                          26                           1
26                                                      12                           6                          13                           8
27                                                      12                           6                          14                           8
28                                                      14                           8                          15                           1
   &BondOrders [&Type "ArrayOfDoubles", &Dim (29,1)] "The bond orders"
                                                         0

0                                      9.3097416962789703e-01
1                                      8.0669158397859131e-01
2                                      8.7422263982138726e-01
3                                      8.8462882983624336e-01
4                                      9.6659161339305477e-01
5                                      9.4201109105869008e-01
6                                      9.3441246074333106e-01
7                                      9.6855692766128665e-01
8                                      9.5324855902987271e-01
9                                      9.4324344248864189e-01
10                                     1.5425384773738990e+00
11                                     1.1845982543402782e+00
12                                     1.1743141777474089e+00
13                                     9.5954077256225712e-01
14                                     1.1738366094009123e+00
15                                     9.0180508326344233e-01
16                                     1.2847695054324495e+00
17                                     1.2923604120186760e+00
18                                     1.4285463461036154e+00
19                                     9.9905961050938397e-01
20                                     1.3012949789136203e+00
21                                     9.8287562698434938e-01
22                                     1.4406626540376475e+00
23                                     9.8165502884255995e-01
24                                     1.3108478608216523e+00
25                                     9.6785945234917192e-01
26                                     1.7554768157494982e+00
27                                     1.6187818130570044e+00
28                                     1.4916248581039476e-01
   &ATNO [&Type "ArrayOfIntegers", &Dim (27,1)] "Atomic number of the elements"
                                                         0

0                                                        7
1                                                        6
2                                                        6
3                                                        6
4                                                        6
5                                                        7
6                                                        6
7                                                        6
8                                                        6
9                                                        6
10                                                       6
11                                                       6
12                                                       6
13                                                       8
14                                                       8
15                                                       1
16                                                       1
17                                                       1
18                                                       1
19                                                       1
20                                                       1
21                                                       1
22                                                       1
23                                                       1
24                                                       1
25                                                       1
26                                                       1
   &NA [&Type "ArrayOfDoubles", &Dim (27,1)] "Mulliken gross atomic population"
                                                         0

0                                      7.2276671320007146e+00
1                                      6.0306567046725696e+00
2                                      6.2343206831649312e+00
3                                      6.0406726490033611e+00
4                                      6.0748192411690507e+00
5                                      7.2903923043418200e+00
6                                      5.8474070010587713e+00
7                                      6.2378247347166980e+00
8                                      6.1284885729927217e+00
9                                      6.1251887583271838e+00
10                                     6.2826029493571323e+00
11                                     5.8181577530424669e+00
12                                     5.5180994125192155e+00
13                                     8.6378718919538340e+00
14                                     8.6475437440852918e+00
15                                     7.1767761806587682e-01
16                                     7.1057642127376330e-01
17                                     6.9397924959351787e-01
18                                     8.4583972277871533e-01
19                                     8.6433057263310298e-01
20                                     8.5275834535181316e-01
21                                     8.5288955967427937e-01
22                                     7.7325864686772772e-01
23                                     8.8379739844175131e-01
24                                     8.8407829373487334e-01
25                                     8.8757197222631046e-01
26                                     8.9152866695204813e-01
   &ZA [&Type "ArrayOfDoubles", &Dim (27,1)] "Total nuclear charge"
                                                         0

0                                      7.0000000000000000e+00
1                                      6.0000000000000000e+00
2                                      6.0000000000000000e+00
3                                      6.0000000000000000e+00
4                                      6.0000000000000000e+00
5                                      7.0000000000000000e+00
6                                      6.0000000000000000e+00
7                                      6.0000000000000000e+00
8                                      6.0000000000000000e+00
9                                      6.0000000000000000e+00
10                                     6.0000000000000000e+00
11                                     6.0000000000000000e+00
12                                     6.0000000000000000e+00
13                                     8.0000000000000000e+00
14                                     8.0000000000000000e+00
15                                     1.0000000000000000e+00
16                                     1.0000000000000000e+00
17                                     1.0000000000000000e+00
18                                     1.0000000000000000e+00
19                                     1.0000000000000000e+00
20                                     1.0000000000000000e+00
21                                     1.0000000000000000e+00
22                                     1.0000000000000000e+00
23                                     1.0000000000000000e+00
24                                     1.0000000000000000e+00
25                                     1.0000000000000000e+00
26                                     1.0000000000000000e+00
   &QA [&Type "ArrayOfDoubles", &Dim (27,1)] "Mulliken gross atomic charge"
                                                         0

0                                     -2.2766713200071464e-01
1                                     -3.0656704672569646e-02
2                                     -2.3432068316493115e-01
3                                     -4.0672649003361094e-02
4                                     -7.4819241169050699e-02
5                                     -2.9039230434181995e-01
6                                      1.5259299894122869e-01
7                                     -2.3782473471669796e-01
8                                     -1.2848857299272165e-01
9                                     -1.2518875832718379e-01
10                                    -2.8260294935713226e-01
11                                     1.8184224695753315e-01
12                                     4.8190058748078446e-01
13                                    -6.3787189195383398e-01
14                                    -6.4754374408529181e-01
15                                     2.8232238193412318e-01
16                                     2.8942357872623670e-01
17                                     3.0602075040648213e-01
18                                     1.5416027722128467e-01
19                                     1.3566942736689702e-01
20                                     1.4724165464818684e-01
21                                     1.4711044032572063e-01
22                                     2.2674135313227228e-01
23                                     1.1620260155824869e-01
24                                     1.1592170626512666e-01
25                                     1.1242802777368954e-01
26                                     1.0847133304795187e-01
   &VA [&Type "ArrayOfDoubles", &Dim (27,1)] "Mayer's total valence"
                                                         0

0                                      3.4918504683833289e+00
1                                      3.7741993924566342e+00
2                                      3.8686529711482036e+00
3                                      3.7678291090030704e+00
4                                      3.8984727442009155e+00
5                                      3.3714162774021670e+00
6                                      3.9091298089056696e+00
7                                      3.9240385228458630e+00
8                                      3.8703006257862507e+00
9                                      3.8313674343742052e+00
10                                     3.9274769815360489e+00
11                                     3.9283358738209877e+00
12                                     4.3777622136688690e+00
13                                     1.8976287446415236e+00
14                                     1.8533688761061500e+00
15                                     9.7445479633989940e-01
16                                     9.3727980725943272e-01
17                                     9.1033978318833308e-01
18                                     9.7083370432549210e-01
19                                     9.8589671600223683e-01
20                                     9.5365876251152659e-01
21                                     9.8330116415462143e-01
22                                     9.5616950078218621e-01
23                                     9.7618555906820148e-01
24                                     9.6133733350623363e-01
25                                     9.6429928877758664e-01
26                                     1.0099686063744726e+00
   &BVA [&Type "ArrayOfDoubles", &Dim (27,1)] "Mayer's bonded valence"
                                                         0

0                                      3.4918504683833378e+00
1                                      3.7741993924566262e+00
2                                      3.8686529711480619e+00
3                                      3.7678291090030696e+00
4                                      3.8984727442009723e+00
5                                      3.3714162774021155e+00
6                                      3.9091298089055355e+00
7                                      3.9240385228457475e+00
8                                      3.8703006257861330e+00
9                                      3.8313674343742008e+00
10                                     3.9274769815357669e+00
11                                     3.9283358738208212e+00
12                                     4.3777622136689205e+00
13                                     1.8976287446415636e+00
14                                     1.8533688761061065e+00
15                                     9.7445479633989807e-01
16                                     9.3727980725943905e-01
17                                     9.1033978318833353e-01
18                                     9.7083370432549032e-01
19                                     9.8589671600223172e-01
20                                     9.5365876251150083e-01
21                                     9.8330116415465774e-01
22                                     9.5616950078219298e-01
23                                     9.7618555906818705e-01
24                                     9.6133733350621586e-01
25                                     9.6429928877762616e-01
26                                     1.0099686063744220e+00
   &FA [&Type "ArrayOfDoubles", &Dim (27,1)] "Mayer's free valence"
                                                         0

0                                      0.0000000000000000e+00
1                                      0.0000000000000000e+00
2                                      0.0000000000000000e+00
3                                      0.0000000000000000e+00
4                                      0.0000000000000000e+00
5                                      0.0000000000000000e+00
6                                      0.0000000000000000e+00
7                                      0.0000000000000000e+00
8                                      0.0000000000000000e+00
9                                      0.0000000000000000e+00
10                                     0.0000000000000000e+00
11                                     0.0000000000000000e+00
12                                     0.0000000000000000e+00
13                                     0.0000000000000000e+00
14                                     0.0000000000000000e+00
15                                     0.0000000000000000e+00
16                                     0.0000000000000000e+00
17                                     0.0000000000000000e+00
18                                     0.0000000000000000e+00
19                                     0.0000000000000000e+00
20                                     0.0000000000000000e+00
21                                     0.0000000000000000e+00
22                                     0.0000000000000000e+00
23                                     0.0000000000000000e+00
24                                     0.0000000000000000e+00
25                                     0.0000000000000000e+00
26                                     0.0000000000000000e+00
   &Method [&Type "String"] "SCF"
   &Level [&Type "String"] "Relaxed density"
   &Mult [&Type "Integer"] 1
   &State [&Type "Integer"] -1
   &Irrep [&Type "Integer"] 0
$End
$SCF_Energy
   &GeometryIndex 11
   &Method [&Type "String"] "SCF"
   &totalEnergy [&Type "ArrayOfDoubles", &Dim (1,1)] "Total energy of each state"
                                                         0

0                                     -6.8666838244601308e+02
   &Mult [&Type "ArrayOfIntegers", &Dim (1,1)] "Multiplicity of each state"
                                                         0

0                                                        1
$End
$DFT_Energy
   &GeometryIndex 11
   &nAlphaEl [&Type "Integer"] 54
   &nBetaEl [&Type "Integer"] 54
   &nTotalEl [&Type "Integer"] 107
   &finalEn [&Type "Double"]      -6.8666838244601308e+02  "No Van der Waals correction"
   &eExchange [&Type "Double"]      -9.1322237468542383e+01
   &eCorr [&Type "Double"]      -3.9725769911831668e+00
   &eXC [&Type "Double"]      -9.5294814459725544e+01
   &eCNL [&Type "Double"]       0.0000000000000000e+00
$End
$Solvation_Details
   &GeometryIndex 11
   &Solvent [&Type "String"] "CONDUCTOR"
   &Epsilon [&Type "Double"]      -1.0000000000000000e+00
   &Refrac [&Type "Double"]       1.3300000000000001e+00
   &RSolv [&Type "Double"]       1.3000000000000000e+00
   &SurfaceType [&Type "String"] "GAUSSIAN VDW"
   &CPCMDielEnergy [&Type "Double"]      -7.9807984999999998e-02
   &NPoints [&Type "Integer"] 2375
   &SurfaceArea [&Type "Double"]       8.4248947138100004e+02
$End
$SCF_Timings
   &GeometryIndex 11
   &TOTAL [&Type "Double"]       4.0894330000000005e+00
   &PREP [&Type "Double"]       4.8146699999999998e-01
   &FOCK [&Type "Double"]       3.3416109999999999e+00
   &DENS [&Type "Double"]       1.7796000000000145e-02
   &ETOT [&Type "Double"]       1.1992000000000447e-02
   &POP [&Type "Double"]       3.5393000000000008e-02
   &TRAFO [&Type "Double"]       2.6340999999999504e-02
   &DIIS [&Type "Double"]       3.2019000000000020e-02
   &SOSCF [&Type "Double"]       1.1896700000000049e-01
   &XC [&Type "Double"]       1.3170960000000003e+00
   &FOCKSTART [&Type "Double"]       3.3590000000001674e-03
   &SOLV [&Type "Double"]       1.4881789999999997e+00
   &SOLV_INIT [&Type "Double"]       1.3340099999999999e-01
   &INT_PREP [&Type "Double"]       9.9999999969568876e-07
   &INT_BF [&Type "Double"]       3.9269400000001675e-01
   &INT_DENS [&Type "Double"]       4.4081099999999418e-01
   &INT_DENSIO [&Type "Double"]       7.4923012939999981e+03
   &INT_FUNC [&Type "Double"]       3.2713999999999355e-02
   &INT_POT [&Type "Double"]       3.3400299999998173e-01
   &INT_POTIO [&Type "Double"]       3.9620000000053501e-03
   &INT_SUM [&Type "Double"]       6.4999999999870717e-05
   &SPLITRIJ [&Type "Double"]       1.0136200000000000e+00
$End
$Single_Point_Data
   &GeometryIndex 11
   &FinalEnergy [&Type "Double"]      -6.8666838244601308e+02  "Final single point energy"
   &Converged [&Type "Boolean"] true
$End
$SCF_Dipole_Moment
   &GeometryIndex 11
   &dipoleMagnitude [&Type "Double", &Units "a.u."]       6.4669973933108427e+00
   &dipoleElecContrib [&Type "ArrayOfDoubles", &Dim (3,1)] "Electronic contribution"
                                                         0

0                                      7.4837602314577867e-01
1                                     -3.3044981931695783e-01
2                                     -9.1096459806384478e-01
   &dipoleNucContrib [&Type "ArrayOfDoubles", &Dim (3,1)] "Nuclear contribution"
                                                         0

0                                     -1.7163339311198536e+00
1                                     -5.8929293707421078e+00
2                                     -5.5691285943029145e-01
   &dipoleTotal [&Type "ArrayOfDoubles", &Dim (3,1)] "Total"
                                                         0

0                                     -9.6795790797407488e-01
1                                     -6.2233791900590658e+00
2                                     -1.4678774574941362e+00
   &doAtomicDipole [&Type "Boolean"] false
   &Method [&Type "String"] "SCF"
   &Level [&Type "String"] "Relaxed density"
   &Mult [&Type "Integer"] 1
   &State [&Type "Integer"] -1
   &Irrep [&Type "Integer"] 0
$End
$Calculation_Info
   &GeometryIndex 11
   &Mult [&Type "Integer"] 1
   &Charge [&Type "Integer"] 0
   &NumOfAtoms [&Type "Integer"] 27
   &NumOfElectrons [&Type "Integer"] 108
   &NumOfBasisFuncts [&Type "Integer"] 432
   &NumOfAuxCBasisFuncts [&Type "Integer"] 0
   &NumOfAuxJBasisFuncts [&Type "Integer"] 867
   &NumOfAuxJKBasisFuncts [&Type "Integer"] 0
   &NumOfCABSBasisFuncts [&Type "Integer"] 0
$End
$Calculation_Timings
   &GeometryIndex 11
   &GTOINT [&Type "Double"]       1.1509042000000026e+01
   &SCF [&Type "Double"]       9.1007953999999998e+01
   &SCFGRAD [&Type "Double"]       4.2172998000000007e+01
   &GSTEP [&Type "Double"]       3.4119999999971604e-02
   &PROP [&Type "Double"]       6.3733799999999974e-01
   &SUM [&Type "Double"]       1.4536145199999999e+02
$End
