*************************************************
******************* ORCA 6.1.0-f.0 ******************
*************************************************
$Calculation_Status
   &GeometryIndex 13
   &version [&Type "String"] "6.1.0-f.0"
   &progName [&Type "String"] "LeanSCF"
   &Status [&Type "String"] "NORMAL TERMINATION"
$End
$Geometry
   &GeometryIndex 1
   &NAtoms [&Type "Integer"] 27
   &NCorelessECP [&Type "Integer"] 0
   &NGhostAtoms [&Type "Integer"] 0
   &CartesianCoordinates [&Type "Coordinates", &Dim(27,4), &Units "Bohr"] 
              N     -4.004122601589   -0.633180368966   -2.021868276295
              C     -4.729237107622    0.388918337321    0.540070198636
              C     -2.613945949115   -0.069648955817    2.489920804097
              C     -0.118402812928    1.107700730126    1.811354825880
              C      0.507985332293    3.643594319177    1.950443355858
              N      2.957857869632    4.004100510691    1.138053605775
              C      3.992932852849    1.713606077089    0.456784449913
              C      6.408021352419    1.123177209218   -0.453979982947
              C      6.928195739529   -1.407253011505   -0.971022999367
              C      5.086760479816   -3.305383154386   -0.586890922604
              C      2.687157964660   -2.714936371911    0.320113824524
              C      2.093846829797   -0.170889748428    0.856093068436
              C     -7.219856278908   -0.997807221699    1.302573106303
              O     -7.826040247093   -2.869825469012   -0.081249039690
              O     -8.351186503661   -0.164707944017    3.214882884819
              H     -4.432445867302    0.594380077348   -3.460936376840
              H     -5.170340836843   -2.240674298519   -2.184111601694
              H     -2.123090077158   -1.097819673425   -2.165990677645
              H     -5.087931240745    2.418850717536    0.336469536494
              H     -2.374979723782   -2.121955428896    2.744748540222
              H     -3.322281822469    0.676249854278    4.294317507174
              H     -0.617194136250    5.241106677496    2.581649981466
              H      3.859021983506    5.696391157291    1.081590780976
              H      7.827210044261    2.591836455705   -0.741606996380
              H      8.791601484398   -1.932778044780   -1.681552901454
              H      5.561676398450   -5.268462315216   -1.005851483494
              H      1.288786892752   -4.204590173390    0.613545396339
$End
$SCF_Mulliken_Population_Analysis
   &GeometryIndex 1
   &NAtoms [&Type "Integer"] 27
   &ATNO [&Type "ArrayOfIntegers", &Dim (27,1)] 
                                                         0

0                                                        7
1                                                        6
2                                                        6
3                                                        6
4                                                        6
5                                                        7
6                                                        6
7                                                        6
8                                                        6
9                                                        6
10                                                       6
11                                                       6
12                                                       6
13                                                       8
14                                                       8
15                                                       1
16                                                       1
17                                                       1
18                                                       1
19                                                       1
20                                                       1
21                                                       1
22                                                       1
23                                                       1
24                                                       1
25                                                       1
26                                                       1
   &AtomicCharges [&Type "ArrayOfDoubles", &Dim (27,1)] 
                                                         0

0                                     -2.3598795813293627e-01
1                                     -7.3461362152156262e-02
2                                     -3.0386924618796662e-01
3                                     -2.8708290949303716e-02
4                                     -9.1576223959692449e-02
5                                     -1.9466358356217306e-01
6                                      1.3956657024316765e-01
7                                     -2.4931999967206053e-01
8                                     -1.5548930691419649e-01
9                                     -1.5818779896652035e-01
10                                    -2.5484003047886006e-01
11                                     7.8255671154741080e-03
12                                     2.4479938093298159e-01
13                                    -5.2725700672165310e-01
14                                    -5.1848100261604735e-01
15                                     3.2830944842727972e-01
16                                     2.9135394223558420e-01
17                                     3.1271705653250448e-01
18                                     1.5853319103685215e-01
19                                     1.6005394618586133e-01
20                                     1.3259225161490185e-01
21                                     1.7231937782523599e-01
22                                     2.7423264740725672e-01
23                                     1.4339321582601938e-01
24                                     1.4429125684290089e-01
25                                     1.4114852077205942e-01
26                                     1.4070543731537966e-01
   &Method [&Type "String"] "SCF"
   &Level [&Type "String"] "Relaxed density"
   &Mult [&Type "Integer"] 1
   &State [&Type "Integer"] -1
   &Irrep [&Type "Integer"] 0
$End
$SCF_Loewdin_Population_Analysis
   &GeometryIndex 1
   &NAtoms [&Type "Integer"] 27
   &ATNO [&Type "ArrayOfIntegers", &Dim (27,1)] 
                                                         0

0                                                        7
1                                                        6
2                                                        6
3                                                        6
4                                                        6
5                                                        7
6                                                        6
7                                                        6
8                                                        6
9                                                        6
10                                                       6
11                                                       6
12                                                       6
13                                                       8
14                                                       8
15                                                       1
16                                                       1
17                                                       1
18                                                       1
19                                                       1
20                                                       1
21                                                       1
22                                                       1
23                                                       1
24                                                       1
25                                                       1
26                                                       1
   &AtomicCharges [&Type "ArrayOfDoubles", &Dim (27,1)] 
                                                         0

0                                      1.8376837608401608e-01
1                                     -2.3298870874773758e-01
2                                     -2.0343605871556747e-01
3                                     -1.7248480451061265e-01
4                                     -1.6581153575296259e-01
5                                      2.2171269635419133e-01
6                                     -1.6961656077555531e-01
7                                     -1.3677926448600708e-01
8                                     -1.6975456586218574e-01
9                                     -1.7577553775417432e-01
10                                    -1.3396913598500859e-01
11                                    -1.1503650952179267e-01
12                                    -6.5144892690137368e-01
13                                    -1.0018924202422497e-01
14                                    -8.3337500725328084e-02
15                                     2.2170061361245752e-01
16                                     2.0788299530400478e-01
17                                     2.1309970347325324e-01
18                                     1.6622322209778262e-01
19                                     1.6228958903127688e-01
20                                     1.6349308071282032e-01
21                                     1.4960641027083732e-01
22                                     2.1240670796996064e-01
23                                     1.5513185021421283e-01
24                                     1.5040605001256868e-01
25                                     1.4958379891930018e-01
26                                     1.5332325770568300e-01
   &Method [&Type "String"] "SCF"
   &Level [&Type "String"] "Relaxed density"
   &Mult [&Type "Integer"] 1
   &State [&Type "Integer"] -1
   &Irrep [&Type "Integer"] 0
$End
$SCF_Mayer_Population_Analysis
   &GeometryIndex 1
   &NAtoms [&Type "Integer"] 27 "Total number of atoms"
   &NBondOrdersPrint [&Type "Integer"] 29 "The number of bond orders larger than threshold"
   &bondThresh [&Type "Double"]       1.0000000000000001e-01  "The threshold for printing"
   &components [&Type "ArrayOfIntegers", &Dim (29,4)] "The indices and atomic numbers of the bonding atoms"
                                                         0                           1                           2                           3

0                                                        0                           7                           1                           6
1                                                        0                           7                          15                           1
2                                                        0                           7                          16                           1
3                                                        0                           7                          17                           1
4                                                        1                           6                           2                           6
5                                                        1                           6                          12                           6
6                                                        1                           6                          18                           1
7                                                        2                           6                           3                           6
8                                                        2                           6                          19                           1
9                                                        2                           6                          20                           1
10                                                       3                           6                           4                           6
11                                                       3                           6                          11                           6
12                                                       4                           6                           5                           7
13                                                       4                           6                          21                           1
14                                                       5                           7                           6                           6
15                                                       5                           7                          22                           1
16                                                       6                           6                           7                           6
17                                                       6                           6                          11                           6
18                                                       7                           6                           8                           6
19                                                       7                           6                          23                           1
20                                                       8                           6                           9                           6
21                                                       8                           6                          24                           1
22                                                       9                           6                          10                           6
23                                                       9                           6                          25                           1
24                                                      10                           6                          11                           6
25                                                      10                           6                          26                           1
26                                                      12                           6                          13                           8
27                                                      12                           6                          14                           8
28                                                      13                           8                          16                           1
   &BondOrders [&Type "ArrayOfDoubles", &Dim (29,1)] "The bond orders"
                                                         0

0                                      8.9860209710076411e-01
1                                      8.7459824176254530e-01
2                                      8.0108531691511720e-01
3                                      8.6857692415952525e-01
4                                      9.4200608676814146e-01
5                                      8.8840253778251199e-01
6                                      9.4250230820575032e-01
7                                      9.3518430990864643e-01
8                                      9.7326015742540328e-01
9                                      9.3459726446785829e-01
10                                     1.5326628714720942e+00
11                                     1.1683901840770747e+00
12                                     1.1958409035522353e+00
13                                     9.5540016299278918e-01
14                                     1.1790865930328467e+00
15                                     8.8914643814658989e-01
16                                     1.2637016178917133e+00
17                                     1.2550394594244749e+00
18                                     1.4311194308413191e+00
19                                     9.9211429894168568e-01
20                                     1.3102043691299090e+00
21                                     9.7076278957438367e-01
22                                     1.4678685682655206e+00
23                                     9.7326441366470595e-01
24                                     1.2575390573978831e+00
25                                     9.7297291195612579e-01
26                                     1.6990075516398579e+00
27                                     1.8458015963424497e+00
28                                     1.4818018823611898e-01
   &ATNO [&Type "ArrayOfIntegers", &Dim (27,1)] "Atomic number of the elements"
                                                         0

0                                                        7
1                                                        6
2                                                        6
3                                                        6
4                                                        6
5                                                        7
6                                                        6
7                                                        6
8                                                        6
9                                                        6
10                                                       6
11                                                       6
12                                                       6
13                                                       8
14                                                       8
15                                                       1
16                                                       1
17                                                       1
18                                                       1
19                                                       1
20                                                       1
21                                                       1
22                                                       1
23                                                       1
24                                                       1
25                                                       1
26                                                       1
   &NA [&Type "ArrayOfDoubles", &Dim (27,1)] "Mulliken gross atomic population"
                                                         0

0                                      7.2359879581329523e+00
1                                      6.0734613621521527e+00
2                                      6.3038692461879666e+00
3                                      6.0287082909492931e+00
4                                      6.0915762239596933e+00
5                                      7.1946635835621695e+00
6                                      5.8604334297568297e+00
7                                      6.2493199996720623e+00
8                                      6.1554893069141965e+00
9                                      6.1581877989665132e+00
10                                     6.2548400304788725e+00
11                                     5.9921744328845241e+00
12                                     5.7552006190670264e+00
13                                     8.5272570067216584e+00
14                                     8.5184810026160509e+00
15                                     6.7169055157272006e-01
16                                     7.0864605776441603e-01
17                                     6.8728294346749563e-01
18                                     8.4146680896314874e-01
19                                     8.3994605381413900e-01
20                                     8.6740774838509882e-01
21                                     8.2768062217476424e-01
22                                     7.2576735259274328e-01
23                                     8.5660678417398106e-01
24                                     8.5570874315709922e-01
25                                     8.5885147922794058e-01
26                                     8.5929456268462023e-01
   &ZA [&Type "ArrayOfDoubles", &Dim (27,1)] "Total nuclear charge"
                                                         0

0                                      7.0000000000000000e+00
1                                      6.0000000000000000e+00
2                                      6.0000000000000000e+00
3                                      6.0000000000000000e+00
4                                      6.0000000000000000e+00
5                                      7.0000000000000000e+00
6                                      6.0000000000000000e+00
7                                      6.0000000000000000e+00
8                                      6.0000000000000000e+00
9                                      6.0000000000000000e+00
10                                     6.0000000000000000e+00
11                                     6.0000000000000000e+00
12                                     6.0000000000000000e+00
13                                     8.0000000000000000e+00
14                                     8.0000000000000000e+00
15                                     1.0000000000000000e+00
16                                     1.0000000000000000e+00
17                                     1.0000000000000000e+00
18                                     1.0000000000000000e+00
19                                     1.0000000000000000e+00
20                                     1.0000000000000000e+00
21                                     1.0000000000000000e+00
22                                     1.0000000000000000e+00
23                                     1.0000000000000000e+00
24                                     1.0000000000000000e+00
25                                     1.0000000000000000e+00
26                                     1.0000000000000000e+00
   &QA [&Type "ArrayOfDoubles", &Dim (27,1)] "Mulliken gross atomic charge"
                                                         0

0                                     -2.3598795813295226e-01
1                                     -7.3461362152152709e-02
2                                     -3.0386924618796662e-01
3                                     -2.8708290949293058e-02
4                                     -9.1576223959693337e-02
5                                     -1.9466358356216951e-01
6                                      1.3956657024317032e-01
7                                     -2.4931999967206231e-01
8                                     -1.5548930691419649e-01
9                                     -1.5818779896651325e-01
10                                    -2.5484003047887249e-01
11                                     7.8255671154758843e-03
12                                     2.4479938093297360e-01
13                                    -5.2725700672165843e-01
14                                    -5.1848100261605090e-01
15                                     3.2830944842727994e-01
16                                     2.9135394223558397e-01
17                                     3.1271705653250437e-01
18                                     1.5853319103685126e-01
19                                     1.6005394618586100e-01
20                                     1.3259225161490118e-01
21                                     1.7231937782523576e-01
22                                     2.7423264740725672e-01
23                                     1.4339321582601894e-01
24                                     1.4429125684290078e-01
25                                     1.4114852077205942e-01
26                                     1.4070543731537977e-01
   &VA [&Type "ArrayOfDoubles", &Dim (27,1)] "Mayer's total valence"
                                                         0

0                                      3.4513714404193028e+00
1                                      3.6350519356592423e+00
2                                      3.8695290551250441e+00
3                                      3.6406923212071503e+00
4                                      3.8800512442786692e+00
5                                      3.4072990477689400e+00
6                                      3.8016567228663392e+00
7                                      3.8942456645209029e+00
8                                      3.8295380540598583e+00
9                                      3.8503980605997197e+00
10                                     3.8987033073909538e+00
11                                     3.7945436247461233e+00
12                                     4.4836594074245708e+00
13                                     1.9098883226740786e+00
14                                     1.9465466828852414e+00
15                                     8.9394025760666274e-01
16                                     9.6794331650617016e-01
17                                     9.1545827787942524e-01
18                                     9.8119741327184351e-01
19                                     9.6790817324997258e-01
20                                     9.9314036006845852e-01
21                                     9.6818493315488774e-01
22                                     9.2986357470042447e-01
23                                     9.7415304456410101e-01
24                                     9.6125485986669412e-01
25                                     9.6348667009198563e-01
26                                     9.7804904513099544e-01
   &BVA [&Type "ArrayOfDoubles", &Dim (27,1)] "Mayer's bonded valence"
                                                         0

0                                      3.4513714404193108e+00
1                                      3.6350519356592343e+00
2                                      3.8695290551251400e+00
3                                      3.6406923212073350e+00
4                                      3.8800512442787971e+00
5                                      3.4072990477689284e+00
6                                      3.8016567228662295e+00
7                                      3.8942456645209234e+00
8                                      3.8295380540597908e+00
9                                      3.8503980605997352e+00
10                                     3.8987033073908415e+00
11                                     3.7945436247460886e+00
12                                     4.4836594074245744e+00
13                                     1.9098883226741794e+00
14                                     1.9465466828852396e+00
15                                     8.9394025760666107e-01
16                                     9.6794331650617094e-01
17                                     9.1545827787943868e-01
18                                     9.8119741327185273e-01
19                                     9.6790817324996992e-01
20                                     9.9314036006845230e-01
21                                     9.6818493315488874e-01
22                                     9.2986357470043368e-01
23                                     9.7415304456412877e-01
24                                     9.6125485986671522e-01
25                                     9.6348667009199385e-01
26                                     9.7804904513097390e-01
   &FA [&Type "ArrayOfDoubles", &Dim (27,1)] "Mayer's free valence"
                                                         0

0                                      0.0000000000000000e+00
1                                      0.0000000000000000e+00
2                                      0.0000000000000000e+00
3                                      0.0000000000000000e+00
4                                      0.0000000000000000e+00
5                                      0.0000000000000000e+00
6                                      0.0000000000000000e+00
7                                      0.0000000000000000e+00
8                                      0.0000000000000000e+00
9                                      0.0000000000000000e+00
10                                     0.0000000000000000e+00
11                                     0.0000000000000000e+00
12                                     0.0000000000000000e+00
13                                     0.0000000000000000e+00
14                                     0.0000000000000000e+00
15                                     0.0000000000000000e+00
16                                     0.0000000000000000e+00
17                                     0.0000000000000000e+00
18                                     0.0000000000000000e+00
19                                     0.0000000000000000e+00
20                                     0.0000000000000000e+00
21                                     0.0000000000000000e+00
22                                     0.0000000000000000e+00
23                                     0.0000000000000000e+00
24                                     0.0000000000000000e+00
25                                     0.0000000000000000e+00
26                                     0.0000000000000000e+00
   &Method [&Type "String"] "SCF"
   &Level [&Type "String"] "Relaxed density"
   &Mult [&Type "Integer"] 1
   &State [&Type "Integer"] -1
   &Irrep [&Type "Integer"] 0
$End
$SCF_Energy
   &GeometryIndex 1
   &Method [&Type "String"] "SCF"
   &totalEnergy [&Type "ArrayOfDoubles", &Dim (1,1)] "Total energy of each state"
                                                         0

0                                     -6.8668240958072931e+02
   &Mult [&Type "ArrayOfIntegers", &Dim (1,1)] "Multiplicity of each state"
                                                         0

0                                                        1
$End
$DFT_Energy
   &GeometryIndex 1
   &nAlphaEl [&Type "Integer"] 54
   &nBetaEl [&Type "Integer"] 54
   &nTotalEl [&Type "Integer"] 108
   &finalEn [&Type "Double"]      -6.8668240958072931e+02  "No Van der Waals correction"
   &eExchange [&Type "Double"]      -9.1327060596416814e+01
   &eCorr [&Type "Double"]      -3.9699883220606473e+00
   &eXC [&Type "Double"]      -9.5297048918477458e+01
   &eCNL [&Type "Double"]       0.0000000000000000e+00
$End
$Solvation_Details
   &GeometryIndex 1
   &Solvent [&Type "String"] "CONDUCTOR"
   &Epsilon [&Type "Double"]      -1.0000000000000000e+00
   &Refrac [&Type "Double"]       1.3300000000000001e+00
   &RSolv [&Type "Double"]       1.3000000000000000e+00
   &SurfaceType [&Type "String"] "GAUSSIAN VDW"
   &CPCMDielEnergy [&Type "Double"]      -7.4689596999999996e-02
   &NPoints [&Type "Integer"] 1689
   &SurfaceArea [&Type "Double"]       8.6098837097199998e+02
$End
$SCF_Timings
   &GeometryIndex 1
   &TOTAL [&Type "Double"]       1.1150658999999999e+01
   &PREP [&Type "Double"]       3.7392399999999998e-01
   &FOCK [&Type "Double"]       9.6633990000000001e+00
   &DENS [&Type "Double"]       1.1587900000000317e-01
   &ETOT [&Type "Double"]       4.3004000000000708e-02
   &POP [&Type "Double"]       3.5377000000000436e-02
   &TRAFO [&Type "Double"]       9.3153999999999071e-02
   &DIIS [&Type "Double"]       3.7670699999999901e-01
   &SOSCF [&Type "Double"]       3.4930699999999959e-01
   &XC [&Type "Double"]       3.9557299999999991e+00
   &FOCKSTART [&Type "Double"]       8.7229999999999253e-03
   &SOLV [&Type "Double"]       3.0601440000000002e+00
   &SOLV_INIT [&Type "Double"]       4.6993000000000007e-02
   &SOLV_FINAL [&Type "Double"]       1.0000000010279564e-06
   &INT_PREP [&Type "Double"]       1.0000000000287557e-06
   &INT_BF [&Type "Double"]       1.0408600000000361e+00
   &INT_DENS [&Type "Double"]       1.3273149999999967e+00
   &INT_DENSIO [&Type "Double"]       4.3335339483000003e+04
   &INT_FUNC [&Type "Double"]       7.8190000000068260e-02
   &INT_POT [&Type "Double"]       1.2281029999999729e+00
   &INT_POTIO [&Type "Double"]       1.0609999999951270e-02
   &INT_SUM [&Type "Double"]       1.2700000000087641e-04
   &SPLITRIJ [&Type "Double"]       3.0465439999999999e+00
$End
$Single_Point_Data
   &GeometryIndex 1
   &FinalEnergy [&Type "Double"]      -6.8668240958072931e+02  "Final single point energy"
   &Converged [&Type "Boolean"] true
$End
$SCF_Nuc_Gradient
   &GeometryIndex 1
   &NAtoms [&Type "Integer"] 27
   &gradNorm [&Type "Double"]       2.7463374428361056e-03
   &grad [&Type "ArrayOfDoubles", &Dim (81,1)] 
                                                         0

0                                      1.6145389996660882e-04
1                                     -1.9874867044574287e-04
2                                     -6.6371551167592607e-04
3                                     -7.3203493392766622e-05
4                                      4.4724229026483174e-04
5                                      5.8163577577479515e-04
6                                     -2.1270832366014798e-04
7                                     -9.5341685689403349e-05
8                                      2.0295673685227582e-04
9                                      1.4121432368958443e-04
10                                    -1.4244425001039979e-04
11                                    -4.4326266409977760e-05
12                                    -3.9008496494404195e-04
13                                    -5.6054228653602389e-05
14                                     8.9816364853442863e-05
15                                     3.2807579448631587e-04
16                                     7.2697925526876359e-04
17                                    -4.6901401510738737e-05
18                                     4.1202754237266992e-05
19                                    -5.3391238808784213e-04
20                                    -7.4814849090930249e-05
21                                    -2.3565062061778157e-05
22                                    -3.3012420727883754e-05
23                                     2.9383307617521530e-06
24                                    -1.4043787609992458e-05
25                                     3.4580047278390280e-05
26                                     2.0220837353688821e-05
27                                    -8.9647630844055370e-05
28                                    -1.3354185802701493e-05
29                                     1.1516448909383342e-05
30                                     1.0314744042295640e-04
31                                     8.4008707291301048e-05
32                                     3.4884358363890429e-05
33                                     1.1995164307396309e-04
34                                     8.6427239531544804e-07
35                                    -2.7114029058178564e-05
36                                     8.7795612223492969e-04
37                                     6.5474206280720587e-04
38                                    -7.7986916742656121e-05
39                                    -3.3839088345301261e-04
40                                    -1.1583523044922973e-03
41                                    -9.5162415225216908e-04
42                                    -5.6598672454233334e-04
43                                     4.7026424223487427e-04
44                                     1.0069283793554332e-03
45                                     2.3766123317269308e-05
46                                     4.0568567874058048e-05
47                                    -1.2718569826170728e-05
48                                    -1.0836647884811517e-05
49                                     2.3156020485637363e-05
50                                     8.6587742299066781e-05
51                                    -9.6588592042794880e-05
52                                    -7.3754584258288979e-05
53                                    -5.2376082851211814e-05
54                                    -5.0212914040820896e-06
55                                    -1.3415017624945555e-04
56                                    -4.5356905127249495e-05
57                                     2.5184312200331486e-05
58                                     9.7253832074472094e-05
59                                    -3.0786877714715510e-05
60                                     6.1258760688743998e-05
61                                    -1.7933690093037869e-05
62                                    -4.0215927788034246e-05
63                                     5.3151453830932449e-07
64                                    -1.5606115325630596e-05
65                                    -1.2620279124979719e-06
66                                    -1.1215106333273966e-05
67                                    -1.4809655513067441e-04
68                                     1.6657884000522089e-05
69                                    -1.9726915248314061e-05
70                                    -2.2590140891586008e-05
71                                     7.6786787946894058e-06
72                                    -3.0216293560828000e-05
73                                     9.9959813613706948e-06
74                                     1.6428590129622875e-05
75                                    -1.5826466148392273e-05
76                                     2.9382320789325331e-05
77                                     1.1738989556267293e-05
78                                     1.3319484334619637e-05
79                                     2.4313793907755274e-05
80                                    -2.0789600415965868e-05
   &Method [&Type "String"] "SCF"
   &Level [&Type "String"] "Relaxed density"
   &Mult [&Type "Integer"] 1
   &State [&Type "Integer"] 0
   &Irrep [&Type "Integer"] 0
$End
$Geometry
   &GeometryIndex 2
   &NAtoms [&Type "Integer"] 27
   &NCorelessECP [&Type "Integer"] 0
   &NGhostAtoms [&Type "Integer"] 0
   &CartesianCoordinates [&Type "Coordinates", &Dim(27,4), &Units "Bohr"] 
              N     -3.994746074999   -0.634744296672   -2.018030250930
              C     -4.727793477754    0.388226189400    0.539136347558
              C     -2.615564394735   -0.065530894962    2.493022782338
              C     -0.119606144337    1.110485092728    1.815043751061
              C      0.509113195527    3.645643662725    1.954536573630
              N      2.958062772641    4.004034336573    1.140555788805
              C      3.990992689223    1.713943385568    0.457299631521
              C      6.404855420859    1.122192093163   -0.456221653726
              C      6.922543303178   -1.408447835838   -0.975477346548
              C      5.079969892028   -3.305465116212   -0.590826795229
              C      2.681373060204   -2.713811561814    0.318633441808
              C      2.090745634320   -0.169497955792    0.857300397458
              C     -7.217817473770   -1.001123570852    1.297881042363
              O     -7.816041740016   -2.876549372658   -0.081678767206
              O     -8.354216325911   -0.167599294637    3.205308564397
              H     -4.424277033764    0.589159158160   -3.459763824416
              H     -5.154987793421   -2.246642566863   -2.180744518487
              H     -2.111463902907   -1.092470602769   -2.157181073403
              H     -5.088536613218    2.417907123045    0.332886859960
              H     -2.376779735694   -2.117584236526    2.752251856371
              H     -3.326851123405    0.684076162109    4.294927354735
              H     -0.614217192619    5.244092924583    2.586760067285
              H      3.860142659728    5.696176397780    1.083430705834
              H      7.824967884801    2.589961831253   -0.744368355338
              H      8.784918560824   -1.935039545619   -1.688204577417
              H      5.553051755182   -5.268707713386   -1.011611402930
              H      1.282162216932   -4.202683849183    0.612684009009
$End
$SCF_Energy
   &GeometryIndex 2
   &Method [&Type "String"] "SCF"
   &totalEnergy [&Type "ArrayOfDoubles", &Dim (1,1)] "Total energy of each state"
                                                         0

0                                     -6.8668241354008330e+02
   &Mult [&Type "ArrayOfIntegers", &Dim (1,1)] "Multiplicity of each state"
                                                         0

0                                                        1
$End
$DFT_Energy
   &GeometryIndex 2
   &nAlphaEl [&Type "Integer"] 54
   &nBetaEl [&Type "Integer"] 54
   &nTotalEl [&Type "Integer"] 108
   &finalEn [&Type "Double"]      -6.8668241354008330e+02  "No Van der Waals correction"
   &eExchange [&Type "Double"]      -9.1328612441224934e+01
   &eCorr [&Type "Double"]      -3.9701500877226064e+00
   &eXC [&Type "Double"]      -9.5298762528947535e+01
   &eCNL [&Type "Double"]       0.0000000000000000e+00
$End
$Solvation_Details
   &GeometryIndex 2
   &Solvent [&Type "String"] "CONDUCTOR"
   &Epsilon [&Type "Double"]      -1.0000000000000000e+00
   &Refrac [&Type "Double"]       1.3300000000000001e+00
   &RSolv [&Type "Double"]       1.3000000000000000e+00
   &SurfaceType [&Type "String"] "GAUSSIAN VDW"
   &CPCMDielEnergy [&Type "Double"]      -7.4661644999999999e-02
   &NPoints [&Type "Integer"] 1687
   &SurfaceArea [&Type "Double"]       8.6071826654200004e+02
$End
$SCF_Timings
   &GeometryIndex 2
   &TOTAL [&Type "Double"]       5.6666970000000001e+00
   &PREP [&Type "Double"]       3.7645999999999996e-01
   &FOCK [&Type "Double"]       4.7039159999999995e+00
   &DENS [&Type "Double"]       3.2659999999999911e-02
   &ETOT [&Type "Double"]       2.1521000000000345e-02
   &TRAFO [&Type "Double"]       4.5370000000000132e-02
   &DIIS [&Type "Double"]       5.3575999999999846e-02
   &SOSCF [&Type "Double"]       2.5498999999999983e-01
   &XC [&Type "Double"]       2.0258899999999986e+00
   &FOCKSTART [&Type "Double"]       5.9980000000002254e-03
   &SOLV [&Type "Double"]       1.5983489999999998e+00
   &SOLV_INIT [&Type "Double"]       4.5463000000000031e-02
   &INT_PREP [&Type "Double"]       1.0000000001397780e-06
   &INT_BF [&Type "Double"]       5.5225700000000033e-01
   &INT_DENS [&Type "Double"]       6.8521300000000407e-01
   &INT_DENSIO [&Type "Double"]       1.2340156911000013e+04
   &INT_FUNC [&Type "Double"]       4.1287999999995662e-02
   &INT_POT [&Type "Double"]       5.6449400000001049e-01
   &INT_POTIO [&Type "Double"]       5.3000000000074099e-03
   &INT_SUM [&Type "Double"]       7.4000000000240540e-05
   &SPLITRIJ [&Type "Double"]       1.5415250000000000e+00
$End
$Single_Point_Data
   &GeometryIndex 2
   &FinalEnergy [&Type "Double"]      -6.8668241354008330e+02  "Final single point energy"
   &Converged [&Type "Boolean"] true
$End
$SCF_Nuc_Gradient
   &GeometryIndex 2
   &NAtoms [&Type "Integer"] 27
   &gradNorm [&Type "Double"]       1.0175276836161156e-03
   &grad [&Type "ArrayOfDoubles", &Dim (81,1)] 
                                                         0

0                                      1.3376371392658480e-04
1                                      1.1781239641217882e-05
2                                     -3.0329982017622548e-04
3                                     -5.9054024535035578e-05
4                                      5.1237052953343951e-05
5                                      4.1882190377069825e-04
6                                     -1.2277744824777887e-04
7                                     -2.3247548967863033e-05
8                                     -2.9054993997360695e-05
9                                      1.2481910311101969e-04
10                                    -5.5179279086126423e-05
11                                    -2.7762299630370614e-05
12                                    -1.6705606751449362e-04
13                                    -8.6511704779327833e-05
14                                     1.4677038333917904e-05
15                                     8.9401953648346293e-05
16                                     2.6888513953916837e-04
17                                    -2.9886141524373402e-05
18                                    -3.9786800983360789e-05
19                                    -2.5608099617271474e-04
20                                     9.8773576966246397e-07
21                                    -8.4800345925366803e-06
22                                     5.1297523553928137e-07
23                                     1.3487536338183028e-06
24                                     1.5902824986244180e-06
25                                     3.4960062689098383e-06
26                                     2.2771114475978599e-06
27                                    -3.6177195904766668e-05
28                                    -1.7083431106710428e-05
29                                     1.2407995015322013e-05
30                                     2.2901535790630263e-05
31                                     6.0287861405150349e-05
32                                    -1.6497211549430834e-05
33                                     7.1531639037149264e-05
34                                     6.3948741214488311e-05
35                                     4.6201888262342641e-05
36                                     2.4253746695272749e-04
37                                     3.9675275746605028e-04
38                                    -8.8626564246518935e-05
39                                    -1.0179862473246514e-04
40                                    -3.5494559486765574e-04
41                                    -2.3003534742766299e-04
42                                    -8.1610657797799926e-05
43                                     2.0990502280077150e-05
44                                     2.0870561393534007e-04
45                                     3.0596268588404044e-05
46                                     4.4374013281049673e-05
47                                     3.9097283609693112e-05
48                                    -6.8744191841830539e-05
49                                    -2.8618095730709170e-05
50                                     1.0813760153070839e-04
51                                    -6.4822777781470275e-05
52                                    -6.5428483206324099e-05
53                                    -3.4213411058588161e-06
54                                    -1.6751239378688058e-05
55                                    -2.8557836488009303e-05
56                                    -7.6244146774568245e-05
57                                     2.0446120355027729e-05
58                                     1.8287443640369744e-05
59                                    -4.1845506959823503e-05
60                                     5.8145669725866459e-06
61                                     9.5855265086512362e-06
62                                    -7.5046121858449600e-06
63                                    -6.0831022869085871e-08
64                                     1.4104719965862128e-06
65                                    -7.7101958791993275e-06
66                                     3.7452942947626550e-05
67                                    -2.7334968108104485e-05
68                                     9.2498618827201607e-06
69                                    -1.0260643720436113e-07
70                                    -4.6769062007779444e-06
71                                     3.5649833388209148e-06
72                                    -6.6123971046057328e-08
73                                    -1.9557866314942000e-06
74                                     3.1040274661208248e-06
75                                    -4.7741928589377283e-06
76                                    -5.4336861499519606e-06
77                                     3.7118217660573206e-06
78                                    -8.7927821747334906e-06
79                                     3.5045861270692827e-06
80                                    -1.0405440573455437e-05
   &Method [&Type "String"] "SCF"
   &Level [&Type "String"] "Relaxed density"
   &Mult [&Type "Integer"] 1
   &State [&Type "Integer"] 0
   &Irrep [&Type "Integer"] 0
$End
$Geometry
   &GeometryIndex 3
   &NAtoms [&Type "Integer"] 27
   &NCorelessECP [&Type "Integer"] 0
   &NGhostAtoms [&Type "Integer"] 0
   &CartesianCoordinates [&Type "Coordinates", &Dim(27,4), &Units "Bohr"] 
              N     -3.978384897153   -0.636284071987   -2.011544601257
              C     -4.725014716391    0.385330333031    0.539894065103
              C     -2.617106282801   -0.059074571031    2.500780928510
              C     -0.120801240703    1.114911671988    1.822566029992
              C      0.511819042400    3.649013019081    1.962579761877
              N      2.958940670301    4.004108138840    1.144231181260
              C      3.987904544534    1.714384754834    0.456952093147
              C      6.399097539411    1.120398504166   -0.462514534843
              C      6.912612185088   -1.410616842556   -0.984747647078
              C      5.068943975757   -3.305940889244   -0.596746219757
              C      2.672862487181   -2.712439901131    0.318717821251
              C      2.086180018932   -0.167472364425    0.859944803011
              C     -7.212165413727   -1.012712290037    1.292618526138
              O     -7.801676635262   -2.886515497817   -0.089513491588
              O     -8.370744942890   -0.166184669595    3.179330881381
              H     -4.414756622026    0.580820100176   -3.456978883649
              H     -5.124032291649   -2.258406139091   -2.175099763986
              H     -2.090341809103   -1.077052572291   -2.144878369417
              H     -5.091896985425    2.414057620982    0.331733413536
              H     -2.378004709252   -2.110288239949    2.768316546986
              H     -3.332742418358    0.697252998352    4.298310455810
              H     -0.608082273996    5.248829255723    2.597472790257
              H      3.862288591080    5.695770678882    1.085407725177
              H      7.820329763215    2.586693033685   -0.752993975750
              H      8.772728545637   -1.938942502588   -1.702269421262
              H      5.539060965202   -5.269470660240   -1.019845103995
              H      1.272982928894   -4.200168954451    0.615825597649
$End
$SCF_Energy
   &GeometryIndex 3
   &Method [&Type "String"] "SCF"
   &totalEnergy [&Type "ArrayOfDoubles", &Dim (1,1)] "Total energy of each state"
                                                         0

0                                     -6.8668240088422829e+02
   &Mult [&Type "ArrayOfIntegers", &Dim (1,1)] "Multiplicity of each state"
                                                         0

0                                                        1
$End
$DFT_Energy
   &GeometryIndex 3
   &nAlphaEl [&Type "Integer"] 54
   &nBetaEl [&Type "Integer"] 54
   &nTotalEl [&Type "Integer"] 108
   &finalEn [&Type "Double"]      -6.8668240088422829e+02  "No Van der Waals correction"
   &eExchange [&Type "Double"]      -9.1330083150041190e+01
   &eCorr [&Type "Double"]      -3.9702959323332774e+00
   &eXC [&Type "Double"]      -9.5300379082374462e+01
   &eCNL [&Type "Double"]       0.0000000000000000e+00
$End
$Solvation_Details
   &GeometryIndex 3
   &Solvent [&Type "String"] "CONDUCTOR"
   &Epsilon [&Type "Double"]      -1.0000000000000000e+00
   &Refrac [&Type "Double"]       1.3300000000000001e+00
   &RSolv [&Type "Double"]       1.3000000000000000e+00
   &SurfaceType [&Type "String"] "GAUSSIAN VDW"
   &CPCMDielEnergy [&Type "Double"]      -7.4630898000000001e-02
   &NPoints [&Type "Integer"] 1686
   &SurfaceArea [&Type "Double"]       8.6060880248100000e+02
$End
$SCF_Timings
   &GeometryIndex 3
   &TOTAL [&Type "Double"]       6.2809830000000000e+00
   &PREP [&Type "Double"]       3.7358200000000008e-01
   &FOCK [&Type "Double"]       5.2079790000000008e+00
   &DENS [&Type "Double"]       3.7363000000000035e-02
   &ETOT [&Type "Double"]       2.4543000000000648e-02
   &TRAFO [&Type "Double"]       9.1495999999999800e-02
   &DIIS [&Type "Double"]       2.0323099999999994e-01
   &SOSCF [&Type "Double"]       2.2361599999999981e-01
   &XC [&Type "Double"]       2.2347749999999995e+00
   &FOCKSTART [&Type "Double"]       6.1370000000014469e-03
   &SOLV [&Type "Double"]       1.7204109999999997e+00
   &SOLV_INIT [&Type "Double"]       4.4779000000000013e-02
   &INT_PREP [&Type "Double"]       2.9999999999752447e-06
   &INT_BF [&Type "Double"]       6.1406100000002051e-01
   &INT_DENS [&Type "Double"]       7.3671400000001375e-01
   &INT_DENSIO [&Type "Double"]       1.4942377477000020e+04
   &INT_FUNC [&Type "Double"]       4.5945999999972731e-02
   &INT_POT [&Type "Double"]       5.7259899999996633e-01
   &INT_POTIO [&Type "Double"]       5.7590000000291575e-03
   &INT_SUM [&Type "Double"]       8.5999999999586407e-05
   &SPLITRIJ [&Type "Double"]       1.6904000000000003e+00
$End
$Single_Point_Data
   &GeometryIndex 3
   &FinalEnergy [&Type "Double"]      -6.8668240088422829e+02  "Final single point energy"
   &Converged [&Type "Boolean"] true
$End
$SCF_Nuc_Gradient
   &GeometryIndex 3
   &NAtoms [&Type "Integer"] 27
   &gradNorm [&Type "Double"]       2.7438220078000336e-03
   &grad [&Type "ArrayOfDoubles", &Dim (81,1)] 
                                                         0

0                                      2.6753503720311142e-05
1                                      2.7715798652832311e-04
2                                      1.2388957060377459e-05
3                                     -3.8067418007088931e-04
4                                      5.9602115644260406e-05
5                                     -2.6545902678573249e-04
6                                     -6.8627412035543629e-05
7                                      4.8856680626348584e-05
8                                     -1.5031987396903863e-04
9                                      4.4787088055928126e-05
10                                     5.4367443406878532e-05
11                                    -5.5072751386353071e-05
12                                     1.1615633339065023e-04
13                                    -5.2534708339983371e-05
14                                    -4.5311689121468738e-05
15                                    -1.6862236957158969e-04
16                                    -2.3862346468790652e-04
17                                    -1.7374059392035032e-06
18                                    -8.5626779704301229e-05
19                                     1.1772254893052734e-04
20                                     5.5828541210284658e-05
21                                     1.4237444011779444e-05
22                                     2.8425301705293018e-05
23                                    -3.4675181912864833e-06
24                                     1.7314806086735166e-05
25                                    -2.6761481861220775e-05
26                                    -1.8536190989630347e-05
27                                     2.0568711522750546e-05
28                                    -2.0296785702358152e-05
29                                    -2.0526729537179785e-06
30                                    -5.7075340205529727e-05
31                                     5.8249679914124802e-06
32                                    -1.0301506128295845e-05
33                                    -1.1564360311405210e-05
34                                     7.2470432288638089e-05
35                                     9.3028981036234228e-05
36                                     8.0139847323694446e-04
37                                    -1.4358069331103702e-03
38                                     1.4099670961891641e-03
39                                    -2.3749445500198443e-04
40                                     1.0029371966853214e-03
41                                    -6.9520340678261641e-05
42                                    -8.2980530992463400e-05
43                                     1.5734864916185434e-04
44                                    -1.0692799220887970e-03
45                                     6.4133014738487412e-05
46                                     4.2412220256415889e-05
47                                     5.1712161536692641e-05
48                                    -1.0575730200436352e-04
49                                    -1.4231250094963455e-04
50                                     1.5419873438567589e-04
51                                    -2.4892213678545660e-05
52                                    -6.4376889148483676e-05
53                                     3.3923791939796666e-05
54                                     6.5227786073787826e-05
55                                     1.2807907983070597e-04
56                                    -7.1341900168299215e-05
57                                     7.6240541472725153e-07
58                                    -5.4959589260848707e-05
59                                    -5.1370355630831605e-05
60                                    -2.7755714934563015e-05
61                                     1.8736282673295461e-05
62                                     2.0522642466851019e-05
63                                     4.7877151037288568e-06
64                                     1.5018951758035554e-05
65                                    -1.3342009791870828e-05
66                                     5.4930768944387240e-05
67                                     5.7286601061780351e-05
68                                     5.6133858130369158e-06
69                                     1.3467701879753616e-05
70                                     5.8136864404222111e-06
71                                     1.2052543866712326e-07
72                                     2.1926242303034645e-05
73                                    -1.3827547972240718e-05
74                                    -5.2525740490984817e-06
75                                     1.7642035890419114e-06
76                                    -2.7410113858505371e-05
77                                    -8.0312087352818039e-06
78                                    -1.7145544006572089e-05
79                                    -1.5150134549334580e-05
80                                     3.0921305107737412e-06
   &Method [&Type "String"] "SCF"
   &Level [&Type "String"] "Relaxed density"
   &Mult [&Type "Integer"] 1
   &State [&Type "Integer"] 0
   &Irrep [&Type "Integer"] 0
$End
$Geometry
   &GeometryIndex 4
   &NAtoms [&Type "Integer"] 27
   &NCorelessECP [&Type "Integer"] 0
   &NGhostAtoms [&Type "Integer"] 0
   &CartesianCoordinates [&Type "Coordinates", &Dim(27,4), &Units "Bohr"] 
              N     -3.969171016633   -0.632555014968   -2.011472984725
              C     -4.724621282663    0.386764628224    0.537611865222
              C     -2.619918833060   -0.052611388865    2.503729381935
              C     -0.122634176917    1.119034841895    1.826031617933
              C      0.513429193685    3.652310833597    1.966515522545
              N      2.960002909120    4.004394681094    1.146084167194
              C      3.985695626401    1.714149180292    0.456761230373
              C      6.395241446101    1.117598868897   -0.465420964266
              C      6.905346582361   -1.413917636466   -0.988617009787
              C      5.060258912541   -3.307384849959   -0.598470636858
              C      2.665820549309   -2.711642277059    0.319949677908
              C      2.082149595984   -0.165892937234    0.861340173988
              C     -7.210164403412   -1.017754942308    1.284960308803
              O     -7.781249727575   -2.903808396744   -0.087337415847
              O     -8.366864252226   -0.183451755213    3.178133785931
              H     -4.410812010607    0.580639363506   -3.458673976998
              H     -5.104660206207   -2.261409709459   -2.176394723653
              H     -2.078026641542   -1.061473618194   -2.141932090562
              H     -5.095858718927    2.414673098714    0.329180676079
              H     -2.381466954427   -2.103215124468    2.776746830354
              H     -3.338277769290    0.708266379991    4.298242820147
              H     -0.603857297461    5.253378277379    2.602830512660
              H      3.864824002467    5.695200836620    1.086410821185
              H      7.817823394169    2.582306546388   -0.757206143139
              H      8.764028649069   -1.944193018878   -1.708366758323
              H      5.527965769625   -5.271342763742   -1.022161936191
              H      1.264996679011   -4.198064159732    0.619075856598
$End
$SCF_Energy
   &GeometryIndex 4
   &Method [&Type "String"] "SCF"
   &totalEnergy [&Type "ArrayOfDoubles", &Dim (1,1)] "Total energy of each state"
                                                         0

0                                     -6.8668241166716803e+02
   &Mult [&Type "ArrayOfIntegers", &Dim (1,1)] "Multiplicity of each state"
                                                         0

0                                                        1
$End
$DFT_Energy
   &GeometryIndex 4
   &nAlphaEl [&Type "Integer"] 54
   &nBetaEl [&Type "Integer"] 54
   &nTotalEl [&Type "Integer"] 108
   &finalEn [&Type "Double"]      -6.8668241166716803e+02  "No Van der Waals correction"
   &eExchange [&Type "Double"]      -9.1330205950437687e+01
   &eCorr [&Type "Double"]      -3.9703240514609281e+00
   &eXC [&Type "Double"]      -9.5300530001898622e+01
   &eCNL [&Type "Double"]       0.0000000000000000e+00
$End
$Solvation_Details
   &GeometryIndex 4
   &Solvent [&Type "String"] "CONDUCTOR"
   &Epsilon [&Type "Double"]      -1.0000000000000000e+00
   &Refrac [&Type "Double"]       1.3300000000000001e+00
   &RSolv [&Type "Double"]       1.3000000000000000e+00
   &SurfaceType [&Type "String"] "GAUSSIAN VDW"
   &CPCMDielEnergy [&Type "Double"]      -7.4636519999999998e-02
   &NPoints [&Type "Integer"] 1685
   &SurfaceArea [&Type "Double"]       8.6041157210500000e+02
$End
$SCF_Timings
   &GeometryIndex 4
   &TOTAL [&Type "Double"]       6.2705100000000007e+00
   &PREP [&Type "Double"]       3.6984899999999998e-01
   &FOCK [&Type "Double"]       5.2215639999999999e+00
   &DENS [&Type "Double"]       3.7291000000000629e-02
   &ETOT [&Type "Double"]       2.4435999999999014e-02
   &POP [&Type "Double"]       1.0000000001397780e-06
   &TRAFO [&Type "Double"]       8.9911000000000518e-02
   &DIIS [&Type "Double"]       1.4821500000000021e-01
   &SOSCF [&Type "Double"]       2.5471200000000116e-01
   &XC [&Type "Double"]       2.1759879999999998e+00
   &FOCKSTART [&Type "Double"]       6.5020000000011735e-03
   &SOLV [&Type "Double"]       1.7872440000000012e+00
   &SOLV_INIT [&Type "Double"]       4.4599000000000000e-02
   &INT_PREP [&Type "Double"]       1.0000000001397780e-06
   &INT_BF [&Type "Double"]       6.1886799999999786e-01
   &INT_DENS [&Type "Double"]       7.7901900000000435e-01
   &INT_DENSIO [&Type "Double"]       1.4950856690000017e+04
   &INT_FUNC [&Type "Double"]       4.5908000000030813e-02
   &INT_POT [&Type "Double"]       6.2720099999999179e-01
   &INT_POTIO [&Type "Double"]       5.7769999999780497e-03
   &INT_SUM [&Type "Double"]       7.7000000000881919e-05
   &SPLITRIJ [&Type "Double"]       1.6962880000000002e+00
$End
$Single_Point_Data
   &GeometryIndex 4
   &FinalEnergy [&Type "Double"]      -6.8668241166716803e+02  "Final single point energy"
   &Converged [&Type "Boolean"] true
$End
$SCF_Nuc_Gradient
   &GeometryIndex 4
   &NAtoms [&Type "Integer"] 27
   &gradNorm [&Type "Double"]       1.7006768556143835e-03
   &grad [&Type "ArrayOfDoubles", &Dim (81,1)] 
                                                         0

0                                      6.8210798777904036e-05
1                                      2.8025396699453854e-04
2                                      1.5334140656777726e-04
3                                      3.9876543733452681e-05
4                                     -4.3226365517311065e-04
5                                     -4.5009322194950775e-05
6                                      4.7651355759805412e-05
7                                      1.4705101629357373e-04
8                                     -2.0866830406491915e-04
9                                     -6.9338414553344295e-06
10                                     7.5715310141043560e-05
11                                    -3.6919750195561762e-05
12                                     2.0870903449829881e-04
13                                    -3.6026229465711823e-06
14                                    -3.8938358870030886e-05
15                                    -2.0926296747435236e-04
16                                    -3.7747349400548205e-04
17                                    -4.8555687493293236e-07
18                                    -5.9274619313646158e-05
19                                     2.8670976425723737e-04
20                                     5.1179730068485422e-05
21                                     2.6724389617768275e-05
22                                     2.4602788574530632e-05
23                                    -1.0730451280865244e-05
24                                     2.3258101830510997e-05
25                                    -3.1229519643724340e-05
26                                    -2.4139728796451418e-05
27                                     3.3805414248296397e-05
28                                    -2.0212528991924838e-05
29                                    -1.6285561163314056e-05
30                                    -6.0660644346501209e-05
31                                    -4.1146763728442184e-05
32                                     1.8486536797468305e-05
33                                    -5.7093266351463268e-05
34                                     3.9555139181044439e-05
35                                     1.0366617272970996e-04
36                                    -6.2848938801377680e-04
37                                    -2.2589646325697093e-04
38                                     3.6107101066325947e-05
39                                     2.5772715823773858e-04
40                                     7.3560702222158839e-04
41                                     5.3936920318357548e-04
42                                     4.2829511519400058e-04
43                                    -3.6940612140111927e-04
44                                    -6.5389691022588181e-04
45                                     5.4007214824430827e-05
46                                     2.1852737532787603e-05
47                                     4.7130171791021774e-05
48                                    -1.6559425269267129e-04
49                                    -1.2076040001958617e-04
50                                     8.3079070592620083e-05
51                                     1.0303863859049966e-06
52                                    -3.3936462083581503e-05
53                                     3.4264770916544139e-05
54                                    -3.3228104744948556e-05
55                                     7.9716748454002409e-05
56                                    -3.2413844162471062e-05
57                                    -2.7275018804283867e-06
58                                    -5.9290391250455682e-05
59                                    -4.9309530479425562e-05
60                                    -2.4347367161795734e-05
61                                     1.6671494047365088e-05
62                                     5.9913602083856926e-05
63                                     1.0465006948836772e-05
64                                     1.6377706677946774e-05
65                                    -1.0265895978094856e-05
66                                     3.1929401811294292e-05
67                                     4.2751558260105404e-05
68                                     5.2299628227577607e-06
69                                     1.1434252377318967e-05
70                                     1.8764175086193047e-06
71                                    -4.2773003502191015e-07
72                                     1.6824697062201716e-05
73                                    -1.5524667533407506e-05
74                                    -2.2797470451241079e-06
75                                    -5.0251157879591633e-07
76                                    -2.1011445161192230e-05
77                                    -1.2608810245393130e-05
78                                    -1.1834411136359829e-05
79                                    -1.6987136574903722e-05
80                                     1.0611769411534699e-05
   &Method [&Type "String"] "SCF"
   &Level [&Type "String"] "Relaxed density"
   &Mult [&Type "Integer"] 1
   &State [&Type "Integer"] 0
   &Irrep [&Type "Integer"] 0
$End
$Geometry
   &GeometryIndex 5
   &NAtoms [&Type "Integer"] 27
   &NCorelessECP [&Type "Integer"] 0
   &NGhostAtoms [&Type "Integer"] 0
   &CartesianCoordinates [&Type "Coordinates", &Dim(27,4), &Units "Bohr"] 
              N     -3.972588648478   -0.632328679516   -2.013008810373
              C     -4.725339328047    0.387261523666    0.537912259189
              C     -2.619454908619   -0.053169278053    2.502895004547
              C     -0.122196614010    1.118553862081    1.824429081561
              C      0.513137557443    3.652113750325    1.964520484847
              N      2.960632971520    4.004762569511    1.145556287542
              C      3.986771005662    1.713908611723    0.456995813638
              C      6.396998991593    1.117370908905   -0.463123469758
              C      6.907459298861   -1.414014827460   -0.986085481279
              C      5.061792876724   -3.307308320255   -0.598274483744
              C      2.666587982820   -2.711410009747    0.317636832399
              C      2.082818914329   -0.165948684218    0.859563403021
              C     -7.210355040394   -1.017372796660    1.287245595503
              O     -7.782403380174   -2.905143643930   -0.084464161842
              O     -8.366362069379   -0.181953863723    3.181538311854
              H     -4.417467744926    0.580299554319   -3.459775475185
              H     -5.106822509732   -2.261801231869   -2.176063995314
              H     -2.081433827953   -1.059931388272   -2.146462138312
              H     -5.096399071939    2.415013627970    0.330032151064
              H     -2.381072262435   -2.103638214295    2.775738919461
              H     -3.336783045264    0.707606575333    4.297659599486
              H     -0.604714960755    5.252841417889    2.600659382128
              H      3.865529140536    5.695439132459    1.086652983418
              H      7.819896661270    2.582029337681   -0.753415953247
              H      8.766751530502   -1.944269228949   -1.704140585143
              H      5.529733502619   -5.271235411274   -1.021640061988
              H      1.265282997122   -4.197675350335    0.614969115029
$End
$SCF_Energy
   &GeometryIndex 5
   &Method [&Type "String"] "SCF"
   &totalEnergy [&Type "ArrayOfDoubles", &Dim (1,1)] "Total energy of each state"
                                                         0

0                                     -6.8668241601051716e+02
   &Mult [&Type "ArrayOfIntegers", &Dim (1,1)] "Multiplicity of each state"
                                                         0

0                                                        1
$End
$DFT_Energy
   &GeometryIndex 5
   &nAlphaEl [&Type "Integer"] 54
   &nBetaEl [&Type "Integer"] 54
   &nTotalEl [&Type "Integer"] 108
   &finalEn [&Type "Double"]      -6.8668241601051716e+02  "No Van der Waals correction"
   &eExchange [&Type "Double"]      -9.1329134483739750e+01
   &eCorr [&Type "Double"]      -3.9702183171255028e+00
   &eXC [&Type "Double"]      -9.5299352800865250e+01
   &eCNL [&Type "Double"]       0.0000000000000000e+00
$End
$Solvation_Details
   &GeometryIndex 5
   &Solvent [&Type "String"] "CONDUCTOR"
   &Epsilon [&Type "Double"]      -1.0000000000000000e+00
   &Refrac [&Type "Double"]       1.3300000000000001e+00
   &RSolv [&Type "Double"]       1.3000000000000000e+00
   &SurfaceType [&Type "String"] "GAUSSIAN VDW"
   &CPCMDielEnergy [&Type "Double"]      -7.4676751000000000e-02
   &NPoints [&Type "Integer"] 1687
   &SurfaceArea [&Type "Double"]       8.6061168521900004e+02
$End
$SCF_Timings
   &GeometryIndex 5
   &TOTAL [&Type "Double"]       5.5704269999999996e+00
   &PREP [&Type "Double"]       3.7799499999999997e-01
   &FOCK [&Type "Double"]       4.6239449999999991e+00
   &DENS [&Type "Double"]       3.2546999999999215e-02
   &ETOT [&Type "Double"]       2.1548000000000789e-02
   &TRAFO [&Type "Double"]       4.5109000000000066e-02
   &DIIS [&Type "Double"]       5.1962999999999981e-02
   &SOSCF [&Type "Double"]       2.5404100000000085e-01
   &XC [&Type "Double"]       1.9825389999999996e+00
   &FOCKSTART [&Type "Double"]       5.9580000000007405e-03
   &SOLV [&Type "Double"]       1.5699470000000009e+00
   &SOLV_INIT [&Type "Double"]       4.4636000000000009e-02
   &INT_PREP [&Type "Double"]       1.9999999993913775e-06
   &INT_BF [&Type "Double"]       5.4924300000000881e-01
   &INT_DENS [&Type "Double"]       6.8824400000001196e-01
   &INT_DENSIO [&Type "Double"]       1.2170658122000010e+04
   &INT_FUNC [&Type "Double"]       4.1118999999957162e-02
   &INT_POT [&Type "Double"]       5.3840100000001101e-01
   &INT_POTIO [&Type "Double"]       5.2110000000017420e-03
   &INT_SUM [&Type "Double"]       6.9999999999015294e-05
   &SPLITRIJ [&Type "Double"]       1.5194250000000000e+00
$End
$Single_Point_Data
   &GeometryIndex 5
   &FinalEnergy [&Type "Double"]      -6.8668241601051716e+02  "Final single point energy"
   &Converged [&Type "Boolean"] true
$End
$SCF_Nuc_Gradient
   &GeometryIndex 5
   &NAtoms [&Type "Integer"] 27
   &gradNorm [&Type "Double"]       4.8573727518401346e-04
   &grad [&Type "ArrayOfDoubles", &Dim (81,1)] 
                                                         0

0                                      5.4808928092165560e-05
1                                      1.2959325013887132e-04
2                                     -2.7407505326003390e-05
3                                      6.5656733413719062e-05
4                                     -1.6811495210010061e-04
5                                      6.6237143448015859e-05
6                                     -4.9172218471844019e-06
7                                      8.8268731117322786e-05
8                                     -4.2771255119490896e-05
9                                      3.0365648207365901e-05
10                                     6.2215326563676288e-06
11                                     4.5518105497442847e-05
12                                     1.8783616832523942e-05
13                                     1.6165844811974125e-05
14                                    -5.3884749463989107e-05
15                                    -4.6597282988513483e-05
16                                    -8.7910702734322194e-05
17                                    -6.5640881496151302e-06
18                                     1.4695284457797060e-05
19                                     6.6420342900718864e-05
20                                     4.9660701631350007e-05
21                                     8.7427148749963900e-06
22                                    -5.5729078615833483e-06
23                                    -5.9032097080908728e-06
24                                     6.1092607302275746e-06
25                                    -7.4952503794530057e-06
26                                    -1.8918418771840268e-06
27                                     2.0073252273478700e-06
28                                    -8.4155524366544797e-06
29                                     6.2298723999459145e-06
30                                    -2.5911107340965966e-05
31                                    -3.0579777481752786e-06
32                                    -3.0636019814300492e-05
33                                    -2.9116887329800386e-05
34                                     6.8895091903159369e-06
35                                     5.3523685120361250e-06
36                                    -2.2594765450251186e-04
37                                     4.0466100823920896e-05
38                                    -2.8114409080518682e-05
39                                     9.1619875812144411e-05
40                                     1.1737980145839350e-04
41                                     7.2813377826629055e-05
42                                     1.1714334305292992e-04
43                                    -9.2001150918129965e-05
44                                    -9.7330593021905526e-05
45                                     5.5829397120430585e-05
46                                     1.5571367906627720e-05
47                                    -5.1827001787303761e-06
48                                    -1.0210946474127278e-04
49                                    -5.3832141339273804e-05
50                                     8.0760786493942055e-05
51                                    -3.2254124176005206e-05
52                                    -3.8519501842670598e-05
53                                     5.3806240109992645e-06
54                                    -2.8866839485719659e-05
55                                     1.5291431034854253e-05
56                                    -1.6459335449431171e-05
57                                     8.3643188479283828e-07
58                                    -1.4906380575170630e-05
59                                    -3.3136691653957268e-05
60                                     1.1910817630791590e-06
61                                    -7.7614155120527255e-06
62                                     1.5395908840243160e-05
63                                     7.1786964992133842e-06
64                                     6.6732662915118535e-06
65                                    -1.1410472398339089e-05
66                                     1.9227283767639727e-05
67                                     6.8583228987478817e-06
68                                     6.7024219707345362e-06
69                                     3.9990553706752488e-06
70                                    -5.4342813493053060e-06
71                                     1.6664504656851466e-06
72                                     1.8098904055810494e-06
73                                    -9.1968011746252840e-06
74                                    -1.3995113993451984e-07
75                                    -1.8547118848630424e-06
76                                    -8.1854163888539153e-06
77                                     1.6136424227468620e-06
78                                    -2.4292795742092421e-06
79                                    -5.3950715490922244e-06
80                                     3.5014192606751607e-06
   &Method [&Type "String"] "SCF"
   &Level [&Type "String"] "Relaxed density"
   &Mult [&Type "Integer"] 1
   &State [&Type "Integer"] 0
   &Irrep [&Type "Integer"] 0
$End
$Geometry
   &GeometryIndex 6
   &NAtoms [&Type "Integer"] 27
   &NCorelessECP [&Type "Integer"] 0
   &NGhostAtoms [&Type "Integer"] 0
   &CartesianCoordinates [&Type "Coordinates", &Dim(27,4), &Units "Bohr"] 
              N     -3.964067523354   -0.629006152281   -2.011934349286
              C     -4.724715243386    0.387566009281    0.537776861315
              C     -2.621169954009   -0.048348824355    2.506985343374
              C     -0.123165153625    1.121279581211    1.828091551789
              C      0.514798554248    3.654188963882    1.968798586947
              N      2.961663365816    4.004993551857    1.146871748134
              C      3.984917625641    1.713346387924    0.456185273428
              C      6.393554600463    1.114891989351   -0.466704568744
              C      6.901417602869   -1.416874949241   -0.990153867814
              C      5.054828520786   -3.308726014047   -0.600095477143
              C      2.661131571570   -2.710984591765    0.318424818008
              C      2.079887242496   -0.165042406874    0.860778308966
              C     -7.206554182272   -1.025106953619    1.282984188008
              O     -7.766363933776   -2.919509323535   -0.085143492433
              O     -8.372601293768   -0.188317840909    3.171043425819
              H     -4.420035518515    0.578061369481   -3.459977033103
              H     -5.083418974444   -2.268071799290   -2.174331238919
              H     -2.068941806707   -1.039398047851   -2.145363667619
              H     -5.100594144246    2.414364945305    0.330424885927
              H     -2.383335598299   -2.098035634745    2.785685627259
              H     -3.340559934736    0.717467305974    4.298653374162
              H     -0.600917580743    5.255608620309    2.606939406195
              H      3.867619873406    5.695035311461    1.086880640109
              H      7.817333437648    2.578378251628   -0.758533362621
              H      8.759434968810   -1.948593719024   -1.710362873257
              H      5.520838437219   -5.273030029494   -1.023759158226
              H      1.259015059802   -4.196136057326    0.617385658230
$End
$SCF_Energy
   &GeometryIndex 6
   &Method [&Type "String"] "SCF"
   &totalEnergy [&Type "ArrayOfDoubles", &Dim (1,1)] "Total energy of each state"
                                                         0

0                                     -6.8668241817045521e+02
   &Mult [&Type "ArrayOfIntegers", &Dim (1,1)] "Multiplicity of each state"
                                                         0

0                                                        1
$End
$DFT_Energy
   &GeometryIndex 6
   &nAlphaEl [&Type "Integer"] 54
   &nBetaEl [&Type "Integer"] 54
   &nTotalEl [&Type "Integer"] 108
   &finalEn [&Type "Double"]      -6.8668241817045521e+02  "No Van der Waals correction"
   &eExchange [&Type "Double"]      -9.1328740566833304e+01
   &eCorr [&Type "Double"]      -3.9701826258039032e+00
   &eXC [&Type "Double"]      -9.5298923192637204e+01
   &eCNL [&Type "Double"]       0.0000000000000000e+00
$End
$Solvation_Details
   &GeometryIndex 6
   &Solvent [&Type "String"] "CONDUCTOR"
   &Epsilon [&Type "Double"]      -1.0000000000000000e+00
   &Refrac [&Type "Double"]       1.3300000000000001e+00
   &RSolv [&Type "Double"]       1.3000000000000000e+00
   &SurfaceType [&Type "String"] "GAUSSIAN VDW"
   &CPCMDielEnergy [&Type "Double"]      -7.4723650000000003e-02
   &NPoints [&Type "Integer"] 1685
   &SurfaceArea [&Type "Double"]       8.6060016292299997e+02
$End
$SCF_Timings
   &GeometryIndex 6
   &TOTAL [&Type "Double"]       6.2269839999999999e+00
   &PREP [&Type "Double"]       3.8645799999999997e-01
   &FOCK [&Type "Double"]       5.1696539999999986e+00
   &DENS [&Type "Double"]       3.8661999999997754e-02
   &ETOT [&Type "Double"]       2.4334999999999551e-02
   &TRAFO [&Type "Double"]       9.0223000000000386e-02
   &DIIS [&Type "Double"]       1.4916999999999980e-01
   &SOSCF [&Type "Double"]       2.5468000000000179e-01
   &XC [&Type "Double"]       2.1714770000000003e+00
   &FOCKSTART [&Type "Double"]       6.5360000000002083e-03
   &SOLV [&Type "Double"]       1.7517200000000002e+00
   &SOLV_INIT [&Type "Double"]       4.7188000000000008e-02
   &INT_PREP [&Type "Double"]       9.0000000002588010e-06
   &INT_BF [&Type "Double"]       6.1124300000002718e-01
   &INT_DENS [&Type "Double"]       7.6546900000000284e-01
   &INT_DENSIO [&Type "Double"]       1.4942046917000018e+04
   &INT_FUNC [&Type "Double"]       4.6081000000002037e-02
   &INT_POT [&Type "Double"]       5.8926899999999582e-01
   &INT_POTIO [&Type "Double"]       5.8949999999868830e-03
   &INT_SUM [&Type "Double"]       7.5999999999520895e-05
   &SPLITRIJ [&Type "Double"]       1.6898100000000000e+00
$End
$Single_Point_Data
   &GeometryIndex 6
   &FinalEnergy [&Type "Double"]      -6.8668241817045521e+02  "Final single point energy"
   &Converged [&Type "Boolean"] true
$End
$SCF_Nuc_Gradient
   &GeometryIndex 6
   &NAtoms [&Type "Integer"] 27
   &gradNorm [&Type "Double"]       3.0204077694060593e-04
   &grad [&Type "ArrayOfDoubles", &Dim (81,1)] 
                                                         0

0                                      2.5926674524136967e-05
1                                      9.9691515887876531e-05
2                                     -3.3378020436590494e-05
3                                      8.8108216864589157e-05
4                                     -6.2119553023069415e-05
5                                      1.4181277022558367e-05
6                                     -8.7406909196289378e-06
7                                      8.4861675002814371e-05
8                                      1.3564716181986634e-05
9                                     -2.4503950216438024e-05
10                                    -7.9025578734216728e-06
11                                     6.6329671941913956e-06
12                                    -2.2457127180786768e-06
13                                     2.6478479673389902e-05
14                                     8.2443141554900041e-06
15                                     5.7089624811868661e-06
16                                    -1.8864129781144545e-05
17                                    -2.1102741051629188e-05
18                                     4.2584552480470685e-05
19                                     3.4162941274925099e-05
20                                     5.1764513126517121e-06
21                                    -1.6797990700619450e-06
22                                    -2.3972905905719072e-05
23                                    -1.0619984689521072e-05
24                                    -4.2100232999818868e-06
25                                    -1.8155883355655501e-06
26                                     4.1079377600490227e-06
27                                    -3.3801070812169249e-06
28                                     4.0523558918520615e-06
29                                     7.8335156612019483e-06
30                                     3.4664345572154448e-06
31                                    -2.7371227297266071e-06
32                                    -1.6317268164740481e-05
33                                    -1.1609383825320150e-05
34                                    -3.4833554485546410e-05
35                                     2.4860027638033601e-05
36                                    -6.3431434626129435e-05
37                                     3.2143488307058952e-05
38                                     2.9367743584375258e-05
39                                     2.2657513869355200e-05
40                                    -6.3408657432928450e-05
41                                    -1.2353579247312112e-04
42                                    -1.1891800799813598e-05
43                                     3.7751216333405113e-05
44                                     7.1191247299387528e-05
45                                     6.2295685722271038e-05
46                                     2.7249724747144266e-07
47                                    -2.6591523409846135e-05
48                                    -7.4429919895995303e-05
49                                    -3.6591590114338352e-05
50                                     6.2555871409486832e-05
51                                    -3.8994521296100565e-05
52                                    -2.6360617741511168e-05
53                                    -9.2386175306142723e-06
54                                    -2.4702702645158130e-05
55                                    -5.8937912188576635e-06
56                                     9.0058052384239806e-06
57                                     1.0687145438619157e-06
58                                    -5.9745297990333734e-07
59                                    -1.5609417697089352e-05
60                                     1.3974369423534446e-05
61                                    -1.6693839588482096e-05
62                                    -4.9452684387266653e-06
63                                     7.5610524974852045e-06
64                                     5.1047899072738379e-06
65                                    -3.9283869251141752e-06
66                                     2.3571879930218975e-06
67                                     2.6612092679512145e-07
68                                     1.4556108190386108e-06
69                                     3.4098098109849873e-06
70                                    -6.9780365591553747e-06
71                                     1.3296024061195625e-06
72                                    -6.2225122328292415e-06
73                                    -8.0668701789684194e-06
74                                     5.5336786584339777e-07
75                                    -3.2137802865420421e-06
76                                    -3.9794768907572275e-06
77                                     2.5965516036186844e-06
78                                     1.3715748672579742e-07
79                                    -3.9693355412817599e-06
80                                     2.6100138286195684e-06
   &Method [&Type "String"] "SCF"
   &Level [&Type "String"] "Relaxed density"
   &Mult [&Type "Integer"] 1
   &State [&Type "Integer"] 0
   &Irrep [&Type "Integer"] 0
$End
$Geometry
   &GeometryIndex 7
   &NAtoms [&Type "Integer"] 27
   &NCorelessECP [&Type "Integer"] 0
   &NGhostAtoms [&Type "Integer"] 0
   &CartesianCoordinates [&Type "Coordinates", &Dim(27,4), &Units "Bohr"] 
              N     -3.942236059057   -0.627462867695   -2.008087881881
              C     -4.722808005487    0.387559989538    0.535447021576
              C     -2.625809580924   -0.034113621164    2.516381170995
              C     -0.125841406153    1.129869384856    1.836391692960
              C      0.519532566284    3.660767133105    1.979769354283
              N      2.965959254042    4.005887095569    1.154307646574
              C      3.981031148820    1.712682416330    0.456481294106
              C      6.386353936846    1.108874129382   -0.471290969321
              C      6.885951965362   -1.423405683026   -1.000059825459
              C      5.034680439781   -3.310630199426   -0.610318130066
              C      2.644229265826   -2.707749983349    0.313218488015
              C      2.071187699439   -0.161010242948    0.860728722813
              C     -7.196836346223   -1.042139432576    1.273736521021
              O     -7.723285469013   -2.959046961233   -0.076025989586
              O     -8.388937144016   -0.195722041916    3.141782730930
              H     -4.428415929013    0.560529770517   -3.462264653484
              H     -5.021460966677   -2.291969442755   -2.163993775908
              H     -2.037118929117   -0.991724314548   -2.141122572556
              H     -5.109375766305    2.411846298298    0.324709531272
              H     -2.389404959252   -2.081487524157    2.812227695633
              H     -3.351403959820    0.746246551222    4.299106374032
              H     -0.590212224026    5.263953643014    2.623820954998
              H      3.875926857314    5.693769181028    1.094777105419
              H      7.813998635239    2.568650593769   -0.762704422846
              H      8.741224305433   -1.959232936988   -1.724258467914
              H      5.494543047463   -5.275542800014   -1.037737485607
              H      1.238527642129   -4.189398191523    0.612528478504
$End
$SCF_Energy
   &GeometryIndex 7
   &Method [&Type "String"] "SCF"
   &totalEnergy [&Type "ArrayOfDoubles", &Dim (1,1)] "Total energy of each state"
                                                         0

0                                     -6.8668241793472885e+02
   &Mult [&Type "ArrayOfIntegers", &Dim (1,1)] "Multiplicity of each state"
                                                         0

0                                                        1
$End
$DFT_Energy
   &GeometryIndex 7
   &nAlphaEl [&Type "Integer"] 54
   &nBetaEl [&Type "Integer"] 54
   &nTotalEl [&Type "Integer"] 108
   &finalEn [&Type "Double"]      -6.8668241793472885e+02  "No Van der Waals correction"
   &eExchange [&Type "Double"]      -9.1328441524856771e+01
   &eCorr [&Type "Double"]      -3.9701522124673598e+00
   &eXC [&Type "Double"]      -9.5298593737324126e+01
   &eCNL [&Type "Double"]       0.0000000000000000e+00
$End
$Solvation_Details
   &GeometryIndex 7
   &Solvent [&Type "String"] "CONDUCTOR"
   &Epsilon [&Type "Double"]      -1.0000000000000000e+00
   &Refrac [&Type "Double"]       1.3300000000000001e+00
   &RSolv [&Type "Double"]       1.3000000000000000e+00
   &SurfaceType [&Type "String"] "GAUSSIAN VDW"
   &CPCMDielEnergy [&Type "Double"]      -7.4853053000000003e-02
   &NPoints [&Type "Integer"] 1683
   &SurfaceArea [&Type "Double"]       8.6062905715500005e+02
$End
$SCF_Timings
   &GeometryIndex 7
   &TOTAL [&Type "Double"]       6.3781539999999994e+00
   &PREP [&Type "Double"]       3.7524700000000000e-01
   &FOCK [&Type "Double"]       5.2589859999999984e+00
   &DENS [&Type "Double"]       3.7742000000000608e-02
   &ETOT [&Type "Double"]       2.4154000000000675e-02
   &TRAFO [&Type "Double"]       9.0338999999999725e-02
   &DIIS [&Type "Double"]       3.2020000000000004e-01
   &SOSCF [&Type "Double"]       1.6415800000000003e-01
   &XC [&Type "Double"]       2.2210350000000010e+00
   &FOCKSTART [&Type "Double"]       6.1599999999997768e-03
   &SOLV [&Type "Double"]       1.7326620000000017e+00
   &SOLV_INIT [&Type "Double"]       4.4306000000000012e-02
   &INT_BF [&Type "Double"]       6.1524700000001120e-01
   &INT_DENS [&Type "Double"]       7.7232099999996817e-01
   &INT_DENSIO [&Type "Double"]       1.5112016455000010e+04
   &INT_FUNC [&Type "Double"]       4.5839999999997771e-02
   &INT_POT [&Type "Double"]       6.2387100000000895e-01
   &INT_POTIO [&Type "Double"]       5.7109999999956917e-03
   &INT_SUM [&Type "Double"]       8.1999999999915474e-05
   &SPLITRIJ [&Type "Double"]       1.7323519999999999e+00
$End
$Single_Point_Data
   &GeometryIndex 7
   &FinalEnergy [&Type "Double"]      -6.8668241793472885e+02  "Final single point energy"
   &Converged [&Type "Boolean"] true
$End
$SCF_Nuc_Gradient
   &GeometryIndex 7
   &NAtoms [&Type "Integer"] 27
   &gradNorm [&Type "Double"]       5.5113094271703458e-04
   &grad [&Type "ArrayOfDoubles", &Dim (81,1)] 
                                                         0

0                                     -1.0342277618887070e-04
1                                      3.6412119731332911e-05
2                                      2.9337768645835288e-05
3                                      1.4300034201356190e-04
4                                      2.1183281582423316e-05
5                                     -1.5921791573045383e-04
6                                      3.4002326964591677e-05
7                                      5.8896255243239860e-05
8                                      1.0674295116088714e-04
9                                     -4.5766904346588103e-05
10                                    -4.8053344895836875e-06
11                                     8.4596118728770021e-05
12                                    -4.1614527219567196e-05
13                                     5.9928238128119544e-05
14                                    -6.5567540736829056e-05
15                                     6.8611895119093970e-05
16                                     3.7181645175139721e-06
17                                     2.0308018807123633e-05
18                                     8.4588798166929276e-05
19                                     1.8377628249579073e-05
20                                    -2.7001024176191019e-06
21                                    -1.3788117869911135e-05
22                                    -4.0485311697360457e-05
23                                     3.1774481736693326e-06
24                                    -1.6033095390433332e-05
25                                     3.9898112557493507e-06
26                                     1.8548783828947236e-05
27                                    -5.0300111038340499e-06
28                                     1.6589211001870937e-05
29                                     2.8625368941190754e-06
30                                     4.0580304342027404e-05
31                                    -7.3973842757489409e-06
32                                     4.6124324054944155e-06
33                                    -3.6175434325744476e-05
34                                    -6.8261257346376430e-05
35                                    -8.8555686897029418e-05
36                                     3.3157205892968278e-05
37                                    -3.2652872645999934e-05
38                                     7.2955140126181039e-05
39                                    -1.5068324061482102e-05
40                                    -1.6847342614237544e-04
41                                    -2.2549299795605882e-04
42                                    -8.6905064035970939e-05
43                                     1.5510396584404902e-04
44                                     1.9321669240159739e-04
45                                     6.6511104752582477e-05
46                                    -1.8507936954913901e-05
47                                    -7.0471610522711281e-05
48                                    -3.1576578350562927e-05
49                                     1.3833074140665383e-05
50                                     1.9179641986688881e-05
51                                    -3.3335938810802324e-05
52                                    -4.3039539196487731e-06
53                                    -3.4172731180262018e-05
54                                    -3.0130723651263869e-05
55                                    -1.4088608220146764e-05
56                                     6.4975314400488818e-05
57                                    -4.1586550902836510e-06
58                                     1.8874835263831512e-05
59                                     2.8674299730354323e-05
60                                     1.2249540492413505e-05
61                                    -3.4940010965286636e-05
62                                    -1.9678525823112235e-05
63                                     9.1944217560030808e-06
64                                     1.6266082205271259e-06
65                                     6.7034494270366493e-07
66                                    -2.3673196639924926e-05
67                                     4.5230198345708184e-07
68                                     2.7099981642056317e-06
69                                     2.2365282840008244e-06
70                                    -7.6767015760124263e-06
71                                     9.8814593541170226e-07
72                                    -8.7085457176972261e-06
73                                    -9.2220353183341142e-06
74                                     2.3713475343078994e-08
75                                    -2.9233470148658973e-06
76                                     6.2138737271042604e-07
77                                     9.7209237736391348e-06
78                                     4.1787632702903685e-06
79                                     1.2079523029747893e-06
80                                     2.5568400317955552e-06
   &Method [&Type "String"] "SCF"
   &Level [&Type "String"] "Relaxed density"
   &Mult [&Type "Integer"] 1
   &State [&Type "Integer"] 0
   &Irrep [&Type "Integer"] 0
$End
$Geometry
   &GeometryIndex 8
   &NAtoms [&Type "Integer"] 27
   &NCorelessECP [&Type "Integer"] 0
   &NGhostAtoms [&Type "Integer"] 0
   &CartesianCoordinates [&Type "Coordinates", &Dim(27,4), &Units "Bohr"] 
              N     -3.844877855971   -0.628962105776   -1.987754904689
              C     -4.710826963748    0.386371538456    0.524401314752
              C     -2.646076469740    0.023896674816    2.555776780642
              C     -0.136942231595    1.164534198096    1.875684198153
              C      0.539010990144    3.686680969052    2.031685666762
              N      2.981807046397    4.009429795212    1.187799282661
              C      3.962956258838    1.710807121200    0.459586349807
              C      6.352753445446    1.086325727980   -0.493514905030
              C      6.817886696665   -1.447422944290   -1.046095071024
              C      4.948643784931   -3.316205139075   -0.654693945929
              C      2.573331387264   -2.693363794771    0.294295587129
              C      2.035098550362   -0.144195646059    0.866186200500
              C     -7.155951764266   -1.105838476419    1.231006069498
              O     -7.547821246353   -3.105719079848   -0.040274723805
              O     -8.454046221440   -0.224948720351    3.012358122411
              H     -4.435727578203    0.474010545547   -3.470505979163
              H     -4.767164192918   -2.381336668434   -2.113836326263
              H     -1.911717911138   -0.817106317256   -2.113182286249
              H     -5.136421862080    2.399986324831    0.292273888565
              H     -2.416798047586   -2.013064626554    2.919923567608
              H     -3.399630672667    0.862257295037    4.299765600824
              H     -0.546301762754    5.296744887294    2.699650258668
              H      3.907770424132    5.688593012997    1.128684421503
              H      7.794944658945    2.531381318115   -0.786271837115
              H      8.660260349280   -1.999084022819   -1.790962947993
              H      5.382413000164   -5.282937663030   -1.100306323219
              H      1.153428206787   -4.160834260642    0.595872549498
$End
$SCF_Energy
   &GeometryIndex 8
   &Method [&Type "String"] "SCF"
   &totalEnergy [&Type "ArrayOfDoubles", &Dim (1,1)] "Total energy of each state"
                                                         0

0                                     -6.8668238976870055e+02
   &Mult [&Type "ArrayOfIntegers", &Dim (1,1)] "Multiplicity of each state"
                                                         0

0                                                        1
$End
$DFT_Energy
   &GeometryIndex 8
   &nAlphaEl [&Type "Integer"] 54
   &nBetaEl [&Type "Integer"] 54
   &nTotalEl [&Type "Integer"] 108
   &finalEn [&Type "Double"]      -6.8668238976870055e+02  "No Van der Waals correction"
   &eExchange [&Type "Double"]      -9.1328183944662015e+01
   &eCorr [&Type "Double"]      -3.9701798191230289e+00
   &eXC [&Type "Double"]      -9.5298363763785048e+01
   &eCNL [&Type "Double"]       0.0000000000000000e+00
$End
$Solvation_Details
   &GeometryIndex 8
   &Solvent [&Type "String"] "CONDUCTOR"
   &Epsilon [&Type "Double"]      -1.0000000000000000e+00
   &Refrac [&Type "Double"]       1.3300000000000001e+00
   &RSolv [&Type "Double"]       1.3000000000000000e+00
   &SurfaceType [&Type "String"] "GAUSSIAN VDW"
   &CPCMDielEnergy [&Type "Double"]      -7.5320910000000005e-02
   &NPoints [&Type "Integer"] 1662
   &SurfaceArea [&Type "Double"]       8.6002235533600003e+02
$End
$SCF_Timings
   &GeometryIndex 8
   &TOTAL [&Type "Double"]       7.7077159999999996e+00
   &PREP [&Type "Double"]       3.6926500000000001e-01
   &FOCK [&Type "Double"]       6.4948149999999991e+00
   &DENS [&Type "Double"]       4.8819999999998309e-02
   &ETOT [&Type "Double"]       2.9752999999999474e-02
   &TRAFO [&Type "Double"]       9.3167999999999696e-02
   &DIIS [&Type "Double"]       3.1906999999999974e-01
   &SOSCF [&Type "Double"]       2.2766099999999989e-01
   &XC [&Type "Double"]       2.7035199999999993e+00
   &FOCKSTART [&Type "Double"]       6.9279999999982689e-03
   &SOLV [&Type "Double"]       2.1080859999999992e+00
   &SOLV_INIT [&Type "Double"]       4.3083999999999956e-02
   &INT_PREP [&Type "Double"]       9.9999999925159955e-07
   &INT_BF [&Type "Double"]       7.6134900000002470e-01
   &INT_DENS [&Type "Double"]       9.6199799999997537e-01
   &INT_DENSIO [&Type "Double"]       2.1500524579000026e+04
   &INT_FUNC [&Type "Double"]       5.6294000000023159e-02
   &INT_POT [&Type "Double"]       7.9293899999998829e-01
   &INT_POTIO [&Type "Double"]       7.5209999999965582e-03
   &INT_SUM [&Type "Double"]       9.0999999998953029e-05
   &SPLITRIJ [&Type "Double"]       2.1051380000000011e+00
$End
$Single_Point_Data
   &GeometryIndex 8
   &FinalEnergy [&Type "Double"]      -6.8668238976870055e+02  "Final single point energy"
   &Converged [&Type "Boolean"] true
$End
$SCF_Nuc_Gradient
   &GeometryIndex 8
   &NAtoms [&Type "Integer"] 27
   &gradNorm [&Type "Double"]       1.5440168355886363e-03
   &grad [&Type "ArrayOfDoubles", &Dim (81,1)] 
                                                         0

0                                     -2.6001913593656778e-04
1                                     -2.0437211844119823e-04
2                                      4.1818698431281276e-04
3                                      3.5177313502607061e-04
4                                      3.5537783163264863e-04
5                                     -7.0917508940022880e-04
6                                      1.6529187599113697e-04
7                                     -4.0635017474472193e-05
8                                      2.2674586784574073e-04
9                                     -8.8873759595763623e-05
10                                    -9.0162451702735513e-06
11                                     1.8037794640655665e-04
12                                    -5.5316711616549240e-05
13                                     1.5516252582038976e-04
14                                    -1.7672094367855338e-04
15                                     1.7448257452992375e-04
16                                    -1.0969228856166219e-05
17                                     1.1117379847859780e-04
18                                     1.5201234777224111e-04
19                                     2.0735498724459324e-05
20                                    -8.6762246189159330e-05
21                                    -3.8835925739374132e-05
22                                    -6.4723090655223817e-05
23                                     4.8066987425506957e-05
24                                    -3.1689542007344064e-05
25                                     1.0115142798088669e-05
26                                     5.4611991309529455e-05
27                                     8.6331525606285963e-06
28                                     4.3409701294358418e-05
29                                    -6.4073861772473472e-06
30                                    -9.0842432841570578e-06
31                                    -6.9551008273949395e-05
32                                    -1.0720126947924872e-04
33                                    -2.0851504907551735e-04
34                                    -2.0855031706908231e-04
35                                    -2.8227291820320756e-04
36                                     1.1610372625735568e-04
37                                    -6.2989457423918028e-05
38                                     1.1031408650115544e-04
39                                     3.5890779399041194e-05
40                                    -3.8439124896246131e-04
41                                    -3.2949448701992054e-04
42                                    -3.7601795906179979e-04
43                                     2.6196572644556632e-04
44                                     3.5806848394132756e-04
45                                    -1.2679323774642329e-05
46                                    -8.0326341993990774e-05
47                                    -1.5470862542347336e-04
48                                     6.3812067684025815e-05
49                                     2.1716875597044792e-04
50                                    -1.0566538352145462e-04
51                                     1.9489320040427457e-04
52                                     1.0583071087532682e-04
53                                     7.1083788397033852e-05
54                                    -2.5812938015277054e-05
55                                    -2.3759719749716357e-05
56                                     2.6848113276455119e-04
57                                    -9.7501113947618973e-06
58                                     7.5212711093976953e-05
59                                     1.4213725440921171e-04
60                                    -3.6557753813359710e-05
61                                    -7.6235441425766617e-05
62                                    -4.2032478374386768e-05
63                                     1.4139567954670092e-05
64                                    -7.9559784500419367e-06
65                                     4.7795358069698674e-06
66                                    -1.1390701052886587e-04
67                                     1.6631255539807654e-05
68                                    -1.3529972399503555e-05
69                                    -5.4237044173647761e-06
70                                    -1.7863611518374040e-05
71                                    -8.4440172950994100e-06
72                                    -1.6200421345936508e-05
73                                    -1.1223896486942933e-05
74                                    -5.0576610855128726e-06
75                                    -3.6618497054707703e-06
76                                     8.0366763263849811e-06
77                                     2.3372985755058546e-05
78                                     1.5313000541745773e-05
79                                     2.9161871842337678e-06
80                                     1.0071632146603894e-05
   &Method [&Type "String"] "SCF"
   &Level [&Type "String"] "Relaxed density"
   &Mult [&Type "Integer"] 1
   &State [&Type "Integer"] 0
   &Irrep [&Type "Integer"] 0
$End
$Geometry
   &GeometryIndex 9
   &NAtoms [&Type "Integer"] 27
   &NCorelessECP [&Type "Integer"] 0
   &NGhostAtoms [&Type "Integer"] 0
   &CartesianCoordinates [&Type "Coordinates", &Dim(27,4), &Units "Bohr"] 
              N     -3.917348748842   -0.633460837194   -2.003561294214
              C     -4.719269843936    0.387184083174    0.530416371515
              C     -2.631419728924   -0.019295548240    2.525509718236
              C     -0.128439668606    1.138535666858    1.847265581423
              C      0.525466785904    3.666789399975    1.997417429843
              N      2.970616467985    4.006885720175    1.166388786486
              C      3.976683178186    1.712700627248    0.458668941707
              C      6.377700571464    1.104293916043   -0.477083457345
              C      6.868371454799   -1.428099147546   -1.013774896017
              C      5.012805516649   -3.310992596561   -0.623598866895
              C      2.626660420128   -2.703572798971    0.308118585963
              C      2.062613702609   -0.156482514544    0.863336462125
              C     -7.187843512860   -1.053672562522    1.262667824206
              O     -7.681335027300   -2.996138736789   -0.062068450385
              O     -8.407058586551   -0.191432863307    3.106152883664
              H     -4.433817938243    0.530410127591   -3.466866899661
              H     -4.954992907785   -2.323412294414   -2.148227600634
              H     -2.003176064318   -0.950697451483   -2.134961264203
              H     -5.112586560180    2.409070679457    0.310329615468
              H     -2.397341600974   -2.064215451727    2.839417437357
              H     -3.365218664438    0.776583170014    4.297964664643
              H     -0.577849589595    5.271230258147    2.649326159875
              H      3.884938065692    5.692462288400    1.108142843500
              H      7.808835131604    2.560594543476   -0.768675230149
              H      8.720036650251   -1.967452683486   -1.744559506355
              H      5.465732383533   -5.276107060072   -1.057411613383
              H      1.217238132644   -4.181707990394    0.607216381734
$End
$SCF_Energy
   &GeometryIndex 9
   &Method [&Type "String"] "SCF"
   &totalEnergy [&Type "ArrayOfDoubles", &Dim (1,1)] "Total energy of each state"
                                                         0

0                                     -6.8668241112094813e+02
   &Mult [&Type "ArrayOfIntegers", &Dim (1,1)] "Multiplicity of each state"
                                                         0

0                                                        1
$End
$DFT_Energy
   &GeometryIndex 9
   &nAlphaEl [&Type "Integer"] 54
   &nBetaEl [&Type "Integer"] 54
   &nTotalEl [&Type "Integer"] 108
   &finalEn [&Type "Double"]      -6.8668241112094813e+02  "No Van der Waals correction"
   &eExchange [&Type "Double"]      -9.1328463299891439e+01
   &eCorr [&Type "Double"]      -3.9701480191750314e+00
   &eXC [&Type "Double"]      -9.5298611319066467e+01
   &eCNL [&Type "Double"]       0.0000000000000000e+00
$End
$Solvation_Details
   &GeometryIndex 9
   &Solvent [&Type "String"] "CONDUCTOR"
   &Epsilon [&Type "Double"]      -1.0000000000000000e+00
   &Refrac [&Type "Double"]       1.3300000000000001e+00
   &RSolv [&Type "Double"]       1.3000000000000000e+00
   &SurfaceType [&Type "String"] "GAUSSIAN VDW"
   &CPCMDielEnergy [&Type "Double"]      -7.4990865000000004e-02
   &NPoints [&Type "Integer"] 1681
   &SurfaceArea [&Type "Double"]       8.6069912959199996e+02
$End
$SCF_Timings
   &GeometryIndex 9
   &TOTAL [&Type "Double"]       6.5343369999999998e+00
   &PREP [&Type "Double"]       3.7820000000000004e-01
   &FOCK [&Type "Double"]       5.3801180000000004e+00
   &DENS [&Type "Double"]       3.7639999999999674e-02
   &ETOT [&Type "Double"]       2.3852000000000650e-02
   &POP [&Type "Double"]       1.0000000001397780e-06
   &TRAFO [&Type "Double"]       9.1532000000000169e-02
   &DIIS [&Type "Double"]       3.1835699999999978e-01
   &SOSCF [&Type "Double"]       1.6279699999999941e-01
   &XC [&Type "Double"]       2.2831010000000012e+00
   &FOCKSTART [&Type "Double"]       6.3000000000003054e-03
   &SOLV [&Type "Double"]       1.7861160000000003e+00
   &SOLV_INIT [&Type "Double"]       4.6201999999999965e-02
   &INT_PREP [&Type "Double"]       2.0000000002795559e-06
   &INT_BF [&Type "Double"]       6.2055999999999090e-01
   &INT_DENS [&Type "Double"]       7.9753999999998249e-01
   &INT_DENSIO [&Type "Double"]       1.5369522212000014e+04
   &INT_FUNC [&Type "Double"]       4.5990000000010300e-02
   &INT_POT [&Type "Double"]       7.0026800000001010e-01
   &INT_POTIO [&Type "Double"]       5.8470000000040434e-03
   &INT_SUM [&Type "Double"]       7.5999999999298851e-05
   &SPLITRIJ [&Type "Double"]       1.7748580000000012e+00
$End
$Single_Point_Data
   &GeometryIndex 9
   &FinalEnergy [&Type "Double"]      -6.8668241112094813e+02  "Final single point energy"
   &Converged [&Type "Boolean"] true
$End
$SCF_Nuc_Gradient
   &GeometryIndex 9
   &NAtoms [&Type "Integer"] 27
   &gradNorm [&Type "Double"]       5.0905648050267479e-04
   &grad [&Type "ArrayOfDoubles", &Dim (81,1)] 
                                                         0

0                                     -1.7847443472496401e-04
1                                     -6.8810241017971951e-06
2                                      3.0911416143229037e-05
3                                      9.7728438353720344e-05
4                                      5.9191927724680168e-05
5                                     -2.2355971725102021e-04
6                                      5.6107623297565589e-05
7                                      3.1759537511711483e-06
8                                      7.6434427778776873e-05
9                                     -3.8751025290142439e-05
10                                     5.4922184286763584e-05
11                                    -1.3174825922647026e-05
12                                    -4.8249868005740409e-06
13                                     2.6343735365247714e-05
14                                     2.1471773765251482e-05
15                                     8.3981055459203535e-05
16                                     1.8202984393481808e-05
17                                     9.2354308767859808e-06
18                                     3.6398577181884304e-05
19                                    -5.1827644764750221e-06
20                                    -6.6673604613994670e-05
21                                    -1.5214770746950143e-05
22                                    -2.8030002172186111e-05
23                                     1.3758713910408003e-05
24                                    -1.4241682055510935e-05
25                                     3.8667109207011531e-06
26                                     1.4296295734698896e-05
27                                    -4.9431321355337260e-06
28                                     1.3884465962175560e-05
29                                    -3.9244143425724983e-07
30                                     2.4123358266926569e-05
31                                     1.5237342016441620e-06
32                                     3.1027376292664874e-05
33                                     3.7585175357739749e-05
34                                    -6.6170968053686201e-05
35                                     1.0090748424847196e-05
36                                     6.1620886386490326e-05
37                                     2.1373510903774026e-06
38                                     5.6879817690192597e-05
39                                    -2.7843945411143954e-05
40                                    -1.5939392702967077e-04
41                                    -1.5427355903216769e-04
42                                    -8.4316218387898989e-05
43                                     1.1794050694665867e-04
44                                     1.5682068306121719e-04
45                                     6.4699370939027417e-05
46                                     1.7667766500337884e-05
47                                    -3.2514506875865046e-05
48                                    -9.6930407568604146e-07
49                                     3.3312294330459929e-06
50                                     3.5742400036013061e-06
51                                    -2.7120755774275029e-05
52                                    -2.9883794293892891e-05
53                                    -4.5115441506577911e-05
54                                    -2.1246284147886148e-05
55                                    -1.0853305526442591e-05
56                                     7.9167743556401559e-05
57                                    -2.8988690498124581e-06
58                                     3.0330484203519581e-05
59                                     5.2655748425004022e-05
60                                     1.8484479494132802e-07
61                                    -3.1153017622469908e-05
62                                    -1.1069902146332300e-05
63                                     1.3462682221121285e-05
64                                    -2.9545081683193808e-06
65                                     7.5571192304311335e-06
66                                    -3.9427252520152223e-05
67                                     3.9980269002301561e-06
68                                    -1.1503257235899412e-05
69                                     3.1574225860080130e-07
70                                    -1.0078877240179106e-05
71                                    -1.2447216188459127e-06
72                                    -7.0557342120728186e-06
73                                    -9.8439405668828903e-06
74                                    -2.1824847287136434e-07
75                                    -6.8994563710062960e-06
76                                     2.7446064971257955e-07
77                                     2.7751934608666838e-06
78                                    -1.9799072660548617e-06
79                                     3.6346030065680449e-06
80                                    -6.9165039142898930e-06
   &Method [&Type "String"] "SCF"
   &Level [&Type "String"] "Relaxed density"
   &Mult [&Type "Integer"] 1
   &State [&Type "Integer"] 0
   &Irrep [&Type "Integer"] 0
$End
$Geometry
   &GeometryIndex 10
   &NAtoms [&Type "Integer"] 27
   &NCorelessECP [&Type "Integer"] 0
   &NGhostAtoms [&Type "Integer"] 0
   &CartesianCoordinates [&Type "Coordinates", &Dim(27,4), &Units "Bohr"] 
              N     -3.899646466193   -0.635648159124   -1.999639755543
              C     -4.716773432533    0.386974174630    0.528216123667
              C     -2.635129243059   -0.009641185587    2.532353720131
              C     -0.130399926075    1.144073345866    1.854670211597
              C      0.528498084842    3.670870273465    2.007114182643
              N      2.973072541290    4.007371951313    1.173200187319
              C      3.973453683090    1.712437237963    0.459949083371
              C      6.371646399621    1.100896002712   -0.480975372038
              C      6.856416838409   -1.431599838319   -1.022644374310
              C      4.998032282958   -3.311592334031   -0.631970823169
              C      2.614659953469   -2.701082584218    0.304863450834
              C      2.056430182356   -0.153682733326    0.864724999914
              C     -7.181498622683   -1.062372254940    1.254944046645
              O     -7.653806708549   -3.018753735321   -0.056394792381
              O     -8.417874995260   -0.193076673470    3.083779570248
              H     -4.434842223456    0.512531838469   -3.468657576627
              H     -4.910013072936   -2.341541926451   -2.137836399922
              H     -1.980197302300   -0.922109289706   -2.129367225074
              H     -5.115175358662    2.407220652563    0.302685319004
              H     -2.402540684108   -2.052980338774    2.857542411296
              H     -3.373958131241    0.796226186298    4.298172071733
              H     -0.570886740297    5.276395637789    2.662999236387
              H      3.890296861952    5.691410779673    1.115479077658
              H      7.805055022697    2.554885728302   -0.772926105608
              H      8.705698662538   -1.973344177346   -1.757687306419
              H      5.446503405806   -5.276909953946   -1.069472513781
              H      1.202979007220   -4.176958681176    0.604429160928
$End
$SCF_Energy
   &GeometryIndex 10
   &Method [&Type "String"] "SCF"
   &totalEnergy [&Type "ArrayOfDoubles", &Dim (1,1)] "Total energy of each state"
                                                         0

0                                     -6.8668240813796967e+02
   &Mult [&Type "ArrayOfIntegers", &Dim (1,1)] "Multiplicity of each state"
                                                         0

0                                                        1
$End
$DFT_Energy
   &GeometryIndex 10
   &nAlphaEl [&Type "Integer"] 54
   &nBetaEl [&Type "Integer"] 54
   &nTotalEl [&Type "Integer"] 108
   &finalEn [&Type "Double"]      -6.8668240813796967e+02  "No Van der Waals correction"
   &eExchange [&Type "Double"]      -9.1328580494532304e+01
   &eCorr [&Type "Double"]      -3.9701678633383040e+00
   &eXC [&Type "Double"]      -9.5298748357870608e+01
   &eCNL [&Type "Double"]       0.0000000000000000e+00
$End
$Solvation_Details
   &GeometryIndex 10
   &Solvent [&Type "String"] "CONDUCTOR"
   &Epsilon [&Type "Double"]      -1.0000000000000000e+00
   &Refrac [&Type "Double"]       1.3300000000000001e+00
   &RSolv [&Type "Double"]       1.3000000000000000e+00
   &SurfaceType [&Type "String"] "GAUSSIAN VDW"
   &CPCMDielEnergy [&Type "Double"]      -7.5068775000000004e-02
   &NPoints [&Type "Integer"] 1674
   &SurfaceArea [&Type "Double"]       8.6051076894400001e+02
$End
$SCF_Timings
   &GeometryIndex 10
   &TOTAL [&Type "Double"]       6.2856610000000002e+00
   &PREP [&Type "Double"]       3.7539800000000001e-01
   &FOCK [&Type "Double"]       5.2057059999999993e+00
   &DENS [&Type "Double"]       3.7500000000000533e-02
   &ETOT [&Type "Double"]       2.5275000000000825e-02
   &TRAFO [&Type "Double"]       9.0326000000000350e-02
   &DIIS [&Type "Double"]       2.0413000000000014e-01
   &SOSCF [&Type "Double"]       2.2463199999999972e-01
   &XC [&Type "Double"]       2.1970079999999998e+00
   &FOCKSTART [&Type "Double"]       6.1859999999996917e-03
   &SOLV [&Type "Double"]       1.7429810000000003e+00
   &SOLV_INIT [&Type "Double"]       4.6260000000000023e-02
   &INT_PREP [&Type "Double"]       1.0000000001397780e-06
   &INT_BF [&Type "Double"]       6.1500699999997999e-01
   &INT_DENS [&Type "Double"]       7.6022500000001192e-01
   &INT_DENSIO [&Type "Double"]       1.5014221364000014e+04
   &INT_FUNC [&Type "Double"]       4.5816999999990449e-02
   &INT_POT [&Type "Double"]       6.1692200000002417e-01
   &INT_POTIO [&Type "Double"]       5.7729999999917014e-03
   &INT_SUM [&Type "Double"]       7.3000000000433829e-05
   &SPLITRIJ [&Type "Double"]       1.7085960000000007e+00
$End
$Single_Point_Data
   &GeometryIndex 10
   &FinalEnergy [&Type "Double"]      -6.8668240813796967e+02  "Final single point energy"
   &Converged [&Type "Boolean"] true
$End
$SCF_Nuc_Gradient
   &GeometryIndex 10
   &NAtoms [&Type "Integer"] 27
   &gradNorm [&Type "Double"]       4.5982016798493580e-04
   &grad [&Type "ArrayOfDoubles", &Dim (81,1)] 
                                                         0

0                                     -1.7103933873410977e-04
1                                      3.7585160450374043e-05
2                                      4.7300809444959097e-05
3                                      8.1645713642612542e-05
4                                      5.0166236208178810e-05
5                                     -2.3910282064268764e-04
6                                      8.1891811709988022e-05
7                                     -2.6578998247555122e-05
8                                      7.5412919613080417e-05
9                                     -4.3914625661779696e-05
10                                     3.6237869880297729e-05
11                                     1.7561108217339742e-05
12                                    -6.9031267880808461e-06
13                                     2.5586892870123508e-05
14                                    -1.8575015119194746e-05
15                                     8.7683422948434814e-05
16                                    -1.4816413144332075e-06
17                                     3.2858411975891962e-05
18                                     2.2361464009334683e-05
19                                    -5.6387305140629534e-06
20                                    -5.0700905932720428e-05
21                                    -1.1874594318475335e-05
22                                    -2.2168210303614294e-05
23                                     1.7555492261881476e-05
24                                    -1.1313328265445850e-05
25                                    -2.9438351803646881e-06
26                                     4.7749690501057082e-06
27                                    -2.2539800842667486e-06
28                                     1.1717164502117721e-05
29                                    -4.3412202059642940e-07
30                                     3.1470425568005771e-05
31                                    -5.6728725018068832e-06
32                                     3.2528388165895027e-05
33                                    -1.1533170175836733e-05
34                                    -4.7620647720436702e-05
35                                    -5.4059220254686850e-05
36                                     7.0190757699983841e-05
37                                    -6.5720523362538651e-06
38                                     6.6235270095532303e-05
39                                    -2.3431008973397519e-05
40                                    -9.9704128651347326e-05
41                                    -1.1189029935095712e-04
42                                    -7.9685594235006166e-05
43                                     8.1120027311969156e-05
44                                     1.0762128690889813e-04
45                                     3.4951208901662541e-05
46                                     1.3504711784510792e-06
47                                    -1.8957461309344892e-05
48                                     1.1438028055860486e-05
49                                     2.0418328058388960e-05
50                                     4.9010489866852316e-06
51                                     7.0988217087987471e-06
52                                    -3.9558832643681735e-05
53                                    -2.0017449367184734e-05
54                                    -1.2253342493473950e-05
55                                    -7.6450328648485638e-06
56                                     8.1422329923164141e-05
57                                    -3.6724658796379560e-06
58                                     2.7590084737491409e-05
59                                     4.9356888871202574e-05
60                                    -9.3021654722163193e-06
61                                    -2.0681742334760652e-05
62                                    -6.4496306872872857e-06
63                                     1.0111074485041546e-05
64                                    -5.2929235037565969e-07
65                                     4.8564885189979548e-06
66                                    -3.9974279282435632e-05
67                                     9.1638894138476590e-06
68                                    -1.3374864577948321e-05
69                                     1.8184084026057895e-06
70                                    -8.5904201350787968e-06
71                                    -5.4639289144644849e-06
72                                    -6.3586969592391643e-06
73                                    -8.5099760268384211e-06
74                                    -1.4961787998264264e-06
75                                    -5.9573267836242599e-06
76                                    -2.4400893993154621e-06
77                                     2.5163608899439471e-06
78                                    -1.1940971210476839e-06
79                                     5.4003762655647353e-06
80                                    -4.3798801044627172e-06
   &Method [&Type "String"] "SCF"
   &Level [&Type "String"] "Relaxed density"
   &Mult [&Type "Integer"] 1
   &State [&Type "Integer"] 0
   &Irrep [&Type "Integer"] 0
$End
$Geometry
   &GeometryIndex 11
   &NAtoms [&Type "Integer"] 27
   &NCorelessECP [&Type "Integer"] 0
   &NGhostAtoms [&Type "Integer"] 0
   &CartesianCoordinates [&Type "Coordinates", &Dim(27,4), &Units "Bohr"] 
              N     -3.852974912118   -0.652109450750   -1.989208086808
              C     -4.708951094195    0.385204618520    0.518987646212
              C     -2.645487080027    0.017504966652    2.548808862318
              C     -0.135054987657    1.159903294499    1.875209709309
              C      0.538322392115    3.682185280459    2.037885919918
              N      2.981532270644    4.009387181975    1.196813689652
              C      3.966145596565    1.712979072497    0.466550894637
              C      6.356433477884    1.093524602639   -0.489129845018
              C      6.824277966570   -1.438521273604   -1.047789927940
              C      4.957485563242   -3.310488479259   -0.658777901850
              C      2.582032849110   -2.692230648714    0.293074886654
              C      2.040815728745   -0.144829648902    0.869766098645
              C     -7.165840959221   -1.080151803616    1.235136515834
              O     -7.584995880505   -3.075680974009   -0.033304595465
              O     -8.446028833967   -0.185349454008    3.021543684334
              H     -4.433529654371    0.449525218231   -3.476760288305
              H     -4.794275381691   -2.396242681462   -2.104223555699
              H     -1.922657253965   -0.861279897008   -2.114431407197
              H     -5.117375534723    2.400850358370    0.272089166659
              H     -2.417255075301   -2.021130956795    2.905387463880
              H     -3.399231160879    0.850495426984    4.295511992914
              H     -0.550062842828    5.290047208356    2.706266665375
              H      3.907401005141    5.688859976794    1.143080012317
              H      7.796366960427    2.541190205207   -0.780279925645
              H      8.666706656452   -1.986223584565   -1.795541440811
              H      5.392836517765   -5.275652136283   -1.109940898798
              H      1.163363685688   -4.161766478900    0.590825273383
$End
$SCF_Energy
   &GeometryIndex 11
   &Method [&Type "String"] "SCF"
   &totalEnergy [&Type "ArrayOfDoubles", &Dim (1,1)] "Total energy of each state"
                                                         0

0                                     -6.8668240068780869e+02
   &Mult [&Type "ArrayOfIntegers", &Dim (1,1)] "Multiplicity of each state"
                                                         0

0                                                        1
$End
$DFT_Energy
   &GeometryIndex 11
   &nAlphaEl [&Type "Integer"] 54
   &nBetaEl [&Type "Integer"] 54
   &nTotalEl [&Type "Integer"] 108
   &finalEn [&Type "Double"]      -6.8668240068780869e+02  "No Van der Waals correction"
   &eExchange [&Type "Double"]      -9.1328707069160814e+01
   &eCorr [&Type "Double"]      -3.9702009146302100e+00
   &eXC [&Type "Double"]      -9.5298907983791025e+01
   &eCNL [&Type "Double"]       0.0000000000000000e+00
$End
$Solvation_Details
   &GeometryIndex 11
   &Solvent [&Type "String"] "CONDUCTOR"
   &Epsilon [&Type "Double"]      -1.0000000000000000e+00
   &Refrac [&Type "Double"]       1.3300000000000001e+00
   &RSolv [&Type "Double"]       1.3000000000000000e+00
   &SurfaceType [&Type "String"] "GAUSSIAN VDW"
   &CPCMDielEnergy [&Type "Double"]      -7.5270518999999994e-02
   &NPoints [&Type "Integer"] 1664
   &SurfaceArea [&Type "Double"]       8.6003745829499996e+02
$End
$SCF_Timings
   &GeometryIndex 11
   &TOTAL [&Type "Double"]       7.0201140000000004e+00
   &PREP [&Type "Double"]       3.8482000000000000e-01
   &FOCK [&Type "Double"]       5.8585519999999986e+00
   &DENS [&Type "Double"]       4.1585999999997902e-02
   &ETOT [&Type "Double"]       2.6919000000000359e-02
   &POP [&Type "Double"]       9.9999999925159955e-07
   &TRAFO [&Type "Double"]       9.1473999999999389e-02
   &DIIS [&Type "Double"]       3.1839599999999968e-01
   &SOSCF [&Type "Double"]       1.9295300000000015e-01
   &XC [&Type "Double"]       2.4892230000000009e+00
   &FOCKSTART [&Type "Double"]       6.6539999999987720e-03
   &SOLV [&Type "Double"]       1.9025369999999988e+00
   &SOLV_INIT [&Type "Double"]       4.8312000000000022e-02
   &INT_PREP [&Type "Double"]       1.0000000000287557e-06
   &INT_BF [&Type "Double"]       6.7186199999999541e-01
   &INT_DENS [&Type "Double"]       8.2789199999998853e-01
   &INT_DENSIO [&Type "Double"]       1.8178003021000019e+04
   &INT_FUNC [&Type "Double"]       5.0537999999990091e-02
   &INT_POT [&Type "Double"]       6.5514200000001088e-01
   &INT_POTIO [&Type "Double"]       6.5919999999800583e-03
   &INT_SUM [&Type "Double"]       9.7999999998710230e-05
   &SPLITRIJ [&Type "Double"]       1.8929160000000003e+00
$End
$Single_Point_Data
   &GeometryIndex 11
   &FinalEnergy [&Type "Double"]      -6.8668240068780869e+02  "Final single point energy"
   &Converged [&Type "Boolean"] true
$End
$SCF_Nuc_Gradient
   &GeometryIndex 11
   &NAtoms [&Type "Integer"] 27
   &gradNorm [&Type "Double"]       4.0531552414328228e-04
   &grad [&Type "ArrayOfDoubles", &Dim (81,1)] 
                                                         0

0                                      3.6629237613597029e-05
1                                      2.8765232540520734e-05
2                                      1.4051772648667957e-04
3                                     -2.2124592719034329e-05
4                                      7.6262181722637490e-05
5                                     -2.2584419523943855e-04
6                                      2.9130895452093158e-05
7                                      1.9230682609928072e-05
8                                      2.1097711101219715e-05
9                                     -2.6917916285665398e-05
10                                    -1.5287360803025590e-05
11                                     1.3796822127007478e-05
12                                     9.1717963476064396e-07
13                                     3.3513062308661475e-05
14                                    -4.6854111416148370e-05
15                                     5.9588661177504415e-05
16                                    -2.2221571550993385e-05
17                                     6.5414378660846244e-05
18                                    -7.6339306266785291e-06
19                                    -1.7078620787816783e-05
20                                    -7.0508838070955241e-05
21                                     7.5904125215065649e-06
22                                    -1.1843037940245660e-05
23                                     2.1154625588980420e-05
24                                    -3.6322553870898888e-06
25                                    -1.3661427193329204e-06
26                                    -2.0159208212336757e-07
27                                    -7.4901917278309021e-06
28                                     4.2104351158540887e-06
29                                    -7.5836163921741439e-06
30                                    -2.0902593230809688e-05
31                                    -4.6327168796624768e-06
32                                    -3.6431332797043359e-06
33                                    -3.8819725890933132e-05
34                                    -6.0031287821214014e-05
35                                    -3.0356921099706537e-05
36                                     4.6894285361701732e-05
37                                     2.8940049258589264e-05
38                                     2.2674565008882000e-05
39                                     1.3436938678044932e-05
40                                    -3.7347458345958484e-05
41                                    -4.8775867082915050e-05
42                                    -4.5596298598012813e-05
43                                     3.2921128543684369e-05
44                                     7.2353349319698862e-05
45                                    -8.8190602711710545e-06
46                                    -5.9456208007582778e-05
47                                    -6.4875807023755810e-05
48                                     6.9260613537185274e-06
49                                    -7.7284401298820943e-05
50                                    -1.1445695838040518e-05
51                                     4.0713313451932326e-05
52                                     7.8446118716963588e-05
53                                     7.1420271829605690e-05
54                                     1.1250225510268637e-05
55                                     1.0871675758075336e-05
56                                     9.4379366178539217e-05
57                                    -2.0319709926237568e-06
58                                     2.1699010038022520e-05
59                                     4.0916864643284867e-05
60                                    -2.2445255654314402e-05
61                                    -2.2353311852710885e-05
62                                     2.4876385056858425e-06
63                                     7.7130406853998315e-06
64                                     4.6179251412571676e-07
65                                     5.2089872633323195e-06
66                                    -3.5796701790370006e-05
67                                     1.4630336164819790e-05
68                                    -2.4364413755154296e-05
69                                    -1.3671028528264642e-06
70                                    -9.2070336264859359e-06
71                                    -1.3005736732238111e-05
72                                    -3.9159649413561537e-06
73                                    -1.0176789048806523e-05
74                                    -1.1318886223327107e-05
75                                    -8.9761736294016042e-06
76                                    -3.9877586769602319e-06
77                                    -4.9137712502685636e-06
78                                    -4.3205164378850094e-06
79                                     2.3219912040108037e-06
80                                    -7.7297231369189909e-06
   &Method [&Type "String"] "SCF"
   &Level [&Type "String"] "Relaxed density"
   &Mult [&Type "Integer"] 1
   &State [&Type "Integer"] 0
   &Irrep [&Type "Integer"] 0
$End
$Geometry
   &GeometryIndex 12
   &NAtoms [&Type "Integer"] 27
   &NCorelessECP [&Type "Integer"] 0
   &NGhostAtoms [&Type "Integer"] 0
   &CartesianCoordinates [&Type "Coordinates", &Dim(27,4), &Units "Bohr"] 
              N     -3.886038566875   -0.642169859819   -1.996502392599
              C     -4.714238822992    0.386372795329    0.525330408676
              C     -2.638184394503   -0.002195726976    2.536997355800
              C     -0.131644027001    1.148241082484    1.860974285121
              C      0.531238968097    3.673754876575    2.016836004484
              N      2.975335878969    4.007928292686    1.180748769309
              C      3.971413470759    1.712704264127    0.462467832291
              C      6.367239875321    1.099271357253   -0.483281089118
              C      6.847275687753   -1.432984181854   -1.030421089885
              C      4.986643663070   -3.310902942688   -0.640374671897
              C      2.605555720113   -2.698465014576    0.301062103773
              C      2.052155989558   -0.151201024006    0.866488839031
              C     -7.177694379133   -1.065564398041    1.249248776388
              O     -7.635262951032   -3.034385687296   -0.048099912608
              O     -8.426811424765   -0.186476434212    3.064742727064
              H     -4.434441742330    0.492408928762   -3.471250843113
              H     -4.877151271914   -2.359112846668   -2.127360344907
              H     -1.963231228923   -0.906817406051   -2.124777326682
              H     -5.114168959800    2.405431578646    0.292008953154
              H     -2.407014177368   -2.044359435396    2.870776016805
              H     -3.381367724630    0.811428546390    4.297404208701
              H     -0.565184289486    5.279797034549    2.676409515935
              H      3.895222450711    5.690592525587    1.124728377063
              H      7.802346530219    2.551635123879   -0.774961030450
              H      8.694547546700   -1.976158406923   -1.769465703282
              H      5.431449186215   -5.276081309310   -1.082216200395
              H      1.192009012166   -4.172691789144    0.600037039844
$End
$SCF_Energy
   &GeometryIndex 12
   &Method [&Type "String"] "SCF"
   &totalEnergy [&Type "ArrayOfDoubles", &Dim (1,1)] "Total energy of each state"
                                                         0

0                                     -6.8668240973762784e+02
   &Mult [&Type "ArrayOfIntegers", &Dim (1,1)] "Multiplicity of each state"
                                                         0

0                                                        1
$End
$DFT_Energy
   &GeometryIndex 12
   &nAlphaEl [&Type "Integer"] 54
   &nBetaEl [&Type "Integer"] 54
   &nTotalEl [&Type "Integer"] 108
   &finalEn [&Type "Double"]      -6.8668240973762784e+02  "No Van der Waals correction"
   &eExchange [&Type "Double"]      -9.1328682918828179e+01
   &eCorr [&Type "Double"]      -3.9701776147085397e+00
   &eXC [&Type "Double"]      -9.5298860533536725e+01
   &eCNL [&Type "Double"]       0.0000000000000000e+00
$End
$Solvation_Details
   &GeometryIndex 12
   &Solvent [&Type "String"] "CONDUCTOR"
   &Epsilon [&Type "Double"]      -1.0000000000000000e+00
   &Refrac [&Type "Double"]       1.3300000000000001e+00
   &RSolv [&Type "Double"]       1.3000000000000000e+00
   &SurfaceType [&Type "String"] "GAUSSIAN VDW"
   &CPCMDielEnergy [&Type "Double"]      -7.5132566999999997e-02
   &NPoints [&Type "Integer"] 1673
   &SurfaceArea [&Type "Double"]       8.6048778550099996e+02
$End
$SCF_Timings
   &GeometryIndex 12
   &TOTAL [&Type "Double"]       6.9885029999999997e+00
   &PREP [&Type "Double"]       3.7901700000000005e-01
   &FOCK [&Type "Double"]       5.8165400000000007e+00
   &DENS [&Type "Double"]       4.1925000000000878e-02
   &ETOT [&Type "Double"]       2.6489999999998792e-02
   &TRAFO [&Type "Double"]       9.1501999999999750e-02
   &DIIS [&Type "Double"]       3.1823600000000019e-01
   &SOSCF [&Type "Double"]       1.9515500000000108e-01
   &XC [&Type "Double"]       2.4443260000000007e+00
   &FOCKSTART [&Type "Double"]       6.5380000000007654e-03
   &SOLV [&Type "Double"]       1.8954970000000011e+00
   &SOLV_INIT [&Type "Double"]       4.4233000000000022e-02
   &SOLV_FINAL [&Type "Double"]       1.0000000001397780e-06
   &INT_PREP [&Type "Double"]       2.0000000002795559e-06
   &INT_BF [&Type "Double"]       6.8436199999999903e-01
   &INT_DENS [&Type "Double"]       8.4620800000001450e-01
   &INT_DENSIO [&Type "Double"]       1.8086880984000018e+04
   &INT_FUNC [&Type "Double"]       5.0921999999970602e-02
   &INT_POT [&Type "Double"]       6.5522000000001601e-01
   &INT_POTIO [&Type "Double"]       6.5999999999978298e-03
   &INT_SUM [&Type "Double"]       9.1999999999647919e-05
   &SPLITRIJ [&Type "Double"]       1.9116990000000000e+00
$End
$Single_Point_Data
   &GeometryIndex 12
   &FinalEnergy [&Type "Double"]      -6.8668240973762784e+02  "Final single point energy"
   &Converged [&Type "Boolean"] true
$End
$SCF_Nuc_Gradient
   &GeometryIndex 12
   &NAtoms [&Type "Integer"] 27
   &gradNorm [&Type "Double"]       2.6156155972969949e-04
   &grad [&Type "ArrayOfDoubles", &Dim (81,1)] 
                                                         0

0                                     -7.2904609986362140e-05
1                                      3.8389969300419661e-05
2                                      5.7602458858500155e-05
3                                      2.9976784902845327e-05
4                                      1.3056131037364124e-05
5                                     -1.4677158312908795e-04
6                                      5.1264432856652515e-05
7                                     -1.7383943298025784e-06
8                                      3.2756468237254521e-05
9                                     -2.8739534827214915e-05
10                                     1.5965786759247758e-05
11                                     1.1691185322417873e-05
12                                    -1.5642478922526376e-06
13                                     1.0804347551946966e-05
14                                    -1.5061486935988083e-05
15                                     6.4124833465446437e-05
16                                    -6.5488846822774061e-06
17                                     2.8123860118162039e-05
18                                     2.4962723895812118e-06
19                                    -1.4464180174629179e-05
20                                    -2.7103001056787363e-05
21                                    -4.9735211065321874e-06
22                                    -9.4348004596456203e-06
23                                     9.1923928781132238e-06
24                                    -5.3914340453946677e-06
25                                    -6.2859823411841710e-06
26                                    -1.2453362950544996e-06
27                                    -3.9358290586404736e-06
28                                     1.9711337053132313e-06
29                                    -1.1520639008929102e-06
30                                     9.5937406986270138e-06
31                                    -8.6077877018472110e-08
32                                     1.2834778086713312e-05
33                                    -5.5008755554517876e-06
34                                    -2.2846709905939566e-05
35                                    -3.4104580392122896e-05
36                                     4.3871174100183069e-05
37                                     9.2981858218168416e-06
38                                     5.7948763541523785e-05
39                                    -7.4578861278475246e-06
40                                    -4.8044151215401870e-05
41                                    -5.3120574722460845e-05
42                                    -4.5672904485875160e-05
43                                     3.6787648934201445e-05
44                                     4.2245752812419823e-05
45                                     1.4344937003514177e-05
46                                    -1.4466722960678607e-05
47                                    -1.9644136235792697e-05
48                                     5.4256853536337451e-06
49                                    -6.3395683691670063e-06
50                                     9.3740372542278419e-06
51                                    -3.6309148010206516e-06
52                                     7.9410611129294116e-06
53                                    -8.9573072368379428e-06
54                                     4.9044083664248964e-07
55                                    -1.9370969473603283e-07
56                                     4.8724291276456069e-05
57                                    -1.4463490925701716e-06
58                                     1.4195497431057982e-05
59                                     3.1479947111087855e-05
60                                    -1.0295713721244115e-05
61                                    -9.8125231130585062e-06
62                                    -5.2386880131523837e-06
63                                     8.2821674816865865e-06
64                                     4.3097122909806218e-07
65                                     2.7860377470245376e-06
66                                    -2.6913523354193253e-05
67                                     9.3573652340944724e-06
68                                    -1.9484833458797588e-05
69                                     1.5614730841644747e-06
70                                    -7.6172053360620828e-06
71                                    -8.1881469961252434e-06
72                                    -4.0467647315278396e-06
73                                    -8.9000847468974874e-06
74                                    -4.3767096976387102e-06
75                                    -5.9823561453406201e-06
76                                    -3.9122407908230572e-06
77                                     1.0306869088804252e-06
78                                    -2.9754816153835378e-06
79                                     2.4931390476910092e-06
80                                    -1.3422159974589478e-06
   &Method [&Type "String"] "SCF"
   &Level [&Type "String"] "Relaxed density"
   &Mult [&Type "Integer"] 1
   &State [&Type "Integer"] 0
   &Irrep [&Type "Integer"] 0
$End
$Geometry
   &GeometryIndex 13
   &NAtoms [&Type "Integer"] 27
   &NCorelessECP [&Type "Integer"] 0
   &NGhostAtoms [&Type "Integer"] 0
   &CartesianCoordinates [&Type "Coordinates", &Dim(27,4), &Units "Bohr"] 
              N     -3.888065905911   -0.644086681304   -1.996523436130
              C     -4.714010150444    0.386291472484    0.525537632609
              C     -2.637669354499   -0.004375009296    2.536120464576
              C     -0.131328092170    1.146778569030    1.860420962944
              C      0.530234921065    3.672672135411    2.015718398692
              N      2.974389989504    4.007816779515    1.180234940707
              C      3.971719343452    1.712924309215    0.462687310035
              C      6.367961690291    1.100510446314   -0.482705426044
              C      6.849202838430   -1.431551453911   -1.029668468245
              C      4.989311063134   -3.310270775737   -0.639854014238
              C      2.607806247462   -2.698836235097    0.301207089891
              C      2.053213750474   -0.151797209777    0.866537742954
              C     -7.179548152959   -1.061685638737    1.250309127718
              O     -7.642711973370   -3.027756221896   -0.049200516517
              O     -8.424781544456   -0.182418518393    3.068286115276
              H     -4.430871312917    0.493486998677   -3.471017570170
              H     -4.886256939298   -2.357038951575   -2.128475016714
              H     -1.966347581115   -0.916741645548   -2.123604679002
              H     -5.111406789619    2.405801124544    0.291513628590
              H     -2.406469896777   -2.046929297902    2.867560806669
              H     -3.380212948971    0.807447670198    4.297653667881
              H     -0.567165375139    5.278387237842    2.674471532050
              H      3.893823966485    5.690741821606    1.124610655148
              H      7.802430396557    2.553522272519   -0.774305754093
              H      8.696818343061   -1.973926821688   -1.768442883152
              H      5.435041073164   -5.275266362110   -1.081586230814
              H      1.194892413464   -4.173700071077    0.600064527884
$End
$SCF_Mulliken_Population_Analysis
   &GeometryIndex 13
   &NAtoms [&Type "Integer"] 27
   &ATNO [&Type "ArrayOfIntegers", &Dim (27,1)] 
                                                         0

0                                                        7
1                                                        6
2                                                        6
3                                                        6
4                                                        6
5                                                        7
6                                                        6
7                                                        6
8                                                        6
9                                                        6
10                                                       6
11                                                       6
12                                                       6
13                                                       8
14                                                       8
15                                                       1
16                                                       1
17                                                       1
18                                                       1
19                                                       1
20                                                       1
21                                                       1
22                                                       1
23                                                       1
24                                                       1
25                                                       1
26                                                       1
   &AtomicCharges [&Type "ArrayOfDoubles", &Dim (27,1)] 
                                                         0

0                                     -2.3124867041950026e-01
1                                     -7.5739696335160644e-02
2                                     -2.9455395801495499e-01
3                                     -2.6283747169725480e-02
4                                     -8.9837517743988293e-02
5                                     -1.9349796173693967e-01
6                                      1.3799774127492448e-01
7                                     -2.4842616130824435e-01
8                                     -1.5496942956654358e-01
9                                     -1.5561516897046079e-01
10                                    -2.5163584473718270e-01
11                                    -6.9985736374240659e-03
12                                     2.4146385667464454e-01
13                                    -5.2793567718439327e-01
14                                    -5.1934842526820368e-01
15                                     3.2830996000100399e-01
16                                     2.9173672938006390e-01
17                                     3.1113129315161692e-01
18                                     1.5706066979186228e-01
19                                     1.5638847435280612e-01
20                                     1.3382293471421591e-01
21                                     1.7256108206076926e-01
22                                     2.7443459924947655e-01
23                                     1.4364190807912602e-01
24                                     1.4457923593931588e-01
25                                     1.4146508244728806e-01
26                                     1.4149726497548953e-01
   &Method [&Type "String"] "SCF"
   &Level [&Type "String"] "Relaxed density"
   &Mult [&Type "Integer"] 1
   &State [&Type "Integer"] -1
   &Irrep [&Type "Integer"] 0
$End
$SCF_Loewdin_Population_Analysis
   &GeometryIndex 13
   &NAtoms [&Type "Integer"] 27
   &ATNO [&Type "ArrayOfIntegers", &Dim (27,1)] 
                                                         0

0                                                        7
1                                                        6
2                                                        6
3                                                        6
4                                                        6
5                                                        7
6                                                        6
7                                                        6
8                                                        6
9                                                        6
10                                                       6
11                                                       6
12                                                       6
13                                                       8
14                                                       8
15                                                       1
16                                                       1
17                                                       1
18                                                       1
19                                                       1
20                                                       1
21                                                       1
22                                                       1
23                                                       1
24                                                       1
25                                                       1
26                                                       1
   &AtomicCharges [&Type "ArrayOfDoubles", &Dim (27,1)] 
                                                         0

0                                      1.8683019448898808e-01
1                                     -2.3412959586381454e-01
2                                     -2.0248314544380985e-01
3                                     -1.7406496509630287e-01
4                                     -1.6523121024717469e-01
5                                      2.2262783862074542e-01
6                                     -1.6946092766132903e-01
7                                     -1.3605273653826000e-01
8                                     -1.6903262661461316e-01
9                                     -1.7509999076860794e-01
10                                    -1.3460480878339887e-01
11                                    -1.1675677435059750e-01
12                                    -6.5597115418183183e-01
13                                    -9.9745172155291328e-02
14                                    -8.4394273154043020e-02
15                                     2.2271713162305407e-01
16                                     2.0892439978110244e-01
17                                     2.1270516721855304e-01
18                                     1.6540965277504860e-01
19                                     1.6200824486605803e-01
20                                     1.6387662770730016e-01
21                                     1.4984255884260700e-01
22                                     2.1281491375916350e-01
23                                     1.5527785278727690e-01
24                                     1.5056632273747150e-01
25                                     1.4976331177318591e-01
26                                     1.5366316387842416e-01
   &Method [&Type "String"] "SCF"
   &Level [&Type "String"] "Relaxed density"
   &Mult [&Type "Integer"] 1
   &State [&Type "Integer"] -1
   &Irrep [&Type "Integer"] 0
$End
$SCF_Mayer_Population_Analysis
   &GeometryIndex 13
   &NAtoms [&Type "Integer"] 27 "Total number of atoms"
   &NBondOrdersPrint [&Type "Integer"] 29 "The number of bond orders larger than threshold"
   &bondThresh [&Type "Double"]       1.0000000000000001e-01  "The threshold for printing"
   &components [&Type "ArrayOfIntegers", &Dim (29,4)] "The indices and atomic numbers of the bonding atoms"
                                                         0                           1                           2                           3

0                                                        0                           7                           1                           6
1                                                        0                           7                          15                           1
2                                                        0                           7                          16                           1
3                                                        0                           7                          17                           1
4                                                        1                           6                           2                           6
5                                                        1                           6                          12                           6
6                                                        1                           6                          18                           1
7                                                        2                           6                           3                           6
8                                                        2                           6                          19                           1
9                                                        2                           6                          20                           1
10                                                       3                           6                           4                           6
11                                                       3                           6                          11                           6
12                                                       4                           6                           5                           7
13                                                       4                           6                          21                           1
14                                                       5                           7                           6                           6
15                                                       5                           7                          22                           1
16                                                       6                           6                           7                           6
17                                                       6                           6                          11                           6
18                                                       7                           6                           8                           6
19                                                       7                           6                          23                           1
20                                                       8                           6                           9                           6
21                                                       8                           6                          24                           1
22                                                       9                           6                          10                           6
23                                                       9                           6                          25                           1
24                                                      10                           6                          11                           6
25                                                      10                           6                          26                           1
26                                                      12                           6                          13                           8
27                                                      12                           6                          14                           8
28                                                      13                           8                          16                           1
   &BondOrders [&Type "ArrayOfDoubles", &Dim (29,1)] "The bond orders"
                                                         0

0                                      8.9813960998460796e-01
1                                      8.7466451776492760e-01
2                                      8.0880925465045028e-01
3                                      8.6680510921140119e-01
4                                      9.4283661142635966e-01
5                                      8.8755782374825531e-01
6                                      9.4169764082828988e-01
7                                      9.3679564547453142e-01
8                                      9.7068259586407690e-01
9                                      9.3694784193394087e-01
10                                     1.5335796368795171e+00
11                                     1.1673416737617028e+00
12                                     1.1969304739269870e+00
13                                     9.5510216278164373e-01
14                                     1.1808604245809755e+00
15                                     8.8895029099310796e-01
16                                     1.2645423310575978e+00
17                                     1.2565278928326109e+00
18                                     1.4304824673622709e+00
19                                     9.9187643477506549e-01
20                                     1.3106285748750477e+00
21                                     9.7060582739647561e-01
22                                     1.4661920810954745e+00
23                                     9.7313570825550066e-01
24                                     1.2605067607096927e+00
25                                     9.7295287902734318e-01
26                                     1.7085383839113168e+00
27                                     1.8445475551231671e+00
28                                     1.3803217181452679e-01
   &ATNO [&Type "ArrayOfIntegers", &Dim (27,1)] "Atomic number of the elements"
                                                         0

0                                                        7
1                                                        6
2                                                        6
3                                                        6
4                                                        6
5                                                        7
6                                                        6
7                                                        6
8                                                        6
9                                                        6
10                                                       6
11                                                       6
12                                                       6
13                                                       8
14                                                       8
15                                                       1
16                                                       1
17                                                       1
18                                                       1
19                                                       1
20                                                       1
21                                                       1
22                                                       1
23                                                       1
24                                                       1
25                                                       1
26                                                       1
   &NA [&Type "ArrayOfDoubles", &Dim (27,1)] "Mulliken gross atomic population"
                                                         0

0                                      7.2312486704195038e+00
1                                      6.0757396963351500e+00
2                                      6.2945539580149710e+00
3                                      6.0262837471697166e+00
4                                      6.0898375177439883e+00
5                                      7.1934979617369441e+00
6                                      5.8620022587250844e+00
7                                      6.2484261613082488e+00
8                                      6.1549694295665400e+00
9                                      6.1556151689704501e+00
10                                     6.2516358447371818e+00
11                                     6.0069985736374241e+00
12                                     5.7585361433253563e+00
13                                     8.5279356771843933e+00
14                                     8.5193484252681948e+00
15                                     6.7169003999899601e-01
16                                     7.0826327061993577e-01
17                                     6.8886870684838319e-01
18                                     8.4293933020813683e-01
19                                     8.4361152564719377e-01
20                                     8.6617706528578375e-01
21                                     8.2743891793923086e-01
22                                     7.2556540075052312e-01
23                                     8.5635809192087420e-01
24                                     8.5542076406068379e-01
25                                     8.5853491755271227e-01
26                                     8.5850273502451047e-01
   &ZA [&Type "ArrayOfDoubles", &Dim (27,1)] "Total nuclear charge"
                                                         0

0                                      7.0000000000000000e+00
1                                      6.0000000000000000e+00
2                                      6.0000000000000000e+00
3                                      6.0000000000000000e+00
4                                      6.0000000000000000e+00
5                                      7.0000000000000000e+00
6                                      6.0000000000000000e+00
7                                      6.0000000000000000e+00
8                                      6.0000000000000000e+00
9                                      6.0000000000000000e+00
10                                     6.0000000000000000e+00
11                                     6.0000000000000000e+00
12                                     6.0000000000000000e+00
13                                     8.0000000000000000e+00
14                                     8.0000000000000000e+00
15                                     1.0000000000000000e+00
16                                     1.0000000000000000e+00
17                                     1.0000000000000000e+00
18                                     1.0000000000000000e+00
19                                     1.0000000000000000e+00
20                                     1.0000000000000000e+00
21                                     1.0000000000000000e+00
22                                     1.0000000000000000e+00
23                                     1.0000000000000000e+00
24                                     1.0000000000000000e+00
25                                     1.0000000000000000e+00
26                                     1.0000000000000000e+00
   &QA [&Type "ArrayOfDoubles", &Dim (27,1)] "Mulliken gross atomic charge"
                                                         0

0                                     -2.3124867041950381e-01
1                                     -7.5739696335149986e-02
2                                     -2.9455395801497097e-01
3                                     -2.6283747169716598e-02
4                                     -8.9837517743988293e-02
5                                     -1.9349796173694411e-01
6                                      1.3799774127491560e-01
7                                     -2.4842616130824879e-01
8                                     -1.5496942956654003e-01
9                                     -1.5561516897045014e-01
10                                    -2.5163584473718181e-01
11                                    -6.9985736374240659e-03
12                                     2.4146385667464365e-01
13                                    -5.2793567718439327e-01
14                                    -5.1934842526819480e-01
15                                     3.2830996000100399e-01
16                                     2.9173672938006423e-01
17                                     3.1113129315161681e-01
18                                     1.5706066979186317e-01
19                                     1.5638847435280623e-01
20                                     1.3382293471421625e-01
21                                     1.7256108206076914e-01
22                                     2.7443459924947688e-01
23                                     1.4364190807912580e-01
24                                     1.4457923593931621e-01
25                                     1.4146508244728773e-01
26                                     1.4149726497548953e-01
   &VA [&Type "ArrayOfDoubles", &Dim (27,1)] "Mayer's total valence"
                                                         0

0                                      3.4593469879899841e+00
1                                      3.6350939197110597e+00
2                                      3.8720195131674240e+00
3                                      3.6424514911889236e+00
4                                      3.8822572254567742e+00
5                                      3.4089562551972938e+00
6                                      3.8074151892659676e+00
7                                      3.8942021382762944e+00
8                                      3.8295942806927323e+00
9                                      3.8480964423705109e+00
10                                     3.8968655079044865e+00
11                                     3.7983016111935259e+00
12                                     4.4926306522820418e+00
13                                     1.9072635786767016e+00
14                                     1.9448275716806016e+00
15                                     8.9396150079525083e-01
16                                     9.6570457714517799e-01
17                                     9.1665096710660343e-01
18                                     9.8241311798481745e-01
19                                     9.6907275699958728e-01
20                                     9.9150402054584952e-01
21                                     9.6803267451573782e-01
22                                     9.2973161612818644e-01
23                                     9.7412276333508940e-01
24                                     9.6122343789200804e-01
25                                     9.6340139236034095e-01
26                                     9.7824398250558142e-01
   &BVA [&Type "ArrayOfDoubles", &Dim (27,1)] "Mayer's bonded valence"
                                                         0

0                                      3.4593469879900689e+00
1                                      3.6350939197110450e+00
2                                      3.8720195131673076e+00
3                                      3.6424514911891781e+00
4                                      3.8822572254570664e+00
5                                      3.4089562551973489e+00
6                                      3.8074151892657140e+00
7                                      3.8942021382762952e+00
8                                      3.8295942806926755e+00
9                                      3.8480964423704500e+00
10                                     3.8968655079043346e+00
11                                     3.7983016111934722e+00
12                                     4.4926306522820667e+00
13                                     1.9072635786767722e+00
14                                     1.9448275716806052e+00
15                                     8.9396150079525860e-01
16                                     9.6570457714518276e-01
17                                     9.1665096710660987e-01
18                                     9.8241311798482511e-01
19                                     9.6907275699960316e-01
20                                     9.9150402054583320e-01
21                                     9.6803267451577713e-01
22                                     9.2973161612817146e-01
23                                     9.7412276333511805e-01
24                                     9.6122343789200759e-01
25                                     9.6340139236032751e-01
26                                     9.7824398250553601e-01
   &FA [&Type "ArrayOfDoubles", &Dim (27,1)] "Mayer's free valence"
                                                         0

0                                      0.0000000000000000e+00
1                                      0.0000000000000000e+00
2                                      0.0000000000000000e+00
3                                      0.0000000000000000e+00
4                                      0.0000000000000000e+00
5                                      0.0000000000000000e+00
6                                      0.0000000000000000e+00
7                                      0.0000000000000000e+00
8                                      0.0000000000000000e+00
9                                      0.0000000000000000e+00
10                                     0.0000000000000000e+00
11                                     0.0000000000000000e+00
12                                     0.0000000000000000e+00
13                                     0.0000000000000000e+00
14                                     0.0000000000000000e+00
15                                     0.0000000000000000e+00
16                                     0.0000000000000000e+00
17                                     0.0000000000000000e+00
18                                     0.0000000000000000e+00
19                                     0.0000000000000000e+00
20                                     0.0000000000000000e+00
21                                     0.0000000000000000e+00
22                                     0.0000000000000000e+00
23                                     0.0000000000000000e+00
24                                     0.0000000000000000e+00
25                                     0.0000000000000000e+00
26                                     0.0000000000000000e+00
   &Method [&Type "String"] "SCF"
   &Level [&Type "String"] "Relaxed density"
   &Mult [&Type "Integer"] 1
   &State [&Type "Integer"] -1
   &Irrep [&Type "Integer"] 0
$End
$SCF_Energy
   &GeometryIndex 13
   &Method [&Type "String"] "SCF"
   &totalEnergy [&Type "ArrayOfDoubles", &Dim (1,1)] "Total energy of each state"
                                                         0

0                                     -6.8668241043668934e+02
   &Mult [&Type "ArrayOfIntegers", &Dim (1,1)] "Multiplicity of each state"
                                                         0

0                                                        1
$End
$DFT_Energy
   &GeometryIndex 13
   &nAlphaEl [&Type "Integer"] 54
   &nBetaEl [&Type "Integer"] 54
   &nTotalEl [&Type "Integer"] 108
   &finalEn [&Type "Double"]      -6.8668241043668934e+02  "No Van der Waals correction"
   &eExchange [&Type "Double"]      -9.1328724984270380e+01
   &eCorr [&Type "Double"]      -3.9701843391946419e+00
   &eXC [&Type "Double"]      -9.5298909323465026e+01
   &eCNL [&Type "Double"]       0.0000000000000000e+00
$End
$Solvation_Details
   &GeometryIndex 13
   &Solvent [&Type "String"] "CONDUCTOR"
   &Epsilon [&Type "Double"]      -1.0000000000000000e+00
   &Refrac [&Type "Double"]       1.3300000000000001e+00
   &RSolv [&Type "Double"]       1.3000000000000000e+00
   &SurfaceType [&Type "String"] "GAUSSIAN VDW"
   &CPCMDielEnergy [&Type "Double"]      -7.5109943999999998e-02
   &NPoints [&Type "Integer"] 1675
   &SurfaceArea [&Type "Double"]       8.6053602695400002e+02
$End
$SCF_Timings
   &GeometryIndex 13
   &TOTAL [&Type "Double"]       4.9438640000000005e+00
   &PREP [&Type "Double"]       3.7509300000000001e-01
   &FOCK [&Type "Double"]       4.0475580000000004e+00
   &DENS [&Type "Double"]       2.9033000000000087e-02
   &ETOT [&Type "Double"]       1.8779999999998687e-02
   &POP [&Type "Double"]       4.9825999999999482e-02
   &TRAFO [&Type "Double"]       4.5436999999999728e-02
   &DIIS [&Type "Double"]       5.2646000000000193e-02
   &SOSCF [&Type "Double"]       2.2473299999999985e-01
   &XC [&Type "Double"]       1.7617090000000004e+00
   &FOCKSTART [&Type "Double"]       5.3600000000004755e-03
   &SOLV [&Type "Double"]       1.3731390000000003e+00
   &SOLV_INIT [&Type "Double"]       4.3783999999999990e-02
   &INT_BF [&Type "Double"]       4.9131199999999642e-01
   &INT_DENS [&Type "Double"]       6.1841800000000380e-01
   &INT_DENSIO [&Type "Double"]       9.8167615440000081e+03
   &INT_FUNC [&Type "Double"]       3.7023999999996282e-02
   &INT_POT [&Type "Double"]       4.8537800000001974e-01
   &INT_POTIO [&Type "Double"]       4.7999999999899234e-03
   &INT_SUM [&Type "Double"]       7.1999999999738939e-05
   &SPLITRIJ [&Type "Double"]       1.3533560000000007e+00
$End
$Single_Point_Data
   &GeometryIndex 13
   &FinalEnergy [&Type "Double"]      -6.8668241043668934e+02  "Final single point energy"
   &Converged [&Type "Boolean"] true
$End
$SCF_Dipole_Moment
   &GeometryIndex 13
   &dipoleMagnitude [&Type "Double", &Units "a.u."]       5.7767075279384832e+00
   &dipoleElecContrib [&Type "ArrayOfDoubles", &Dim (3,1)] "Electronic contribution"
                                                         0

0                                     -9.3399338872273119e-01
1                                      2.0136949500741599e+00
2                                      7.4452906500187332e-01
   &dipoleNucContrib [&Type "ArrayOfDoubles", &Dim (3,1)] "Nuclear contribution"
                                                         0

0                                      5.2997699112740797e+00
1                                      5.6057217632236789e-01
2                                     -3.5164406762252103e+00
   &dipoleTotal [&Type "ArrayOfDoubles", &Dim (3,1)] "Total"
                                                         0

0                                      4.3657765225513483e+00
1                                      2.5742671263965278e+00
2                                     -2.7719116112233371e+00
   &doAtomicDipole [&Type "Boolean"] false
   &Method [&Type "String"] "SCF"
   &Level [&Type "String"] "Relaxed density"
   &Mult [&Type "Integer"] 1
   &State [&Type "Integer"] -1
   &Irrep [&Type "Integer"] 0
$End
$Calculation_Info
   &GeometryIndex 13
   &Mult [&Type "Integer"] 1
   &Charge [&Type "Integer"] 0
   &NumOfAtoms [&Type "Integer"] 27
   &NumOfElectrons [&Type "Integer"] 108
   &NumOfBasisFuncts [&Type "Integer"] 537
   &NumOfAuxCBasisFuncts [&Type "Integer"] 0
   &NumOfAuxJBasisFuncts [&Type "Integer"] 867
   &NumOfAuxJKBasisFuncts [&Type "Integer"] 0
   &NumOfCABSBasisFuncts [&Type "Integer"] 0
$End
$Calculation_Timings
   &GeometryIndex 13
   &GTOINT [&Type "Double"]       1.3292848999999981e+01
   &SCF [&Type "Double"]       1.0348684699999998e+02
   &SCFGRAD [&Type "Double"]       5.4607906999999962e+01
   &GSTEP [&Type "Double"]       3.2823000000017193e-02
   &PROP [&Type "Double"]       5.3934200000000487e-01
   &SUM [&Type "Double"]       1.7195976799999994e+02
$End
