*************************************************
******************* ORCA 6.1.0-f.0 ******************
*************************************************
$Calculation_Status
   &GeometryIndex 5
   &version [&Type "String"] "6.1.0-f.0"
   &progName [&Type "String"] "LeanSCF"
   &Status [&Type "String"] "NORMAL TERMINATION"
$End
$Geometry
   &GeometryIndex 1
   &NAtoms [&Type "Integer"] 27
   &NCorelessECP [&Type "Integer"] 0
   &NGhostAtoms [&Type "Integer"] 0
   &CartesianCoordinates [&Type "Coordinates", &Dim(27,4), &Units "Bohr"] 
              N      4.044092406918   -2.273331184963    0.786042848172
              C      4.820977906807   -0.016297829658   -0.769542572153
              C      2.631771036538    1.003355816676   -2.391988544001
              C      0.241838627954    1.528453318310   -0.948023822892
              C     -0.309105206034    3.657903665614    0.469183755660
              N     -2.671514736135    3.429823434442    1.543822838902
              C     -3.726431352429    1.152063997538    0.850242381839
              C     -6.081046064584    0.096420025654    1.443174059694
              C     -6.646101485169   -2.266710075918    0.424271201553
              C     -4.909125089392   -3.546390926451   -1.152191988689
              C     -2.568222097785   -2.494588918976   -1.739040959372
              C     -1.931039364456   -0.109532570736   -0.731065272525
              C      5.962017846792    1.937761025828    1.133190924693
              O      6.591625782988    4.045476102188    0.244308084272
              O      6.202504999307    1.157500928598    3.396164293949
              H      4.669767841927   -3.963631817663    0.074894854462
              H      2.112087638072   -2.362825515515    1.012665684755
              H      4.864833971724   -1.875355824919    2.558289338177
              H      6.366325225576   -0.640023388551   -2.007542375857
              H      3.344413841415    2.731212091774   -3.295900565338
              H      2.245321872076   -0.356010136198   -3.917818128752
              H      0.811703136989    5.348471562281    0.784805663370
              H     -3.511854612881    4.758563143884    2.642498463780
              H     -7.422028402579    1.092631468119    2.652771487475
              H     -8.464668413044   -3.142201428784    0.847821359203
              H     -5.419059107274   -5.390022766028   -1.923862335777
              H     -1.249086089938   -3.502714253236   -2.965514850954
$End
$SCF_Mulliken_Population_Analysis
   &GeometryIndex 1
   &NAtoms [&Type "Integer"] 27
   &ATNO [&Type "ArrayOfIntegers", &Dim (27,1)] 
                                                         0

0                                                        7
1                                                        6
2                                                        6
3                                                        6
4                                                        6
5                                                        7
6                                                        6
7                                                        6
8                                                        6
9                                                        6
10                                                       6
11                                                       6
12                                                       6
13                                                       8
14                                                       8
15                                                       1
16                                                       1
17                                                       1
18                                                       1
19                                                       1
20                                                       1
21                                                       1
22                                                       1
23                                                       1
24                                                       1
25                                                       1
26                                                       1
   &AtomicCharges [&Type "ArrayOfDoubles", &Dim (27,1)] 
                                                         0

0                                     -2.3705479118915029e-01
1                                     -7.5061775260787833e-02
2                                     -1.9344517328688582e-01
3                                     -7.6883262373494965e-02
4                                     -9.3013666766837311e-02
5                                     -1.9417299167545821e-01
6                                      1.3656992876391616e-01
7                                     -2.4628340942285032e-01
8                                     -1.5502732028867428e-01
9                                     -1.5297819007496649e-01
10                                    -2.5768900442858111e-01
11                                    -2.6284107664650946e-02
12                                     2.3898816780404530e-01
13                                    -5.1539451806335812e-01
14                                    -5.3160892080441613e-01
15                                     3.2668342151429919e-01
16                                     3.1172359992427201e-01
17                                     2.9193699827260411e-01
18                                     1.5755369075209835e-01
19                                     1.2753987942580047e-01
20                                     1.5059611446591092e-01
21                                     1.6717203312667384e-01
22                                     2.7467083978831264e-01
23                                     1.4380436019906784e-01
24                                     1.4471805538201421e-01
25                                     1.4144870125755804e-01
26                                     1.4149134062307844e-01
   &Method [&Type "String"] "SCF"
   &Level [&Type "String"] "Relaxed density"
   &Mult [&Type "Integer"] 1
   &State [&Type "Integer"] -1
   &Irrep [&Type "Integer"] 0
$End
$SCF_Loewdin_Population_Analysis
   &GeometryIndex 1
   &NAtoms [&Type "Integer"] 27
   &ATNO [&Type "ArrayOfIntegers", &Dim (27,1)] 
                                                         0

0                                                        7
1                                                        6
2                                                        6
3                                                        6
4                                                        6
5                                                        7
6                                                        6
7                                                        6
8                                                        6
9                                                        6
10                                                       6
11                                                       6
12                                                       6
13                                                       8
14                                                       8
15                                                       1
16                                                       1
17                                                       1
18                                                       1
19                                                       1
20                                                       1
21                                                       1
22                                                       1
23                                                       1
24                                                       1
25                                                       1
26                                                       1
   &AtomicCharges [&Type "ArrayOfDoubles", &Dim (27,1)] 
                                                         0

0                                      1.8417264987709103e-01
1                                     -2.3228078209849645e-01
2                                     -2.0641635341091469e-01
3                                     -1.7274959915016375e-01
4                                     -1.6764639968185779e-01
5                                      2.2263016109218281e-01
6                                     -1.6910800269601989e-01
7                                     -1.3584891503601071e-01
8                                     -1.6848628773562080e-01
9                                     -1.7449959591817699e-01
10                                    -1.3402447217102420e-01
11                                    -1.1853040336456289e-01
12                                    -6.5023328841905492e-01
13                                    -8.0524224494789465e-02
14                                    -1.0011219455439679e-01
15                                     2.1871884368369521e-01
16                                     2.1328132015392343e-01
17                                     2.0725258629788956e-01
18                                     1.7156120150849896e-01
19                                     1.6277568643979001e-01
20                                     1.5941945653701450e-01
21                                     1.4832539190693217e-01
22                                     2.1268126211963456e-01
23                                     1.5531238910222034e-01
24                                     1.5065368539676049e-01
25                                     1.4980161253806690e-01
26                                     1.5387427207695925e-01
   &Method [&Type "String"] "SCF"
   &Level [&Type "String"] "Relaxed density"
   &Mult [&Type "Integer"] 1
   &State [&Type "Integer"] -1
   &Irrep [&Type "Integer"] 0
$End
$SCF_Mayer_Population_Analysis
   &GeometryIndex 1
   &NAtoms [&Type "Integer"] 27 "Total number of atoms"
   &NBondOrdersPrint [&Type "Integer"] 29 "The number of bond orders larger than threshold"
   &bondThresh [&Type "Double"]       1.0000000000000001e-01  "The threshold for printing"
   &components [&Type "ArrayOfIntegers", &Dim (29,4)] "The indices and atomic numbers of the bonding atoms"
                                                         0                           1                           2                           3

0                                                        0                           7                           1                           6
1                                                        0                           7                          15                           1
2                                                        0                           7                          16                           1
3                                                        0                           7                          17                           1
4                                                        1                           6                           2                           6
5                                                        1                           6                          12                           6
6                                                        1                           6                          18                           1
7                                                        2                           6                           3                           6
8                                                        2                           6                          19                           1
9                                                        2                           6                          20                           1
10                                                       3                           6                           4                           6
11                                                       3                           6                          11                           6
12                                                       4                           6                           5                           7
13                                                       4                           6                          21                           1
14                                                       5                           7                           6                           6
15                                                       5                           7                          22                           1
16                                                       6                           6                           7                           6
17                                                       6                           6                          11                           6
18                                                       7                           6                           8                           6
19                                                       7                           6                          23                           1
20                                                       8                           6                           9                           6
21                                                       8                           6                          24                           1
22                                                       9                           6                          10                           6
23                                                       9                           6                          25                           1
24                                                      10                           6                          11                           6
25                                                      10                           6                          26                           1
26                                                      12                           6                          13                           8
27                                                      12                           6                          14                           8
28                                                      14                           8                          17                           1
   &BondOrders [&Type "ArrayOfDoubles", &Dim (29,1)] "The bond orders"
                                                         0

0                                      9.0928591045758089e-01
1                                      8.7049987123049488e-01
2                                      8.6905320319356805e-01
3                                      7.9975154846541918e-01
4                                      9.5451639336956084e-01
5                                      9.1055457286350605e-01
6                                      9.3065827212775187e-01
7                                      9.5035761503593918e-01
8                                      9.4519353407803341e-01
9                                      9.5458463239607472e-01
10                                     1.5443399289021120e+00
11                                     1.1796304636614470e+00
12                                     1.1972547415214012e+00
13                                     9.4967200473189173e-01
14                                     1.1799229767829789e+00
15                                     8.8879868266361928e-01
16                                     1.2680300103293869e+00
17                                     1.2583229691978128e+00
18                                     1.4302895208481172e+00
19                                     9.9136471945273952e-01
20                                     1.3109604671891879e+00
21                                     9.7064268059197245e-01
22                                     1.4664484585586215e+00
23                                     9.7313739111899866e-01
24                                     1.2610014260443263e+00
25                                     9.7447145753484443e-01
26                                     1.8402861267564179e+00
27                                     1.6931093847891447e+00
28                                     1.4910436194621848e-01
   &ATNO [&Type "ArrayOfIntegers", &Dim (27,1)] "Atomic number of the elements"
                                                         0

0                                                        7
1                                                        6
2                                                        6
3                                                        6
4                                                        6
5                                                        7
6                                                        6
7                                                        6
8                                                        6
9                                                        6
10                                                       6
11                                                       6
12                                                       6
13                                                       8
14                                                       8
15                                                       1
16                                                       1
17                                                       1
18                                                       1
19                                                       1
20                                                       1
21                                                       1
22                                                       1
23                                                       1
24                                                       1
25                                                       1
26                                                       1
   &NA [&Type "ArrayOfDoubles", &Dim (27,1)] "Mulliken gross atomic population"
                                                         0

0                                      7.2370547911891467e+00
1                                      6.0750617752607861e+00
2                                      6.1934451732869125e+00
3                                      6.0768832623734941e+00
4                                      6.0930136667668364e+00
5                                      7.1941729916754520e+00
6                                      5.8634300712360767e+00
7                                      6.2462834094228512e+00
8                                      6.1550273202886707e+00
9                                      6.1529781900749647e+00
10                                     6.2576890044285820e+00
11                                     6.0262841076646474e+00
12                                     5.7610118321959529e+00
13                                     8.5153945180633510e+00
14                                     8.5316089208044179e+00
15                                     6.7331657848570103e-01
16                                     6.8827640007572821e-01
17                                     7.0806300172739534e-01
18                                     8.4244630924790198e-01
19                                     8.7246012057419986e-01
20                                     8.4940388553408908e-01
21                                     8.3282796687332594e-01
22                                     7.2532916021168770e-01
23                                     8.5619563980093216e-01
24                                     8.5528194461798557e-01
25                                     8.5855129874244207e-01
26                                     8.5850865937692189e-01
   &ZA [&Type "ArrayOfDoubles", &Dim (27,1)] "Total nuclear charge"
                                                         0

0                                      7.0000000000000000e+00
1                                      6.0000000000000000e+00
2                                      6.0000000000000000e+00
3                                      6.0000000000000000e+00
4                                      6.0000000000000000e+00
5                                      7.0000000000000000e+00
6                                      6.0000000000000000e+00
7                                      6.0000000000000000e+00
8                                      6.0000000000000000e+00
9                                      6.0000000000000000e+00
10                                     6.0000000000000000e+00
11                                     6.0000000000000000e+00
12                                     6.0000000000000000e+00
13                                     8.0000000000000000e+00
14                                     8.0000000000000000e+00
15                                     1.0000000000000000e+00
16                                     1.0000000000000000e+00
17                                     1.0000000000000000e+00
18                                     1.0000000000000000e+00
19                                     1.0000000000000000e+00
20                                     1.0000000000000000e+00
21                                     1.0000000000000000e+00
22                                     1.0000000000000000e+00
23                                     1.0000000000000000e+00
24                                     1.0000000000000000e+00
25                                     1.0000000000000000e+00
26                                     1.0000000000000000e+00
   &QA [&Type "ArrayOfDoubles", &Dim (27,1)] "Mulliken gross atomic charge"
                                                         0

0                                     -2.3705479118914674e-01
1                                     -7.5061775260786057e-02
2                                     -1.9344517328691246e-01
3                                     -7.6883262373494077e-02
4                                     -9.3013666766836423e-02
5                                     -1.9417299167545199e-01
6                                      1.3656992876392327e-01
7                                     -2.4628340942285121e-01
8                                     -1.5502732028867072e-01
9                                     -1.5297819007496471e-01
10                                    -2.5768900442858200e-01
11                                    -2.6284107664647394e-02
12                                     2.3898816780404708e-01
13                                    -5.1539451806335101e-01
14                                    -5.3160892080441791e-01
15                                     3.2668342151429897e-01
16                                     3.1172359992427179e-01
17                                     2.9193699827260466e-01
18                                     1.5755369075209802e-01
19                                     1.2753987942580014e-01
20                                     1.5059611446591092e-01
21                                     1.6717203312667406e-01
22                                     2.7467083978831230e-01
23                                     1.4380436019906784e-01
24                                     1.4471805538201443e-01
25                                     1.4144870125755793e-01
26                                     1.4149134062307811e-01
   &VA [&Type "ArrayOfDoubles", &Dim (27,1)] "Mayer's total valence"
                                                         0

0                                      3.4595209465775123e+00
1                                      3.7029502839930610e+00
2                                      3.8596663279802064e+00
3                                      3.7063532685081295e+00
4                                      3.8977999036195845e+00
5                                      3.4095529862596230e+00
6                                      3.8131358058543747e+00
7                                      3.8947549618673207e+00
8                                      3.8299904027591061e+00
9                                      3.8469393589673349e+00
10                                     3.9051391437605449e+00
11                                     3.8124635567364376e+00
12                                     4.4856171562091181e+00
13                                     1.9515196956644507e+00
14                                     1.9040304334137779e+00
15                                     8.9515355355286552e-01
16                                     9.1539038917737714e-01
17                                     9.6720382036975816e-01
18                                     9.7193888279415386e-01
19                                     9.9777450992714523e-01
20                                     9.6199602069638190e-01
21                                     9.8436315386446804e-01
22                                     9.2961038240632754e-01
23                                     9.7386367290030584e-01
24                                     9.6118635113894735e-01
25                                     9.6337459528172931e-01
26                                     9.7805725293883061e-01
   &BVA [&Type "ArrayOfDoubles", &Dim (27,1)] "Mayer's bonded valence"
                                                         0

0                                      3.4595209465775718e+00
1                                      3.7029502839931956e+00
2                                      3.8596663279801509e+00
3                                      3.7063532685083382e+00
4                                      3.8977999036196573e+00
5                                      3.4095529862596612e+00
6                                      3.8131358058545803e+00
7                                      3.8947549618674620e+00
8                                      3.8299904027589418e+00
9                                      3.8469393589671883e+00
10                                     3.9051391437605916e+00
11                                     3.8124635567366818e+00
12                                     4.4856171562092477e+00
13                                     1.9515196956644520e+00
14                                     1.9040304334138227e+00
15                                     8.9515355355286952e-01
16                                     9.1539038917738091e-01
17                                     9.6720382036977592e-01
18                                     9.7193888279418816e-01
19                                     9.9777450992714212e-01
20                                     9.6199602069635870e-01
21                                     9.8436315386443263e-01
22                                     9.2961038240630667e-01
23                                     9.7386367290034315e-01
24                                     9.6118635113890782e-01
25                                     9.6337459528169411e-01
26                                     9.7805725293883550e-01
   &FA [&Type "ArrayOfDoubles", &Dim (27,1)] "Mayer's free valence"
                                                         0

0                                      0.0000000000000000e+00
1                                      0.0000000000000000e+00
2                                      0.0000000000000000e+00
3                                      0.0000000000000000e+00
4                                      0.0000000000000000e+00
5                                      0.0000000000000000e+00
6                                      0.0000000000000000e+00
7                                      0.0000000000000000e+00
8                                      0.0000000000000000e+00
9                                      0.0000000000000000e+00
10                                     0.0000000000000000e+00
11                                     0.0000000000000000e+00
12                                     0.0000000000000000e+00
13                                     0.0000000000000000e+00
14                                     0.0000000000000000e+00
15                                     0.0000000000000000e+00
16                                     0.0000000000000000e+00
17                                     0.0000000000000000e+00
18                                     0.0000000000000000e+00
19                                     0.0000000000000000e+00
20                                     0.0000000000000000e+00
21                                     0.0000000000000000e+00
22                                     0.0000000000000000e+00
23                                     0.0000000000000000e+00
24                                     0.0000000000000000e+00
25                                     0.0000000000000000e+00
26                                     0.0000000000000000e+00
   &Method [&Type "String"] "SCF"
   &Level [&Type "String"] "Relaxed density"
   &Mult [&Type "Integer"] 1
   &State [&Type "Integer"] -1
   &Irrep [&Type "Integer"] 0
$End
$SCF_Energy
   &GeometryIndex 1
   &Method [&Type "String"] "SCF"
   &totalEnergy [&Type "ArrayOfDoubles", &Dim (1,1)] "Total energy of each state"
                                                         0

0                                     -6.8668244422445548e+02
   &Mult [&Type "ArrayOfIntegers", &Dim (1,1)] "Multiplicity of each state"
                                                         0

0                                                        1
$End
$DFT_Energy
   &GeometryIndex 1
   &nAlphaEl [&Type "Integer"] 54
   &nBetaEl [&Type "Integer"] 54
   &nTotalEl [&Type "Integer"] 108
   &finalEn [&Type "Double"]      -6.8668244422445548e+02  "No Van der Waals correction"
   &eExchange [&Type "Double"]      -9.1326783075068391e+01
   &eCorr [&Type "Double"]      -3.9717154607895671e+00
   &eXC [&Type "Double"]      -9.5298498535857959e+01
   &eCNL [&Type "Double"]       0.0000000000000000e+00
$End
$Solvation_Details
   &GeometryIndex 1
   &Solvent [&Type "String"] "CONDUCTOR"
   &Epsilon [&Type "Double"]      -1.0000000000000000e+00
   &Refrac [&Type "Double"]       1.3300000000000001e+00
   &RSolv [&Type "Double"]       1.3000000000000000e+00
   &SurfaceType [&Type "String"] "GAUSSIAN VDW"
   &CPCMDielEnergy [&Type "Double"]      -7.0875763999999994e-02
   &NPoints [&Type "Integer"] 1659
   &SurfaceArea [&Type "Double"]       8.4710366819399997e+02
$End
$SCF_Timings
   &GeometryIndex 1
   &TOTAL [&Type "Double"]       1.3159058000000000e+01
   &PREP [&Type "Double"]       3.9872299999999999e-01
   &FOCK [&Type "Double"]       1.1554149000000001e+01
   &DENS [&Type "Double"]       8.3123000000000502e-02
   &ETOT [&Type "Double"]       5.2422999999999220e-02
   &POP [&Type "Double"]       3.5705000000000098e-02
   &TRAFO [&Type "Double"]       9.6008000000000981e-02
   &DIIS [&Type "Double"]       4.0545100000000001e-01
   &SOSCF [&Type "Double"]       4.3124699999999905e-01
   &XC [&Type "Double"]       4.9440290000000005e+00
   &FOCKSTART [&Type "Double"]       1.1534000000000599e-02
   &SOLV [&Type "Double"]       3.5212960000000004e+00
   &SOLV_INIT [&Type "Double"]       4.6898999999999968e-02
   &SOLV_FINAL [&Type "Double"]       9.9999999925159955e-07
   &INT_PREP [&Type "Double"]       5.0000000024752467e-06
   &INT_BF [&Type "Double"]       1.2793330000000349e+00
   &INT_DENS [&Type "Double"]       1.7120819999999144e+00
   &INT_DENSIO [&Type "Double"]       5.3455498719000025e+04
   &INT_FUNC [&Type "Double"]       9.0671000000017377e-02
   &INT_POT [&Type "Double"]       1.4529319999999983e+00
   &INT_POTIO [&Type "Double"]       1.4527000000017165e-02
   &INT_SUM [&Type "Double"]       1.4999999999809610e-04
   &SPLITRIJ [&Type "Double"]       3.4868269999999981e+00
$End
$Single_Point_Data
   &GeometryIndex 1
   &FinalEnergy [&Type "Double"]      -6.8668244422445548e+02  "Final single point energy"
   &Converged [&Type "Boolean"] true
$End
$SCF_Nuc_Gradient
   &GeometryIndex 1
   &NAtoms [&Type "Integer"] 27
   &gradNorm [&Type "Double"]       2.6727806991533182e-03
   &grad [&Type "ArrayOfDoubles", &Dim (81,1)] 
                                                         0

0                                     -1.0520329818458716e-04
1                                     -5.3960110555684171e-04
2                                      4.3112333116751382e-04
3                                      2.3203688592563290e-04
4                                      2.8273006924433783e-04
5                                     -4.6252127377038009e-04
6                                      9.3606558488467263e-05
7                                      1.0417687181431094e-04
8                                     -4.8270595296101906e-05
9                                     -5.3605086080024157e-05
10                                     2.3653640777447161e-05
11                                    -1.1149125396262179e-04
12                                     3.6995358723355314e-04
13                                    -3.3094989541960530e-06
14                                    -1.7127397878301221e-04
15                                    -3.1263914830103288e-04
16                                     5.2057986057363337e-04
17                                     4.9839667970601707e-04
18                                    -5.6202887135913329e-05
19                                    -4.1310769457776077e-04
20                                    -2.1253674682982816e-04
21                                     1.1522566543113125e-05
22                                    -3.6131803938938001e-05
23                                    -2.6487008853774870e-05
24                                     1.8828645272092950e-06
25                                     5.7196168432599708e-05
26                                     1.8149791367654097e-05
27                                     5.9071499867472234e-05
28                                    -1.9741919271094345e-05
29                                    -3.4814617102460043e-05
30                                    -8.5952777639479103e-05
31                                     2.4645557094079423e-05
32                                     1.2157238060066071e-05
33                                    -7.2559297475334114e-05
34                                    -1.4813874054061659e-04
35                                     8.4671255642073621e-05
36                                    -3.9471883780546613e-04
37                                    -5.7998162859639393e-04
38                                    -7.6487631643805745e-04
39                                     3.0366618144085644e-04
40                                     1.1641234123158511e-03
41                                    -5.6699244179242436e-04
42                                     1.0247951889925163e-04
43                                    -5.4331757610926769e-04
44                                     1.4113053790681136e-03
45                                     2.3579257162127665e-05
46                                     8.5264744240087786e-06
47                                     2.0237837226785502e-05
48                                     9.5972281855677410e-06
49                                     1.1828736175247163e-04
50                                    -4.7113732143288806e-05
51                                    -2.5958977732840408e-05
52                                     2.0246432942427374e-06
53                                    -4.2552387466043146e-05
54                                    -9.2946650527328187e-05
55                                     2.5032679291662335e-05
56                                     7.4228208177722424e-05
57                                    -5.4036509131439572e-05
58                                    -5.9023762743470225e-05
59                                    -1.3428916436819451e-06
60                                    -8.8417269619267373e-06
61                                     6.3276373361613458e-05
62                                     2.9292350260168298e-05
63                                     5.3677443179230965e-06
64                                    -1.3682232057842230e-05
65                                     7.5595249774925485e-07
66                                     3.0755193926916558e-05
67                                    -9.7748694861642116e-05
68                                    -9.7185021133485219e-05
69                                     1.5445459405342109e-05
70                                    -9.3692651152816817e-06
71                                    -1.2950064358988045e-05
72                                     2.7793882414838596e-05
73                                     1.9456381000891804e-05
74                                    -4.7844005884358767e-06
75                                     9.5259669619985644e-06
76                                     3.5788359509452729e-05
77                                     5.9543869776381569e-06
78                                    -3.3619195711607000e-05
79                                     1.3656072808157851e-05
80                                     1.8920321390560393e-05
   &Method [&Type "String"] "SCF"
   &Level [&Type "String"] "Relaxed density"
   &Mult [&Type "Integer"] 1
   &State [&Type "Integer"] 0
   &Irrep [&Type "Integer"] 0
$End
$Geometry
   &GeometryIndex 2
   &NAtoms [&Type "Integer"] 27
   &NCorelessECP [&Type "Integer"] 0
   &NGhostAtoms [&Type "Integer"] 0
   &CartesianCoordinates [&Type "Coordinates", &Dim(27,4), &Units "Bohr"] 
              N      4.045418887308   -2.276430775254    0.779496293349
              C      4.820298616661   -0.015643141242   -0.768860594330
              C      2.631596915296    1.004822487606   -2.391056514844
              C      0.241549548331    1.530115325899   -0.947597696957
              C     -0.311314978088    3.660984368330    0.466603085732
              N     -2.673800145894    3.433136552506    1.539488522626
              C     -3.727506150628    1.154722935935    0.848798864117
              C     -6.081931040240    0.098714369209    1.442195130663
              C     -6.645190171554   -2.266379587377    0.426498274014
              C     -4.906706981600   -3.547465795312   -1.147228865979
              C     -2.566005448982   -2.495212123436   -1.734740325700
              C     -1.930852426202   -0.108072404289   -0.730266967869
              C      5.958038899024    1.935119518613    1.138837675787
              O      6.589044282134    4.043014014279    0.255250773296
              O      6.202420646095    1.148973429472    3.397483416462
              H      4.673541771758   -3.964010948298    0.064011782509
              H      2.113440254834   -2.369658002071    1.005283081794
              H      4.865000350957   -1.882338771339    2.553299675061
              H      6.367545115552   -0.634951064294   -2.007284753526
              H      3.344905406414    2.733090464711   -3.294096619193
              H      2.245348559043   -0.354266225831   -3.917422362569
              H      0.808274840619    5.352680190520    0.780649297117
              H     -3.515092767582    4.763030329689    2.636599146081
              H     -7.424003106453    1.095938342229    2.649850919826
              H     -8.463481755354   -3.142397379988    0.850596212719
              H     -5.415128722262   -5.392839175098   -1.916003651741
              H     -1.245410285806   -3.504676991863   -2.958727974799
$End
$SCF_Energy
   &GeometryIndex 2
   &Method [&Type "String"] "SCF"
   &totalEnergy [&Type "ArrayOfDoubles", &Dim (1,1)] "Total energy of each state"
                                                         0

0                                     -6.8668244811738657e+02
   &Mult [&Type "ArrayOfIntegers", &Dim (1,1)] "Multiplicity of each state"
                                                         0

0                                                        1
$End
$DFT_Energy
   &GeometryIndex 2
   &nAlphaEl [&Type "Integer"] 54
   &nBetaEl [&Type "Integer"] 54
   &nTotalEl [&Type "Integer"] 108
   &finalEn [&Type "Double"]      -6.8668244811738657e+02  "No Van der Waals correction"
   &eExchange [&Type "Double"]      -9.1328348927886438e+01
   &eCorr [&Type "Double"]      -3.9718416332103699e+00
   &eXC [&Type "Double"]      -9.5300190561096812e+01
   &eCNL [&Type "Double"]       0.0000000000000000e+00
$End
$Solvation_Details
   &GeometryIndex 2
   &Solvent [&Type "String"] "CONDUCTOR"
   &Epsilon [&Type "Double"]      -1.0000000000000000e+00
   &Refrac [&Type "Double"]       1.3300000000000001e+00
   &RSolv [&Type "Double"]       1.3000000000000000e+00
   &SurfaceType [&Type "String"] "GAUSSIAN VDW"
   &CPCMDielEnergy [&Type "Double"]      -7.0905722000000004e-02
   &NPoints [&Type "Integer"] 1660
   &SurfaceArea [&Type "Double"]       8.4701719728299997e+02
$End
$SCF_Timings
   &GeometryIndex 2
   &TOTAL [&Type "Double"]       6.7494459999999998e+00
   &PREP [&Type "Double"]       3.9606199999999997e-01
   &FOCK [&Type "Double"]       5.6526919999999992e+00
   &DENS [&Type "Double"]       4.1919000000000040e-02
   &ETOT [&Type "Double"]       2.7973999999999721e-02
   &TRAFO [&Type "Double"]       4.9788999999999639e-02
   &DIIS [&Type "Double"]       5.4953999999999947e-02
   &SOSCF [&Type "Double"]       3.0876399999999937e-01
   &XC [&Type "Double"]       2.4941340000000021e+00
   &FOCKSTART [&Type "Double"]       7.6780000000001847e-03
   &SOLV [&Type "Double"]       1.8452679999999988e+00
   &SOLV_INIT [&Type "Double"]       4.5563999999999993e-02
   &INT_PREP [&Type "Double"]       1.9999999993913775e-06
   &INT_BF [&Type "Double"]       6.8131199999997694e-01
   &INT_DENS [&Type "Double"]       9.2187200000001235e-01
   &INT_DENSIO [&Type "Double"]       1.6005015534000024e+04
   &INT_FUNC [&Type "Double"]       4.8238000000026759e-02
   &INT_POT [&Type "Double"]       6.9503200000000842e-01
   &INT_POTIO [&Type "Double"]       7.5360000000025407e-03
   &INT_SUM [&Type "Double"]       8.2999999999944230e-05
   &SPLITRIJ [&Type "Double"]       1.8109789999999995e+00
$End
$Single_Point_Data
   &GeometryIndex 2
   &FinalEnergy [&Type "Double"]      -6.8668244811738657e+02  "Final single point energy"
   &Converged [&Type "Boolean"] true
$End
$SCF_Nuc_Gradient
   &GeometryIndex 2
   &NAtoms [&Type "Integer"] 27
   &gradNorm [&Type "Double"]       1.0798875196282147e-03
   &grad [&Type "ArrayOfDoubles", &Dim (81,1)] 
                                                         0

0                                      7.0691014533762545e-06
1                                     -2.9606447947620046e-04
2                                      1.7483382154580372e-04
3                                      2.5298009315701843e-04
4                                      1.6503740068689494e-04
5                                     -1.5359633285020290e-04
6                                      3.8829850499189945e-05
7                                      4.9877796823478981e-05
8                                      3.4449153506000210e-05
9                                     -5.3485914818655758e-05
10                                     2.9886093514544759e-05
11                                    -4.0381149189373886e-05
12                                     1.3188601966434123e-04
13                                    -6.2226132481525611e-05
14                                    -7.2997391357937992e-05
15                                    -8.0100476148649638e-05
16                                     1.6552207611368434e-04
17                                     1.7124764418898278e-04
18                                     4.3005457644974907e-05
19                                    -1.8439425753553570e-04
20                                    -1.0240756760436422e-04
21                                     6.6051185283965384e-06
22                                     2.3281195907663352e-06
23                                    -9.1486756885411982e-06
24                                     1.1643790537919398e-06
25                                     2.3779250219541082e-05
26                                     6.1327542272432162e-06
27                                     2.5736456868123139e-05
28                                    -4.9743409396910132e-06
29                                    -1.7642466369317301e-05
30                                    -2.2389547372783647e-05
31                                     2.8912713240094451e-05
32                                     2.3018999527264425e-05
33                                    -5.8443451120029390e-05
34                                    -2.8714749262043898e-05
35                                     4.1578821240689833e-05
36                                    -6.5491739449488953e-04
37                                     5.0685883522041952e-06
38                                    -1.9753095536130267e-04
39                                     2.4210708976620237e-04
40                                     1.5596810974177061e-04
41                                    -1.0555724844847972e-04
42                                     2.2314424250999883e-04
43                                    -1.6336255095321904e-04
44                                     3.3517484539705329e-04
45                                     2.7123957755545436e-05
46                                     2.3683354170432602e-05
47                                    -1.0073309302503081e-05
48                                    -2.7656164293978630e-05
49                                     1.0157392076211910e-04
50                                    -6.1209949807021231e-05
51                                    -2.4540490531857299e-05
52                                     4.3156599422635583e-05
53                                    -2.5994713617596976e-05
54                                    -3.6569274166416317e-05
55                                    -5.8132667871937244e-05
56                                     1.3165275548948120e-05
57                                    -1.3157873152367815e-05
58                                    -6.6343991861504345e-06
59                                    -3.1570320260044041e-06
60                                    -1.1271009137977031e-05
61                                     7.8810368416698529e-06
62                                     1.3791964937800646e-05
63                                     1.6007011002382339e-06
64                                    -2.3433171722668858e-06
65                                     2.0741136469109136e-06
66                                    -2.3198604999637509e-05
67                                     8.4011992751431563e-08
68                                    -2.0602053553571073e-05
69                                     1.8321885311865446e-06
70                                     8.6440241151529429e-07
71                                    -3.0843365433578379e-06
72                                    -5.7402286281118403e-07
73                                     2.9264824397503587e-06
74                                     1.9676433638910959e-06
75                                     1.9358373957350031e-06
76                                     3.1849708782803743e-06
77                                    -3.0508162706475300e-06
78                                     1.2837265666778425e-06
79                                    -2.8880339541107261e-06
80                                     8.9989627897312657e-06
   &Method [&Type "String"] "SCF"
   &Level [&Type "String"] "Relaxed density"
   &Mult [&Type "Integer"] 1
   &State [&Type "Integer"] 0
   &Irrep [&Type "Integer"] 0
$End
$Geometry
   &GeometryIndex 3
   &NAtoms [&Type "Integer"] 27
   &NCorelessECP [&Type "Integer"] 0
   &NGhostAtoms [&Type "Integer"] 0
   &CartesianCoordinates [&Type "Coordinates", &Dim(27,4), &Units "Bohr"] 
              N      4.053239858270   -2.284410241458    0.766419939025
              C      4.821722670960   -0.017071369620   -0.769273151110
              C      2.632674822636    1.004549426592   -2.389490543597
              C      0.243418715522    1.531003366209   -0.945681665447
              C     -0.311931143931    3.664735345179    0.463060186598
              N     -2.674317700842    3.438276956956    1.532735820620
              C     -3.727476686234    1.159902003958    0.847036659440
              C     -6.082146801047    0.104460336471    1.441330150148
              C     -6.643801646583   -2.263505588130    0.430635723437
              C     -4.903726393858   -3.547597857671   -1.138997460624
              C     -2.562701064295   -2.495898660089   -1.727709952532
              C     -1.929409696655   -0.105839951264   -0.728565936209
              C      5.955650605538    1.928130103229    1.145802767387
              O      6.562705738085    4.045686461413    0.276967280370
              O      6.169671125036    1.146823962362    3.405067260107
              H      4.683913518574   -3.966911834586    0.041141115608
              H      2.121940410616   -2.384953644569    0.995400409255
              H      4.874954980451   -1.898456724086    2.541430910608
              H      6.371474198471   -0.627162805485   -2.010351019159
              H      3.346913885540    2.733378329663   -3.291640976776
              H      2.245784277765   -0.354288141883   -3.916432146603
              H      0.806278582954    5.357898703008    0.774405988379
              H     -3.516104171691    4.770389585497    2.627878277131
              H     -7.425414814419    1.103930843416    2.646006271684
              H     -8.462121753899   -3.139472913090    0.855601146216
              H     -5.410809323889   -5.395477564953   -1.903179423588
              H     -1.240382079692   -3.508118183762   -2.947941806720
$End
$SCF_Energy
   &GeometryIndex 3
   &Method [&Type "String"] "SCF"
   &totalEnergy [&Type "ArrayOfDoubles", &Dim (1,1)] "Total energy of each state"
                                                         0

0                                     -6.8668240895023223e+02
   &Mult [&Type "ArrayOfIntegers", &Dim (1,1)] "Multiplicity of each state"
                                                         0

0                                                        1
$End
$DFT_Energy
   &GeometryIndex 3
   &nAlphaEl [&Type "Integer"] 54
   &nBetaEl [&Type "Integer"] 54
   &nTotalEl [&Type "Integer"] 108
   &finalEn [&Type "Double"]      -6.8668240895023223e+02  "No Van der Waals correction"
   &eExchange [&Type "Double"]      -9.1331762383290837e+01
   &eCorr [&Type "Double"]      -3.9721305930996240e+00
   &eXC [&Type "Double"]      -9.5303892976390458e+01
   &eCNL [&Type "Double"]       0.0000000000000000e+00
$End
$Solvation_Details
   &GeometryIndex 3
   &Solvent [&Type "String"] "CONDUCTOR"
   &Epsilon [&Type "Double"]      -1.0000000000000000e+00
   &Refrac [&Type "Double"]       1.3300000000000001e+00
   &RSolv [&Type "Double"]       1.3000000000000000e+00
   &SurfaceType [&Type "String"] "GAUSSIAN VDW"
   &CPCMDielEnergy [&Type "Double"]      -7.0920440000000001e-02
   &NPoints [&Type "Integer"] 1659
   &SurfaceArea [&Type "Double"]       8.4673410033899995e+02
$End
$SCF_Timings
   &GeometryIndex 3
   &TOTAL [&Type "Double"]       8.0730089999999990e+00
   &PREP [&Type "Double"]       3.9041100000000001e-01
   &FOCK [&Type "Double"]       6.8160619999999987e+00
   &DENS [&Type "Double"]       4.9997999999998655e-02
   &ETOT [&Type "Double"]       3.2950000000000923e-02
   &POP [&Type "Double"]       9.9999999925159955e-07
   &TRAFO [&Type "Double"]       9.9586000000000174e-02
   &DIIS [&Type "Double"]       2.1466500000000011e-01
   &SOSCF [&Type "Double"]       3.0300499999999975e-01
   &XC [&Type "Double"]       2.9262440000000001e+00
   &FOCKSTART [&Type "Double"]       9.1099999999998960e-03
   &SOLV [&Type "Double"]       2.1873240000000020e+00
   &SOLV_INIT [&Type "Double"]       4.4984999999999997e-02
   &INT_PREP [&Type "Double"]       4.0000000005591119e-06
   &INT_BF [&Type "Double"]       8.2731500000004266e-01
   &INT_DENS [&Type "Double"]       1.0949229999999806e+00
   &INT_DENSIO [&Type "Double"]       2.2613596243000022e+04
   &INT_FUNC [&Type "Double"]       5.6728999999980712e-02
   &INT_POT [&Type "Double"]       7.9931799999997410e-01
   &INT_POTIO [&Type "Double"]       8.6360000000217374e-03
   &INT_SUM [&Type "Double"]       1.1000000000083165e-04
   &SPLITRIJ [&Type "Double"]       2.1743620000000008e+00
$End
$Single_Point_Data
   &GeometryIndex 3
   &FinalEnergy [&Type "Double"]      -6.8668240895023223e+02  "Final single point energy"
   &Converged [&Type "Boolean"] true
$End
$SCF_Nuc_Gradient
   &GeometryIndex 3
   &NAtoms [&Type "Integer"] 27
   &gradNorm [&Type "Double"]       5.2877975812450776e-03
   &grad [&Type "ArrayOfDoubles", &Dim (81,1)] 
                                                         0

0                                     -9.7868360334924312e-05
1                                      3.7453684767999387e-04
2                                     -3.4953822200936872e-04
3                                     -1.1631839736819874e-03
4                                      3.1041042452323482e-04
5                                      7.8966423306405485e-04
6                                     -7.4040975385965182e-05
7                                     -2.4139118129743418e-04
8                                      9.6271397454682217e-05
9                                     -9.8255973648389994e-06
10                                     9.7525852663825829e-06
11                                     1.6351218837031955e-04
12                                    -4.1548960969705999e-04
13                                    -1.5914799157597422e-04
14                                     1.2477633958089801e-04
15                                     4.3529795890607636e-04
16                                    -6.3598558248335532e-04
17                                    -5.3026243932947047e-04
18                                     2.4292740029119124e-04
19                                     3.8013523370835191e-04
20                                     1.5721726957635546e-04
21                                    -1.2523409497511816e-05
22                                     7.9390637602552716e-05
23                                     3.6603762796971057e-05
24                                    -3.2246472362238397e-06
25                                    -6.3502380725032233e-05
26                                    -2.1852980367701997e-05
27                                    -5.7871822433642377e-05
28                                     1.8992403062773923e-05
29                                     2.4529419223993324e-05
30                                     1.0094870204228022e-04
31                                     2.3969968234214580e-05
32                                     6.8835808120989994e-06
33                                    -4.8591016977134714e-06
34                                     2.5097532644906143e-04
35                                    -6.3504678055131825e-05
36                                     3.4819686555539898e-03
37                                    -4.8726866099410918e-04
38                                     8.8635465435473251e-05
39                                    -1.5264351333954523e-03
40                                    -1.3802555002165387e-03
41                                     1.1614883135300236e-03
42                                    -1.2301614817396235e-03
43                                     1.2553693796301078e-03
44                                    -1.6671884563850010e-03
45                                     5.1194948487527300e-05
46                                     5.7712208262079151e-05
47                                    -1.3661862259961230e-05
48                                    -1.0776266598170464e-04
49                                     6.3360006212929629e-06
50                                    -8.1522711542979590e-05
51                                     3.0118897718377658e-04
52                                     3.4178887116804654e-05
53                                    -1.5813299155694946e-05
54                                     2.1024377005122996e-04
55                                     1.9646213170534943e-07
56                                     6.5226581435054443e-05
57                                     7.2338945772069735e-05
58                                     1.2075232574569757e-04
59                                    -1.4309608278021378e-05
60                                    -3.8595923434269581e-05
61                                    -7.1783684970379638e-05
62                                    -7.5165938487623853e-05
63                                    -3.7120094936748428e-06
64                                     3.0587790740836847e-05
65                                    -3.3684916920920021e-06
66                                    -1.2113183291038217e-04
67                                     1.8868874080461145e-04
68                                     1.3096505300115233e-04
69                                    -2.8391443444924884e-05
70                                     2.3874653498644205e-05
71                                     1.9358949121027133e-05
72                                    -5.5383840942848338e-05
73                                    -2.9018384042830535e-05
74                                     1.1581982815429392e-05
75                                    -1.2867519483598456e-05
76                                    -6.2873639576574609e-05
77                                    -1.8639594201304028e-05
78                                     6.7219990251523448e-05
79                                    -3.4632869285520888e-05
80                                    -2.1886253279890591e-05
   &Method [&Type "String"] "SCF"
   &Level [&Type "String"] "Relaxed density"
   &Mult [&Type "Integer"] 1
   &State [&Type "Integer"] 0
   &Irrep [&Type "Integer"] 0
$End
$Geometry
   &GeometryIndex 4
   &NAtoms [&Type "Integer"] 27
   &NCorelessECP [&Type "Integer"] 0
   &NGhostAtoms [&Type "Integer"] 0
   &CartesianCoordinates [&Type "Coordinates", &Dim(27,4), &Units "Bohr"] 
              N      4.050144873925   -2.276827881227    0.780071730484
              C      4.821268940137   -0.015817837682   -0.768494903389
              C      2.631141980626    1.002999263269   -2.389790765987
              C      0.241535573373    1.528588711654   -0.945799546765
              C     -0.311594204848    3.659977125314    0.467629592213
              N     -2.674188481143    3.432628148259    1.539527662799
              C     -3.728638133013    1.155022388759    0.848734791368
              C     -6.083560915647    0.099650287484    1.441520156925
              C     -6.647370802787   -2.265154419393    0.425289080007
              C     -4.909055882051   -3.546521788632   -1.148381459032
              C     -2.567722318933   -2.495111434785   -1.735206324842
              C     -1.931802319943   -0.108434382003   -0.729913976896
              C      5.959616283473    1.936191505311    1.137929306326
              O      6.585184321668    4.045158552285    0.254332622960
              O      6.202888963716    1.151943631128    3.396537808390
              H      4.678054588924   -3.963898329633    0.063097867717
              H      2.118789064061   -2.372328742654    1.009718794227
              H      4.872472341399   -1.883155300083    2.552801035965
              H      6.368247544460   -0.633446515909   -2.008307775433
              H      3.343687828188    2.731115419974   -3.293818456796
              H      2.244823841731   -0.356929378816   -3.915466335087
              H      0.808165088633    5.351522831906    0.781890740398
              H     -3.514959822048    4.762584707962    2.637017683260
              H     -7.425625380449    1.097147851012    2.648977464813
              H     -8.466100396998   -3.140607563584    0.848713631358
              H     -5.418075151446   -5.391541999455   -1.917655205101
              H     -1.247327311623   -3.504754907153   -2.959299396237
$End
$SCF_Energy
   &GeometryIndex 4
   &Method [&Type "String"] "SCF"
   &totalEnergy [&Type "ArrayOfDoubles", &Dim (1,1)] "Total energy of each state"
                                                         0

0                                     -6.8668244885018328e+02
   &Mult [&Type "ArrayOfIntegers", &Dim (1,1)] "Multiplicity of each state"
                                                         0

0                                                        1
$End
$DFT_Energy
   &GeometryIndex 4
   &nAlphaEl [&Type "Integer"] 54
   &nBetaEl [&Type "Integer"] 54
   &nTotalEl [&Type "Integer"] 108
   &finalEn [&Type "Double"]      -6.8668244885018328e+02  "No Van der Waals correction"
   &eExchange [&Type "Double"]      -9.1328901162171093e+01
   &eCorr [&Type "Double"]      -3.9718681468021515e+00
   &eXC [&Type "Double"]      -9.5300769308973244e+01
   &eCNL [&Type "Double"]       0.0000000000000000e+00
$End
$Solvation_Details
   &GeometryIndex 4
   &Solvent [&Type "String"] "CONDUCTOR"
   &Epsilon [&Type "Double"]      -1.0000000000000000e+00
   &Refrac [&Type "Double"]       1.3300000000000001e+00
   &RSolv [&Type "Double"]       1.3000000000000000e+00
   &SurfaceType [&Type "String"] "GAUSSIAN VDW"
   &CPCMDielEnergy [&Type "Double"]      -7.0921074000000001e-02
   &NPoints [&Type "Integer"] 1659
   &SurfaceArea [&Type "Double"]       8.4708606169999996e+02
$End
$SCF_Timings
   &GeometryIndex 4
   &TOTAL [&Type "Double"]       8.7398439999999997e+00
   &PREP [&Type "Double"]       3.9558500000000008e-01
   &FOCK [&Type "Double"]       7.4307789999999994e+00
   &DENS [&Type "Double"]       5.6017999999998125e-02
   &ETOT [&Type "Double"]       3.4837000000002671e-02
   &TRAFO [&Type "Double"]       9.5842000000000427e-02
   &DIIS [&Type "Double"]       2.2312800000000022e-01
   &SOSCF [&Type "Double"]       3.3452900000000030e-01
   &XC [&Type "Double"]       3.1490460000000016e+00
   &FOCKSTART [&Type "Double"]       9.0989999999995796e-03
   &SOLV [&Type "Double"]       2.3006040000000003e+00
   &SOLV_INIT [&Type "Double"]       4.5539000000000052e-02
   &INT_PREP [&Type "Double"]       1.0000000001397780e-06
   &INT_BF [&Type "Double"]       8.8295100000000948e-01
   &INT_DENS [&Type "Double"]       1.1227249999999749e+00
   &INT_DENSIO [&Type "Double"]       2.4067562587000029e+04
   &INT_FUNC [&Type "Double"]       6.1552999999968883e-02
   &INT_POT [&Type "Double"]       7.7203800000001033e-01
   &INT_POTIO [&Type "Double"]       9.3159999999932186e-03
   &INT_SUM [&Type "Double"]       1.1099999999897303e-04
   &SPLITRIJ [&Type "Double"]       2.4585919999999986e+00
$End
$Single_Point_Data
   &GeometryIndex 4
   &FinalEnergy [&Type "Double"]      -6.8668244885018328e+02  "Final single point energy"
   &Converged [&Type "Boolean"] true
$End
$SCF_Nuc_Gradient
   &GeometryIndex 4
   &NAtoms [&Type "Integer"] 27
   &gradNorm [&Type "Double"]       2.6376615823034514e-04
   &grad [&Type "ArrayOfDoubles", &Dim (81,1)] 
                                                         0

0                                     -2.2880515550234744e-05
1                                     -1.2621378897159641e-04
2                                      5.7628465805979615e-05
3                                      3.5028392840997895e-05
4                                      9.1187509407375175e-05
5                                      1.2747178522013597e-05
6                                      6.5884673616067434e-06
7                                      2.0997206554195652e-05
8                                      2.1267422010851772e-05
9                                     -3.7778196553125368e-06
10                                     1.1587288818306479e-05
11                                     2.8654605605856615e-05
12                                    -1.6659127359964186e-05
13                                    -2.6951660591166288e-05
14                                    -4.4800482210309610e-05
15                                     2.7585202457128428e-05
16                                    -7.8688610271743231e-06
17                                     3.9868131597259326e-05
18                                     3.9979271064599468e-05
19                                    -1.6054427927622529e-05
20                                    -2.6549513854160021e-05
21                                    -1.5621387709861129e-07
22                                     1.0575012616097050e-05
23                                     7.0344029453831697e-06
24                                    -2.2396562957037805e-06
25                                    -5.0532516437076964e-06
26                                    -7.0553775382024755e-07
27                                    -2.3069419752641627e-06
28                                    -7.0155302141884993e-06
29                                    -2.5475546805982067e-06
30                                    -1.9592801503478738e-05
31                                     5.4515905435360140e-06
32                                    -2.2490548717244395e-05
33                                    -2.5552225020801338e-05
34                                     2.7167615612183008e-05
35                                     1.0537544081042505e-05
36                                    -3.6546152293344750e-05
37                                    -8.1193326311006231e-06
38                                    -4.9042387403876349e-05
39                                    -9.9744085456220793e-06
40                                    -8.7205686914684777e-05
41                                     6.8212664703793530e-05
42                                     8.2287499779711004e-06
43                                     4.6409441678389035e-05
44                                    -5.2262027676150402e-05
45                                     2.1855441261087877e-05
46                                     1.8873422461526679e-05
47                                    -9.4312625966447988e-06
48                                     3.2308316569411299e-06
49                                     4.2013874577232282e-05
50                                    -2.2894779637883198e-05
51                                     2.2717327476214771e-05
52                                     3.0515058063930456e-05
53                                     4.8796942419722378e-06
54                                     4.1159866743835372e-06
55                                    -2.9297137438408921e-05
56                                     6.1517379625290053e-06
57                                    -6.2351589704208628e-06
58                                     7.3792668094318191e-06
59                                     2.5779767935882065e-06
60                                    -3.0644214520831898e-06
61                                    -6.1632281800477751e-06
62                                    -6.5060867457840399e-06
63                                    -5.0410448386634978e-07
64                                     2.9746180919901222e-06
65                                    -1.5911315350650179e-06
66                                    -1.8901216473210872e-05
67                                     6.0252658355824940e-06
68                                    -1.1098754791907112e-05
69                                    -1.6536218076027009e-06
70                                     3.1188918551690141e-06
71                                    -1.9987020519716958e-07
72                                    -3.3543230014724743e-06
73                                     1.0199252445165265e-06
74                                    -2.0323585570310816e-06
75                                     1.1147106667519849e-06
76                                    -2.3812104188959335e-06
77                                    -2.0339488291049382e-06
78                                     2.9543251575149532e-06
79                                    -2.9718720891361988e-06
80                                    -5.3735779765515246e-06
   &Method [&Type "String"] "SCF"
   &Level [&Type "String"] "Relaxed density"
   &Mult [&Type "Integer"] 1
   &State [&Type "Integer"] 0
   &Irrep [&Type "Integer"] 0
$End
$Geometry
   &GeometryIndex 5
   &NAtoms [&Type "Integer"] 27
   &NCorelessECP [&Type "Integer"] 0
   &NGhostAtoms [&Type "Integer"] 0
   &CartesianCoordinates [&Type "Coordinates", &Dim(27,4), &Units "Bohr"] 
              N      4.048517293288   -2.278017755106    0.777267959399
              C      4.820643745461   -0.015810845059   -0.768881147511
              C      2.631275073874    1.004375832484   -2.390196129409
              C      0.241606966913    1.529961404372   -0.946341701433
              C     -0.311859682709    3.661495639217    0.466831235294
              N     -2.674853137381    3.434304968549    1.537947581222
              C     -3.728643640210    1.156088232734    0.848093037807
              C     -6.083339827055    0.100296473267    1.441011788892
              C     -6.646029953306   -2.265421576721    0.426323593349
              C     -4.906762395966   -3.547403429682   -1.145777148032
              C     -2.565623436586   -2.495645517965   -1.732694561021
              C     -1.931003437578   -0.107841633913   -0.729350145307
              C      5.958443206349    1.934565921095    1.139847185537
              O      6.584111507747    4.044509260347    0.258310327219
              O      6.200892506116    1.148038801953    3.397851227663
              H      4.676327752211   -3.964616941218    0.059061204007
              H      2.117062467974   -2.373651881735    1.006196991525
              H      4.870093656676   -1.886291080982    2.550727207403
              H      6.368074946790   -0.632338001771   -2.008631404021
              H      3.344484924017    2.732633541338   -3.293405100175
              H      2.244853803858   -0.354832158128   -3.916445231655
              H      0.807611043032    5.353272272245    0.780842627230
              H     -3.515892721579    4.764395004862    2.635038972150
              H     -7.426028254139    1.098103827372    2.647503679103
              H     -8.464534806147   -3.141239452366    0.849921249175
              H     -5.414901095392   -5.393191000859   -1.913770127380
              H     -1.244526392873   -3.505739961022   -2.955627347383
$End
$SCF_Mulliken_Population_Analysis
   &GeometryIndex 5
   &NAtoms [&Type "Integer"] 27
   &ATNO [&Type "ArrayOfIntegers", &Dim (27,1)] 
                                                         0

0                                                        7
1                                                        6
2                                                        6
3                                                        6
4                                                        6
5                                                        7
6                                                        6
7                                                        6
8                                                        6
9                                                        6
10                                                       6
11                                                       6
12                                                       6
13                                                       8
14                                                       8
15                                                       1
16                                                       1
17                                                       1
18                                                       1
19                                                       1
20                                                       1
21                                                       1
22                                                       1
23                                                       1
24                                                       1
25                                                       1
26                                                       1
   &AtomicCharges [&Type "ArrayOfDoubles", &Dim (27,1)] 
                                                         0

0                                     -2.3683666366783562e-01
1                                     -7.6097870089809838e-02
2                                     -1.9360106398607613e-01
3                                     -7.6592587321602679e-02
4                                     -9.3337177402954552e-02
5                                     -1.9387290929114176e-01
6                                      1.3587656885484645e-01
7                                     -2.4616049481650837e-01
8                                     -1.5514739558939450e-01
9                                     -1.5312530256848333e-01
10                                    -2.5805370072818778e-01
11                                    -2.5390796915672809e-02
12                                     2.3844377407606476e-01
13                                    -5.1479824175104483e-01
14                                    -5.3059368614633051e-01
15                                     3.2670560593794107e-01
16                                     3.1172407573104399e-01
17                                     2.9197623711899134e-01
18                                     1.5738286101888166e-01
19                                     1.2747458423641289e-01
20                                     1.5060001027062875e-01
21                                     1.6708494389068518e-01
22                                     2.7463704428082913e-01
23                                     1.4380353696933512e-01
24                                     1.4470588525799921e-01
25                                     1.4143780708744869e-01
26                                     1.4175495554422834e-01
   &Method [&Type "String"] "SCF"
   &Level [&Type "String"] "Relaxed density"
   &Mult [&Type "Integer"] 1
   &State [&Type "Integer"] -1
   &Irrep [&Type "Integer"] 0
$End
$SCF_Loewdin_Population_Analysis
   &GeometryIndex 5
   &NAtoms [&Type "Integer"] 27
   &ATNO [&Type "ArrayOfIntegers", &Dim (27,1)] 
                                                         0

0                                                        7
1                                                        6
2                                                        6
3                                                        6
4                                                        6
5                                                        7
6                                                        6
7                                                        6
8                                                        6
9                                                        6
10                                                       6
11                                                       6
12                                                       6
13                                                       8
14                                                       8
15                                                       1
16                                                       1
17                                                       1
18                                                       1
19                                                       1
20                                                       1
21                                                       1
22                                                       1
23                                                       1
24                                                       1
25                                                       1
26                                                       1
   &AtomicCharges [&Type "ArrayOfDoubles", &Dim (27,1)] 
                                                         0

0                                      1.8439310652985696e-01
1                                     -2.3306061416319057e-01
2                                     -2.0649372169380165e-01
3                                     -1.7267324508459048e-01
4                                     -1.6783217819731711e-01
5                                      2.2287047579038788e-01
6                                     -1.6930131178238828e-01
7                                     -1.3585127220146997e-01
8                                     -1.6856712395832041e-01
9                                     -1.7457946380177880e-01
10                                    -1.3416005119222518e-01
11                                    -1.1843339725863622e-01
12                                    -6.5257263996917736e-01
13                                    -7.9513797019814092e-02
14                                    -9.8567218931712830e-02
15                                     2.1884248202142453e-01
16                                     2.1337396378815432e-01
17                                     2.0743923077596138e-01
18                                     1.7164174152678724e-01
19                                     1.6281330363090918e-01
20                                     1.5945106418634691e-01
21                                     1.4831877617880662e-01
22                                     2.1284616879146045e-01
23                                     1.5529688113122420e-01
24                                     1.5064922197276120e-01
25                                     1.4979474494018785e-01
26                                     1.5387487399048649e-01
   &Method [&Type "String"] "SCF"
   &Level [&Type "String"] "Relaxed density"
   &Mult [&Type "Integer"] 1
   &State [&Type "Integer"] -1
   &Irrep [&Type "Integer"] 0
$End
$SCF_Mayer_Population_Analysis
   &GeometryIndex 5
   &NAtoms [&Type "Integer"] 27 "Total number of atoms"
   &NBondOrdersPrint [&Type "Integer"] 29 "The number of bond orders larger than threshold"
   &bondThresh [&Type "Double"]       1.0000000000000001e-01  "The threshold for printing"
   &components [&Type "ArrayOfIntegers", &Dim (29,4)] "The indices and atomic numbers of the bonding atoms"
                                                         0                           1                           2                           3

0                                                        0                           7                           1                           6
1                                                        0                           7                          15                           1
2                                                        0                           7                          16                           1
3                                                        0                           7                          17                           1
4                                                        1                           6                           2                           6
5                                                        1                           6                          12                           6
6                                                        1                           6                          18                           1
7                                                        2                           6                           3                           6
8                                                        2                           6                          19                           1
9                                                        2                           6                          20                           1
10                                                       3                           6                           4                           6
11                                                       3                           6                          11                           6
12                                                       4                           6                           5                           7
13                                                       4                           6                          21                           1
14                                                       5                           7                           6                           6
15                                                       5                           7                          22                           1
16                                                       6                           6                           7                           6
17                                                       6                           6                          11                           6
18                                                       7                           6                           8                           6
19                                                       7                           6                          23                           1
20                                                       8                           6                           9                           6
21                                                       8                           6                          24                           1
22                                                       9                           6                          10                           6
23                                                       9                           6                          25                           1
24                                                      10                           6                          11                           6
25                                                      10                           6                          26                           1
26                                                      12                           6                          13                           8
27                                                      12                           6                          14                           8
28                                                      14                           8                          17                           1
   &BondOrders [&Type "ArrayOfDoubles", &Dim (29,1)] "The bond orders"
                                                         0

0                                      9.0960426793432203e-01
1                                      8.7047186120417575e-01
2                                      8.6905124172813342e-01
3                                      7.9976005075859302e-01
4                                      9.5453737302197805e-01
5                                      9.1035906061662375e-01
6                                      9.3057556674552711e-01
7                                      9.5008156723792814e-01
8                                      9.4515600445130055e-01
9                                      9.5463704747699663e-01
10                                     1.5439311157619136e+00
11                                     1.1802867642514272e+00
12                                     1.1975335650235734e+00
13                                     9.4975705781513420e-01
14                                     1.1802233278197616e+00
15                                     8.8880256933242385e-01
16                                     1.2678571364962181e+00
17                                     1.2584234963943892e+00
18                                     1.4302824079102385e+00
19                                     9.9134257071340037e-01
20                                     1.3111773624411647e+00
21                                     9.7064217518966012e-01
22                                     1.4666043803701880e+00
23                                     9.7309993613880419e-01
24                                     1.2608074538221914e+00
25                                     9.7418926878454615e-01
26                                     1.8413541157150650e+00
27                                     1.6945774644732534e+00
28                                     1.4897030172384282e-01
   &ATNO [&Type "ArrayOfIntegers", &Dim (27,1)] "Atomic number of the elements"
                                                         0

0                                                        7
1                                                        6
2                                                        6
3                                                        6
4                                                        6
5                                                        7
6                                                        6
7                                                        6
8                                                        6
9                                                        6
10                                                       6
11                                                       6
12                                                       6
13                                                       8
14                                                       8
15                                                       1
16                                                       1
17                                                       1
18                                                       1
19                                                       1
20                                                       1
21                                                       1
22                                                       1
23                                                       1
24                                                       1
25                                                       1
26                                                       1
   &NA [&Type "ArrayOfDoubles", &Dim (27,1)] "Mulliken gross atomic population"
                                                         0

0                                      7.2368366636678498e+00
1                                      6.0760978700898001e+00
2                                      6.1936010639860868e+00
3                                      6.0765925873216098e+00
4                                      6.0933371774029572e+00
5                                      7.1938729092911373e+00
6                                      5.8641234311451491e+00
7                                      6.2461604948165066e+00
8                                      6.1551473955893901e+00
9                                      6.1531253025684816e+00
10                                     6.2580537007281904e+00
11                                     6.0253907969156781e+00
12                                     5.7615562259239432e+00
13                                     8.5147982417510413e+00
14                                     8.5305936861463305e+00
15                                     6.7329439406205926e-01
16                                     6.8827592426895567e-01
17                                     7.0802376288100854e-01
18                                     8.4261713898111790e-01
19                                     8.7252541576358700e-01
20                                     8.4939998972937159e-01
21                                     8.3291505610931471e-01
22                                     7.2536295571917098e-01
23                                     8.5619646303066521e-01
24                                     8.5529411474200101e-01
25                                     8.5856219291255120e-01
26                                     8.5824504445577177e-01
   &ZA [&Type "ArrayOfDoubles", &Dim (27,1)] "Total nuclear charge"
                                                         0

0                                      7.0000000000000000e+00
1                                      6.0000000000000000e+00
2                                      6.0000000000000000e+00
3                                      6.0000000000000000e+00
4                                      6.0000000000000000e+00
5                                      7.0000000000000000e+00
6                                      6.0000000000000000e+00
7                                      6.0000000000000000e+00
8                                      6.0000000000000000e+00
9                                      6.0000000000000000e+00
10                                     6.0000000000000000e+00
11                                     6.0000000000000000e+00
12                                     6.0000000000000000e+00
13                                     8.0000000000000000e+00
14                                     8.0000000000000000e+00
15                                     1.0000000000000000e+00
16                                     1.0000000000000000e+00
17                                     1.0000000000000000e+00
18                                     1.0000000000000000e+00
19                                     1.0000000000000000e+00
20                                     1.0000000000000000e+00
21                                     1.0000000000000000e+00
22                                     1.0000000000000000e+00
23                                     1.0000000000000000e+00
24                                     1.0000000000000000e+00
25                                     1.0000000000000000e+00
26                                     1.0000000000000000e+00
   &QA [&Type "ArrayOfDoubles", &Dim (27,1)] "Mulliken gross atomic charge"
                                                         0

0                                     -2.3683666366784983e-01
1                                     -7.6097870089800068e-02
2                                     -1.9360106398608679e-01
3                                     -7.6592587321609784e-02
4                                     -9.3337177402957217e-02
5                                     -1.9387290929113732e-01
6                                      1.3587656885485089e-01
7                                     -2.4616049481650659e-01
8                                     -1.5514739558939006e-01
9                                     -1.5312530256848156e-01
10                                    -2.5805370072819045e-01
11                                    -2.5390796915678138e-02
12                                     2.3844377407605677e-01
13                                    -5.1479824175104127e-01
14                                    -5.3059368614633051e-01
15                                     3.2670560593794074e-01
16                                     3.1172407573104433e-01
17                                     2.9197623711899146e-01
18                                     1.5738286101888210e-01
19                                     1.2747458423641300e-01
20                                     1.5060001027062841e-01
21                                     1.6708494389068529e-01
22                                     2.7463704428082902e-01
23                                     1.4380353696933479e-01
24                                     1.4470588525799899e-01
25                                     1.4143780708744880e-01
26                                     1.4175495554422823e-01
   &VA [&Type "ArrayOfDoubles", &Dim (27,1)] "Mayer's total valence"
                                                         0

0                                      3.4596635915710916e+00
1                                      3.7029152282738291e+00
2                                      3.8596872519890191e+00
3                                      3.7064598537087421e+00
4                                      3.8978512412803004e+00
5                                      3.4100624155458727e+00
6                                      3.8136257460198966e+00
7                                      3.8944882685644444e+00
8                                      3.8302199943231550e+00
9                                      3.8473405107006791e+00
10                                     3.9051496111475537e+00
11                                     3.8132203834513803e+00
12                                     4.4877057389960466e+00
13                                     1.9520469541082752e+00
14                                     1.9047430418915434e+00
15                                     8.9509583989781016e-01
16                                     9.1540462754586416e-01
17                                     9.6708590622266577e-01
18                                     9.7194759784601137e-01
19                                     9.9765456794711593e-01
20                                     9.6201694218520373e-01
21                                     9.8442235863470595e-01
22                                     9.2961205940538005e-01
23                                     9.7385911075226728e-01
24                                     9.6118859457240935e-01
25                                     9.6337588316296185e-01
26                                     9.7796706904751141e-01
   &BVA [&Type "ArrayOfDoubles", &Dim (27,1)] "Mayer's bonded valence"
                                                         0

0                                      3.4596635915709717e+00
1                                      3.7029152282737190e+00
2                                      3.8596872519889569e+00
3                                      3.7064598537087634e+00
4                                      3.8978512412801463e+00
5                                      3.4100624155458483e+00
6                                      3.8136257460199365e+00
7                                      3.8944882685643805e+00
8                                      3.8302199943231741e+00
9                                      3.8473405107007608e+00
10                                     3.9051496111477491e+00
11                                     3.8132203834512728e+00
12                                     4.4877057389960235e+00
13                                     1.9520469541082761e+00
14                                     1.9047430418914639e+00
15                                     8.9509583989781383e-01
16                                     9.1540462754584362e-01
17                                     9.6708590622265511e-01
18                                     9.7194759784600226e-01
19                                     9.9765456794711083e-01
20                                     9.6201694218517042e-01
21                                     9.8442235863465710e-01
22                                     9.2961205940538172e-01
23                                     9.7385911075220022e-01
24                                     9.6118859457236916e-01
25                                     9.6337588316296152e-01
26                                     9.7796706904756736e-01
   &FA [&Type "ArrayOfDoubles", &Dim (27,1)] "Mayer's free valence"
                                                         0

0                                      0.0000000000000000e+00
1                                      0.0000000000000000e+00
2                                      0.0000000000000000e+00
3                                      0.0000000000000000e+00
4                                      0.0000000000000000e+00
5                                      0.0000000000000000e+00
6                                      0.0000000000000000e+00
7                                      0.0000000000000000e+00
8                                      0.0000000000000000e+00
9                                      0.0000000000000000e+00
10                                     0.0000000000000000e+00
11                                     0.0000000000000000e+00
12                                     0.0000000000000000e+00
13                                     0.0000000000000000e+00
14                                     0.0000000000000000e+00
15                                     0.0000000000000000e+00
16                                     0.0000000000000000e+00
17                                     0.0000000000000000e+00
18                                     0.0000000000000000e+00
19                                     0.0000000000000000e+00
20                                     0.0000000000000000e+00
21                                     0.0000000000000000e+00
22                                     0.0000000000000000e+00
23                                     0.0000000000000000e+00
24                                     0.0000000000000000e+00
25                                     0.0000000000000000e+00
26                                     0.0000000000000000e+00
   &Method [&Type "String"] "SCF"
   &Level [&Type "String"] "Relaxed density"
   &Mult [&Type "Integer"] 1
   &State [&Type "Integer"] -1
   &Irrep [&Type "Integer"] 0
$End
$SCF_Energy
   &GeometryIndex 5
   &Method [&Type "String"] "SCF"
   &totalEnergy [&Type "ArrayOfDoubles", &Dim (1,1)] "Total energy of each state"
                                                         0

0                                     -6.8668244945558888e+02
   &Mult [&Type "ArrayOfIntegers", &Dim (1,1)] "Multiplicity of each state"
                                                         0

0                                                        1
$End
$DFT_Energy
   &GeometryIndex 5
   &nAlphaEl [&Type "Integer"] 54
   &nBetaEl [&Type "Integer"] 54
   &nTotalEl [&Type "Integer"] 108
   &finalEn [&Type "Double"]      -6.8668244945558888e+02  "No Van der Waals correction"
   &eExchange [&Type "Double"]      -9.1328824727756455e+01
   &eCorr [&Type "Double"]      -3.9718677610811257e+00
   &eXC [&Type "Double"]      -9.5300692488837583e+01
   &eCNL [&Type "Double"]       0.0000000000000000e+00
$End
$Solvation_Details
   &GeometryIndex 5
   &Solvent [&Type "String"] "CONDUCTOR"
   &Epsilon [&Type "Double"]      -1.0000000000000000e+00
   &Refrac [&Type "Double"]       1.3300000000000001e+00
   &RSolv [&Type "Double"]       1.3000000000000000e+00
   &SurfaceType [&Type "String"] "GAUSSIAN VDW"
   &CPCMDielEnergy [&Type "Double"]      -7.0926188000000001e-02
   &NPoints [&Type "Integer"] 1659
   &SurfaceArea [&Type "Double"]       8.4700844110000003e+02
$End
$SCF_Timings
   &GeometryIndex 5
   &TOTAL [&Type "Double"]       4.7688730000000001e+00
   &PREP [&Type "Double"]       3.8434900000000000e-01
   &FOCK [&Type "Double"]       3.8008289999999998e+00
   &DENS [&Type "Double"]       2.8179000000000620e-02
   &ETOT [&Type "Double"]       1.8631000000000064e-02
   &POP [&Type "Double"]       4.3434999999999668e-02
   &TRAFO [&Type "Double"]       6.2897000000000425e-02
   &DIIS [&Type "Double"]       5.4775999999999936e-02
   &SOSCF [&Type "Double"]       2.0690799999999987e-01
   &XC [&Type "Double"]       1.7423180000000003e+00
   &FOCKSTART [&Type "Double"]       6.1830000000004381e-03
   &SOLV [&Type "Double"]       1.2745009999999999e+00
   &SOLV_INIT [&Type "Double"]       4.4489000000000001e-02
   &INT_PREP [&Type "Double"]       1.9999999993913775e-06
   &INT_BF [&Type "Double"]       4.6515400000001417e-01
   &INT_DENS [&Type "Double"]       6.3317599999999241e-01
   &INT_DENSIO [&Type "Double"]       8.3285705910000033e+03
   &INT_FUNC [&Type "Double"]       3.2844000000009643e-02
   &INT_POT [&Type "Double"]       5.0455799999998940e-01
   &INT_POTIO [&Type "Double"]       4.9389999999982503e-03
   &INT_SUM [&Type "Double"]       5.5999999999278849e-05
   &SPLITRIJ [&Type "Double"]       1.2845130000000000e+00
$End
$Single_Point_Data
   &GeometryIndex 5
   &FinalEnergy [&Type "Double"]      -6.8668244945558888e+02  "Final single point energy"
   &Converged [&Type "Boolean"] true
$End
$SCF_Dipole_Moment
   &GeometryIndex 5
   &dipoleMagnitude [&Type "Double", &Units "a.u."]       4.1656834502856679e+00
   &dipoleElecContrib [&Type "ArrayOfDoubles", &Dim (3,1)] "Electronic contribution"
                                                         0

0                                      3.4724025664402486e-01
1                                      3.3648413090644405e+00
2                                      2.2175965122600201e+00
   &dipoleNucContrib [&Type "ArrayOfDoubles", &Dim (3,1)] "Nuclear contribution"
                                                         0

0                                     -2.8092281026996315e+00
1                                     -6.6083449979090165e+00
2                                     -3.0957868528525410e+00
   &dipoleTotal [&Type "ArrayOfDoubles", &Dim (3,1)] "Total"
                                                         0

0                                     -2.4619878460556066e+00
1                                     -3.2435036888445761e+00
2                                     -8.7819034059252088e-01
   &doAtomicDipole [&Type "Boolean"] false
   &Method [&Type "String"] "SCF"
   &Level [&Type "String"] "Relaxed density"
   &Mult [&Type "Integer"] 1
   &State [&Type "Integer"] -1
   &Irrep [&Type "Integer"] 0
$End
$Calculation_Info
   &GeometryIndex 5
   &Mult [&Type "Integer"] 1
   &Charge [&Type "Integer"] 0
   &NumOfAtoms [&Type "Integer"] 27
   &NumOfElectrons [&Type "Integer"] 108
   &NumOfBasisFuncts [&Type "Integer"] 537
   &NumOfAuxCBasisFuncts [&Type "Integer"] 0
   &NumOfAuxJBasisFuncts [&Type "Integer"] 867
   &NumOfAuxJKBasisFuncts [&Type "Integer"] 0
   &NumOfCABSBasisFuncts [&Type "Integer"] 0
$End
$Calculation_Timings
   &GeometryIndex 5
   &GTOINT [&Type "Double"]       5.4754499999999968e+00
   &SCF [&Type "Double"]       4.8706845999999999e+01
   &SCFGRAD [&Type "Double"]       2.0223170000000003e+01
   &GSTEP [&Type "Double"]       1.2702999999995704e-02
   &PROP [&Type "Double"]       6.1180299999999477e-01
   &SUM [&Type "Double"]       7.5029971999999987e+01
$End
