*************************************************
******************* ORCA 6.1.0-f.0 ******************
*************************************************
$Calculation_Status
   &GeometryIndex 15
   &version [&Type "String"] "6.1.0-f.0"
   &progName [&Type "String"] "LeanSCF"
   &Status [&Type "String"] "NORMAL TERMINATION"
$End
$Geometry
   &GeometryIndex 1
   &NAtoms [&Type "Integer"] 27
   &NCorelessECP [&Type "Integer"] 0
   &NGhostAtoms [&Type "Integer"] 0
   &CartesianCoordinates [&Type "Coordinates", &Dim(27,4), &Units "Bohr"] 
              N     -3.621181902667   -1.025918976639   -1.876582106002
              C     -4.514081771726    0.353203080307    0.381352591976
              C     -2.647685535250    0.096684001498    2.577927391058
              C     -0.137638108478    1.227309963115    1.948196868327
              C      0.582498726637    3.691557855025    2.225295820625
              N      2.991990235344    4.023144169114    1.365043653941
              C      3.900006307207    1.765460823608    0.523054518711
              C      6.234295087270    1.136122815893   -0.504354015656
              C      6.626747193564   -1.345662150280   -1.187883983173
              C      4.751668742646   -3.177203975586   -0.849209854377
              C      2.433228056319   -2.570164566175    0.161915306737
              C      1.969886483488   -0.063891753971    0.855397157890
              C     -7.104625144529   -0.936974707571    1.137961046989
              O     -7.586288632681   -2.875242860304   -0.128106688906
              O     -8.346691657771    0.037237582592    2.850017132909
              H     -3.740877533935    0.005154832743   -3.503058504646
              H     -4.968465985991   -2.530230646746   -1.927247477790
              H     -1.817356633876   -1.697956895926   -1.653397474942
              H     -4.859099011956    2.343501572912   -0.017839033601
              H     -2.433616905265   -1.900907133230    3.049959757687
              H     -3.484561128254    1.037141531025    4.210519189135
              H     -0.476703580659    5.238429748147    2.995621986617
              H      3.956037802016    5.660580506902    1.398318707597
              H      7.692846207564    2.540858220858   -0.746756235533
              H      8.420459441771   -1.900281520496   -1.986514712864
              H      5.146743221896   -5.105647385456   -1.387229567876
              H      1.032466027317   -4.026304188052    0.465149171467
$End
$SCF_Mulliken_Population_Analysis
   &GeometryIndex 1
   &NAtoms [&Type "Integer"] 27
   &ATNO [&Type "ArrayOfIntegers", &Dim (27,1)] 
                                                         0

0                                                        7
1                                                        6
2                                                        6
3                                                        6
4                                                        6
5                                                        7
6                                                        6
7                                                        6
8                                                        6
9                                                        6
10                                                       6
11                                                       6
12                                                       6
13                                                       8
14                                                       8
15                                                       1
16                                                       1
17                                                       1
18                                                       1
19                                                       1
20                                                       1
21                                                       1
22                                                       1
23                                                       1
24                                                       1
25                                                       1
26                                                       1
   &AtomicCharges [&Type "ArrayOfDoubles", &Dim (27,1)] 
                                                         0

0                                     -2.1567397922231812e-01
1                                     -6.2473062833309001e-02
2                                     -4.0201378730364290e-01
3                                      1.6273344302722315e-01
4                                     -7.6977245964199525e-02
5                                     -2.9786080263707948e-01
6                                      1.2477776202881685e-01
7                                     -2.2889438716990185e-01
8                                     -1.2949282738843060e-01
9                                     -1.1433496542202004e-01
10                                    -2.9717694313472709e-01
11                                     1.4120000625966345e-01
12                                     5.2007332577480181e-01
13                                    -6.2757761627893238e-01
14                                    -6.3803526352930362e-01
15                                     3.0577851250691390e-01
16                                     2.8801997465451956e-01
17                                     2.6392955078394509e-01
18                                     1.4532634625683061e-01
19                                     1.7133736524764398e-01
20                                     1.3682564131028807e-01
21                                     1.3566388487111336e-01
22                                     2.1983199865756209e-01
23                                     1.1169357829697169e-01
24                                     1.1236759650036587e-01
25                                     1.1137117443602329e-01
26                                     1.3958072027097490e-01
   &Method [&Type "String"] "SCF"
   &Level [&Type "String"] "Relaxed density"
   &Mult [&Type "Integer"] 1
   &State [&Type "Integer"] -1
   &Irrep [&Type "Integer"] 0
$End
$SCF_Loewdin_Population_Analysis
   &GeometryIndex 1
   &NAtoms [&Type "Integer"] 27
   &ATNO [&Type "ArrayOfIntegers", &Dim (27,1)] 
                                                         0

0                                                        7
1                                                        6
2                                                        6
3                                                        6
4                                                        6
5                                                        7
6                                                        6
7                                                        6
8                                                        6
9                                                        6
10                                                       6
11                                                       6
12                                                       6
13                                                       8
14                                                       8
15                                                       1
16                                                       1
17                                                       1
18                                                       1
19                                                       1
20                                                       1
21                                                       1
22                                                       1
23                                                       1
24                                                       1
25                                                       1
26                                                       1
   &AtomicCharges [&Type "ArrayOfDoubles", &Dim (27,1)] 
                                                         0

0                                      1.6204598021692540e-01
1                                     -1.9439776111602480e-01
2                                     -1.8592287904342086e-01
3                                     -1.6183257590153755e-01
4                                     -1.2359582134082370e-01
5                                      1.5494409620916283e-01
6                                     -1.3394894079690722e-01
7                                     -1.2067529591110038e-01
8                                     -1.5805837920781407e-01
9                                     -1.6350163575455312e-01
10                                    -1.3617105401605123e-01
11                                    -1.1166143097143699e-01
12                                    -4.9700570268122046e-01
13                                    -1.6035294797805832e-01
14                                    -1.5094876657703971e-01
15                                     2.1360905309459699e-01
16                                     2.0474852771903296e-01
17                                     2.0183485435129778e-01
18                                     1.5296007667408862e-01
19                                     1.4967159513738426e-01
20                                     1.5092567171117233e-01
21                                     1.3981306161875917e-01
22                                     2.0028171079422608e-01
23                                     1.4423229641284330e-01
24                                     1.3983297177105514e-01
25                                     1.3905354208960752e-01
26                                     1.4411975349570461e-01
   &Method [&Type "String"] "SCF"
   &Level [&Type "String"] "Relaxed density"
   &Mult [&Type "Integer"] 1
   &State [&Type "Integer"] -1
   &Irrep [&Type "Integer"] 0
$End
$SCF_Mayer_Population_Analysis
   &GeometryIndex 1
   &NAtoms [&Type "Integer"] 27 "Total number of atoms"
   &NBondOrdersPrint [&Type "Integer"] 29 "The number of bond orders larger than threshold"
   &bondThresh [&Type "Double"]       1.0000000000000001e-01  "The threshold for printing"
   &components [&Type "ArrayOfIntegers", &Dim (29,4)] "The indices and atomic numbers of the bonding atoms"
                                                         0                           1                           2                           3

0                                                        0                           7                           1                           6
1                                                        0                           7                          15                           1
2                                                        0                           7                          16                           1
3                                                        0                           7                          17                           1
4                                                        1                           6                           2                           6
5                                                        1                           6                          12                           6
6                                                        1                           6                          18                           1
7                                                        2                           6                           3                           6
8                                                        2                           6                          19                           1
9                                                        2                           6                          20                           1
10                                                       3                           6                           4                           6
11                                                       3                           6                          11                           6
12                                                       4                           6                           5                           7
13                                                       4                           6                          21                           1
14                                                       5                           7                           6                           6
15                                                       5                           7                          22                           1
16                                                       6                           6                           7                           6
17                                                       6                           6                          11                           6
18                                                       7                           6                           8                           6
19                                                       7                           6                          23                           1
20                                                       8                           6                           9                           6
21                                                       8                           6                          24                           1
22                                                       9                           6                          10                           6
23                                                       9                           6                          25                           1
24                                                      10                           6                          11                           6
25                                                      10                           6                          26                           1
26                                                      12                           6                          13                           8
27                                                      12                           6                          14                           8
28                                                      13                           8                          16                           1
   &BondOrders [&Type "ArrayOfDoubles", &Dim (29,1)] "The bond orders"
                                                         0

0                                      9.4216933939126668e-01
1                                      8.8542465245673752e-01
2                                      7.7295244904161264e-01
3                                      8.8454241766741770e-01
4                                      9.5356194133014638e-01
5                                      9.1495816852911804e-01
6                                      9.4386717429457634e-01
7                                      9.3418421077355918e-01
8                                      9.8173692263330414e-01
9                                      9.2446775953803062e-01
10                                     1.5139616711875141e+00
11                                     1.2317407662870405e+00
12                                     1.1679576970372794e+00
13                                     9.6978384542090845e-01
14                                     1.1911097989227108e+00
15                                     9.0520307536187128e-01
16                                     1.2860275160339709e+00
17                                     1.3296590435355051e+00
18                                     1.4311938005531482e+00
19                                     1.0039567278203767e+00
20                                     1.3173423201754866e+00
21                                     9.8624793285163792e-01
22                                     1.4647247671651200e+00
23                                     9.7810601483426729e-01
24                                     1.3104837282861059e+00
25                                     9.5001594590748051e-01
26                                     1.6070360908422165e+00
27                                     1.7939606928720198e+00
28                                     1.8216638845842723e-01
   &ATNO [&Type "ArrayOfIntegers", &Dim (27,1)] "Atomic number of the elements"
                                                         0

0                                                        7
1                                                        6
2                                                        6
3                                                        6
4                                                        6
5                                                        7
6                                                        6
7                                                        6
8                                                        6
9                                                        6
10                                                       6
11                                                       6
12                                                       6
13                                                       8
14                                                       8
15                                                       1
16                                                       1
17                                                       1
18                                                       1
19                                                       1
20                                                       1
21                                                       1
22                                                       1
23                                                       1
24                                                       1
25                                                       1
26                                                       1
   &NA [&Type "ArrayOfDoubles", &Dim (27,1)] "Mulliken gross atomic population"
                                                         0

0                                      7.2156739792223137e+00
1                                      6.0624730628333108e+00
2                                      6.4020137873036411e+00
3                                      5.8372665569727733e+00
4                                      6.0769772459641951e+00
5                                      7.2978608026370759e+00
6                                      5.8752222379711823e+00
7                                      6.2288943871699018e+00
8                                      6.1294928273884288e+00
9                                      6.1143349654220174e+00
10                                     6.2971769431347182e+00
11                                     5.8587999937403383e+00
12                                     5.4799266742251955e+00
13                                     8.6275776162789395e+00
14                                     8.6380352635292965e+00
15                                     6.9422148749308565e-01
16                                     7.1198002534548033e-01
17                                     7.3607044921605502e-01
18                                     8.5467365374316939e-01
19                                     8.2866263475235569e-01
20                                     8.6317435868971215e-01
21                                     8.6433611512888631e-01
22                                     7.8016800134243780e-01
23                                     8.8830642170302831e-01
24                                     8.8763240349963368e-01
25                                     8.8862882556397615e-01
26                                     8.6041927972902565e-01
   &ZA [&Type "ArrayOfDoubles", &Dim (27,1)] "Total nuclear charge"
                                                         0

0                                      7.0000000000000000e+00
1                                      6.0000000000000000e+00
2                                      6.0000000000000000e+00
3                                      6.0000000000000000e+00
4                                      6.0000000000000000e+00
5                                      7.0000000000000000e+00
6                                      6.0000000000000000e+00
7                                      6.0000000000000000e+00
8                                      6.0000000000000000e+00
9                                      6.0000000000000000e+00
10                                     6.0000000000000000e+00
11                                     6.0000000000000000e+00
12                                     6.0000000000000000e+00
13                                     8.0000000000000000e+00
14                                     8.0000000000000000e+00
15                                     1.0000000000000000e+00
16                                     1.0000000000000000e+00
17                                     1.0000000000000000e+00
18                                     1.0000000000000000e+00
19                                     1.0000000000000000e+00
20                                     1.0000000000000000e+00
21                                     1.0000000000000000e+00
22                                     1.0000000000000000e+00
23                                     1.0000000000000000e+00
24                                     1.0000000000000000e+00
25                                     1.0000000000000000e+00
26                                     1.0000000000000000e+00
   &QA [&Type "ArrayOfDoubles", &Dim (27,1)] "Mulliken gross atomic charge"
                                                         0

0                                     -2.1567397922231368e-01
1                                     -6.2473062833310777e-02
2                                     -4.0201378730364112e-01
3                                      1.6273344302722670e-01
4                                     -7.6977245964195085e-02
5                                     -2.9786080263707593e-01
6                                      1.2477776202881774e-01
7                                     -2.2889438716990185e-01
8                                     -1.2949282738842882e-01
9                                     -1.1433496542201738e-01
10                                    -2.9717694313471821e-01
11                                     1.4120000625966167e-01
12                                     5.2007332577480447e-01
13                                    -6.2757761627893949e-01
14                                    -6.3803526352929651e-01
15                                     3.0577851250691435e-01
16                                     2.8801997465451967e-01
17                                     2.6392955078394498e-01
18                                     1.4532634625683061e-01
19                                     1.7133736524764431e-01
20                                     1.3682564131028785e-01
21                                     1.3566388487111369e-01
22                                     2.1983199865756220e-01
23                                     1.1169357829697169e-01
24                                     1.1236759650036632e-01
25                                     1.1137117443602385e-01
26                                     1.3958072027097435e-01
   &VA [&Type "ArrayOfDoubles", &Dim (27,1)] "Mayer's total valence"
                                                         0

0                                      3.4815112834569826e+00
1                                      3.7091209205162183e+00
2                                      3.9071077013703501e+00
3                                      3.6558494503754266e+00
4                                      3.8722170918205827e+00
5                                      3.3795416244123579e+00
6                                      3.9618562580823813e+00
7                                      3.9288297964225376e+00
8                                      3.8895174836018409e+00
9                                      3.8717506677680871e+00
10                                     3.9503096223558463e+00
11                                     4.0349960633863331e+00
12                                     4.3652773454105880e+00
13                                     1.8661547281187802e+00
14                                     1.8988436276261158e+00
15                                     9.0891317104639913e-01
16                                     9.7325177938548568e-01
17                                     9.6540024737878960e-01
18                                     9.8152476733736937e-01
19                                     9.5518922520392879e-01
20                                     9.8880882806761616e-01
21                                     9.8511128593382158e-01
22                                     9.6020977751134873e-01
23                                     9.7803963932864713e-01
24                                     9.6220719759297069e-01
25                                     9.6508257196865066e-01
26                                     9.7477967544943311e-01
   &BVA [&Type "ArrayOfDoubles", &Dim (27,1)] "Mayer's bonded valence"
                                                         0

0                                      3.4815112834569124e+00
1                                      3.7091209205161695e+00
2                                      3.9071077013705020e+00
3                                      3.6558494503754941e+00
4                                      3.8722170918206071e+00
5                                      3.3795416244124272e+00
6                                      3.9618562580824852e+00
7                                      3.9288297964225416e+00
8                                      3.8895174836018080e+00
9                                      3.8717506677680920e+00
10                                     3.9503096223559755e+00
11                                     4.0349960633863802e+00
12                                     4.3652773454105889e+00
13                                     1.8661547281187301e+00
14                                     1.8988436276261584e+00
15                                     9.0891317104638614e-01
16                                     9.7325177938548224e-01
17                                     9.6540024737879504e-01
18                                     9.8152476733736072e-01
19                                     9.5518922520394745e-01
20                                     9.8880882806762960e-01
21                                     9.8511128593380282e-01
22                                     9.6020977751135483e-01
23                                     9.7803963932861993e-01
24                                     9.6220719759296069e-01
25                                     9.6508257196869096e-01
26                                     9.7477967544944588e-01
   &FA [&Type "ArrayOfDoubles", &Dim (27,1)] "Mayer's free valence"
                                                         0

0                                      0.0000000000000000e+00
1                                      0.0000000000000000e+00
2                                      0.0000000000000000e+00
3                                      0.0000000000000000e+00
4                                      0.0000000000000000e+00
5                                      0.0000000000000000e+00
6                                      0.0000000000000000e+00
7                                      0.0000000000000000e+00
8                                      0.0000000000000000e+00
9                                      0.0000000000000000e+00
10                                     0.0000000000000000e+00
11                                     0.0000000000000000e+00
12                                     0.0000000000000000e+00
13                                     0.0000000000000000e+00
14                                     0.0000000000000000e+00
15                                     0.0000000000000000e+00
16                                     0.0000000000000000e+00
17                                     0.0000000000000000e+00
18                                     0.0000000000000000e+00
19                                     0.0000000000000000e+00
20                                     0.0000000000000000e+00
21                                     0.0000000000000000e+00
22                                     0.0000000000000000e+00
23                                     0.0000000000000000e+00
24                                     0.0000000000000000e+00
25                                     0.0000000000000000e+00
26                                     0.0000000000000000e+00
   &Method [&Type "String"] "SCF"
   &Level [&Type "String"] "Relaxed density"
   &Mult [&Type "Integer"] 1
   &State [&Type "Integer"] -1
   &Irrep [&Type "Integer"] 0
$End
$SCF_Energy
   &GeometryIndex 1
   &Method [&Type "String"] "SCF"
   &totalEnergy [&Type "ArrayOfDoubles", &Dim (1,1)] "Total energy of each state"
                                                         0

0                                     -6.8666147635222364e+02
   &Mult [&Type "ArrayOfIntegers", &Dim (1,1)] "Multiplicity of each state"
                                                         0

0                                                        1
$End
$DFT_Energy
   &GeometryIndex 1
   &nAlphaEl [&Type "Integer"] 54
   &nBetaEl [&Type "Integer"] 54
   &nTotalEl [&Type "Integer"] 108
   &finalEn [&Type "Double"]      -6.8666147635222364e+02  "No Van der Waals correction"
   &eExchange [&Type "Double"]      -9.1487942638593836e+01
   &eCorr [&Type "Double"]      -3.9836133919038046e+00
   &eXC [&Type "Double"]      -9.5471556030497638e+01
   &eCNL [&Type "Double"]       0.0000000000000000e+00
$End
$Solvation_Details
   &GeometryIndex 1
   &Solvent [&Type "String"] "CONDUCTOR"
   &Epsilon [&Type "Double"]      -1.0000000000000000e+00
   &Refrac [&Type "Double"]       1.3300000000000001e+00
   &RSolv [&Type "Double"]       1.3000000000000000e+00
   &SurfaceType [&Type "String"] "GAUSSIAN VDW"
   &CPCMDielEnergy [&Type "Double"]      -6.7771567000000005e-02
   &NPoints [&Type "Integer"] 2386
   &SurfaceArea [&Type "Double"]       8.4315952659100003e+02
$End
$SCF_Timings
   &GeometryIndex 1
   &TOTAL [&Type "Double"]       1.0330294000000000e+01
   &PREP [&Type "Double"]       4.3548599999999998e-01
   &FOCK [&Type "Double"]       9.2648569999999992e+00
   &DENS [&Type "Double"]       4.8293000000004582e-02
   &ETOT [&Type "Double"]       3.2064999999996902e-02
   &POP [&Type "Double"]       2.1055000000000490e-02
   &TRAFO [&Type "Double"]       5.3302999999999656e-02
   &DIIS [&Type "Double"]       2.2892900000000060e-01
   &SOSCF [&Type "Double"]       2.2292399999999990e-01
   &XC [&Type "Double"]       3.3259580000000009e+00
   &FOCKSTART [&Type "Double"]       6.0529999999984763e-03
   &SOLV [&Type "Double"]       3.7868669999999982e+00
   &SOLV_INIT [&Type "Double"]       1.0715900000000000e-01
   &INT_PREP [&Type "Double"]       1.9999999993913775e-06
   &INT_BF [&Type "Double"]       9.5421699999999443e-01
   &INT_DENS [&Type "Double"]       1.0774479999999973e+00
   &INT_DENSIO [&Type "Double"]       4.0109920053000023e+04
   &INT_FUNC [&Type "Double"]       8.0686000000002145e-02
   &INT_POT [&Type "Double"]       9.3258500000000244e-01
   &INT_POTIO [&Type "Double"]       1.0468000000048883e-02
   &INT_SUM [&Type "Double"]       1.5600000000248748e-04
   &SPLITRIJ [&Type "Double"]       2.5328559999999962e+00
$End
$Single_Point_Data
   &GeometryIndex 1
   &FinalEnergy [&Type "Double"]      -6.8666147635222364e+02  "Final single point energy"
   &Converged [&Type "Boolean"] true
$End
$SCF_Nuc_Gradient
   &GeometryIndex 1
   &NAtoms [&Type "Integer"] 27
   &gradNorm [&Type "Double"]       6.6864559906222976e-02
   &grad [&Type "ArrayOfDoubles", &Dim (81,1)] 
                                                         0

0                                      2.3730131933836704e-04
1                                      2.7654138235406510e-03
2                                      3.5103146061254073e-03
3                                      1.4797260019917028e-02
4                                      1.1208467996224256e-03
5                                     -1.9221342921343851e-02
6                                     -3.4198000590578547e-03
7                                     -6.4998435954656776e-03
8                                      4.4337257898040446e-03
9                                      5.3571008329010589e-03
10                                     1.0554553279501597e-02
11                                    -4.3668521816811433e-03
12                                     5.9725739792948051e-03
13                                    -6.5463407748467557e-03
14                                    -3.7623383505627616e-03
15                                    -2.9563003680437867e-03
16                                    -4.6478046223495609e-03
17                                    -5.4335981080358366e-05
18                                    -6.4818768772342550e-03
19                                     3.1430348760930413e-03
20                                     4.5362849910044658e-03
21                                    -2.3483035773590481e-03
22                                    -6.6961890899244463e-03
23                                    -7.8150881390163770e-04
24                                    -4.8531296473077494e-03
25                                     3.4357422766626801e-03
26                                     2.4319401704793958e-03
27                                    -3.2761279653677161e-03
28                                     6.9819037961304092e-03
29                                     3.1836791547220000e-03
30                                     3.4354767977657057e-03
31                                     1.2906481168576309e-03
32                                    -2.6006375702433420e-03
33                                     3.5879608521756788e-03
34                                    -1.5708522147849734e-03
35                                    -2.7182879238913460e-03
36                                    -2.2757238974339268e-02
37                                    -1.2527984672210992e-02
38                                     1.1625368782644169e-02
39                                     1.0477271329431442e-02
40                                     2.7002915313381302e-02
41                                     1.3801219969232158e-02
42                                     1.4249069669011268e-02
43                                    -1.2219101168074210e-02
44                                    -2.1154577190698631e-02
45                                    -1.6046103747720617e-03
46                                    -1.3497768766578648e-03
47                                     3.4180872531321058e-03
48                                    -6.0895938967284787e-04
49                                     7.7231362246652294e-04
50                                     1.5798284337521906e-03
51                                    -2.2160081663154634e-03
52                                     4.0199208462927613e-04
53                                     4.7983414651462464e-03
54                                    -1.5485549295097660e-03
55                                    -3.2177793763676753e-03
56                                     5.2796014921683895e-03
57                                    -2.5339443273149332e-04
58                                     5.9588134029925927e-03
59                                    -2.1470092570574765e-03
60                                     2.5464785181782980e-03
61                                    -1.5191454944647157e-03
62                                    -3.4216671037290967e-03
63                                     4.1364751208586717e-03
64                                    -8.6298325741958025e-03
65                                    -3.5311256897504611e-03
66                                    -3.8802411027774025e-03
67                                    -7.0138543134908617e-03
68                                    -1.8496010571638884e-04
69                                    -5.9648991688086364e-03
70                                    -6.0577307995344880e-03
71                                     1.0914766870680458e-03
72                                    -7.2317379195195987e-03
73                                     1.6752534898568678e-03
74                                     3.1597165761640118e-03
75                                    -1.2664159979421112e-03
76                                     7.7331787920332405e-03
77                                     2.0464177570604742e-03
78                                     5.8706305076191845e-03
79                                     5.6596258989433570e-03
80                                    -9.5136003877594767e-04
   &Method [&Type "String"] "SCF"
   &Level [&Type "String"] "Relaxed density"
   &Mult [&Type "Integer"] 1
   &State [&Type "Integer"] 0
   &Irrep [&Type "Integer"] 0
$End
$Geometry
   &GeometryIndex 2
   &NAtoms [&Type "Integer"] 27
   &NCorelessECP [&Type "Integer"] 0
   &NGhostAtoms [&Type "Integer"] 0
   &CartesianCoordinates [&Type "Coordinates", &Dim(27,4), &Units "Bohr"] 
              N     -3.843695988884   -0.936332151991   -1.980536114783
              C     -4.623760687668    0.359421717998    0.401697413904
              C     -2.648129859799    0.060282285703    2.529705280385
              C     -0.119094110570    1.200736748354    1.905712641080
              C      0.586058705305    3.694382289390    2.178561865504
              N      3.021287821394    4.038217715397    1.327178096578
              C      3.973988960308    1.764412660960    0.511814970400
              C      6.345727622405    1.148358413831   -0.484494795110
              C      6.787209915428   -1.361419664850   -1.123310461909
              C      4.919146252522   -3.228337335429   -0.764763917937
              C      2.562638318902   -2.624618789555    0.224429018526
              C      2.043335159733   -0.092088342306    0.862824729293
              C     -7.198314198419   -0.940013573503    1.196106689268
              O     -7.736768111421   -2.898609811268   -0.079224502318
              O     -8.347303023883   -0.022108245819    3.037743182135
              H     -4.049612132546    0.168131957805   -3.559306665668
              H     -5.196664769604   -2.440479857290   -2.028826031103
              H     -2.026370616311   -1.617346222085   -1.916773263875
              H     -4.970026581799    2.368162320129    0.043896732063
              H     -2.427893127847   -1.961453160393    2.970284384701
              H     -3.452046703313    0.963525180817    4.214311361606
              H     -0.501216072369    5.265431114547    2.928504577983
              H      3.976643747472    5.701502659433    1.352567329288
              H      7.800694678356    2.586892512130   -0.738653844129
              H      8.616184424910   -1.906710426115   -1.902075205826
              H      5.346821005669   -5.181796258258   -1.267013883060
              H      1.161159372026   -4.108143794323    0.537191059306
$End
$SCF_Energy
   &GeometryIndex 2
   &Method [&Type "String"] "SCF"
   &totalEnergy [&Type "ArrayOfDoubles", &Dim (1,1)] "Total energy of each state"
                                                         0

0                                     -6.8666673497052204e+02
   &Mult [&Type "ArrayOfIntegers", &Dim (1,1)] "Multiplicity of each state"
                                                         0

0                                                        1
$End
$DFT_Energy
   &GeometryIndex 2
   &nAlphaEl [&Type "Integer"] 54
   &nBetaEl [&Type "Integer"] 54
   &nTotalEl [&Type "Integer"] 108
   &finalEn [&Type "Double"]      -6.8666673497052204e+02  "No Van der Waals correction"
   &eExchange [&Type "Double"]      -9.1346677895807858e+01
   &eCorr [&Type "Double"]      -3.9729694729809637e+00
   &eXC [&Type "Double"]      -9.5319647368788821e+01
   &eCNL [&Type "Double"]       0.0000000000000000e+00
$End
$Solvation_Details
   &GeometryIndex 2
   &Solvent [&Type "String"] "CONDUCTOR"
   &Epsilon [&Type "Double"]      -1.0000000000000000e+00
   &Refrac [&Type "Double"]       1.3300000000000001e+00
   &RSolv [&Type "Double"]       1.3000000000000000e+00
   &SurfaceType [&Type "String"] "GAUSSIAN VDW"
   &CPCMDielEnergy [&Type "Double"]      -7.0015850000000004e-02
   &NPoints [&Type "Integer"] 2421
   &SurfaceArea [&Type "Double"]       8.5834855341699995e+02
$End
$SCF_Timings
   &GeometryIndex 2
   &TOTAL [&Type "Double"]       8.7743549999999999e+00
   &PREP [&Type "Double"]       4.7914700000000005e-01
   &FOCK [&Type "Double"]       7.7633809999999990e+00
   &DENS [&Type "Double"]       4.2867000000001099e-02
   &ETOT [&Type "Double"]       2.7554000000002299e-02
   &POP [&Type "Double"]       1.0000000010279564e-06
   &TRAFO [&Type "Double"]       5.5195000000001437e-02
   &DIIS [&Type "Double"]       1.9614800000000066e-01
   &SOSCF [&Type "Double"]       2.0685899999999724e-01
   &XC [&Type "Double"]       2.7523950000000013e+00
   &FOCKSTART [&Type "Double"]       5.5039999999994538e-03
   &SOLV [&Type "Double"]       3.2691729999999986e+00
   &SOLV_INIT [&Type "Double"]       1.4113999999999999e-01
   &INT_PREP [&Type "Double"]       1.0000000001397780e-06
   &INT_BF [&Type "Double"]       8.4332999999997249e-01
   &INT_DENS [&Type "Double"]       9.2438200000002524e-01
   &INT_DENSIO [&Type "Double"]       3.0567663436000032e+04
   &INT_FUNC [&Type "Double"]       7.2484000000036519e-02
   &INT_POT [&Type "Double"]       7.2229900000002711e-01
   &INT_POTIO [&Type "Double"]       9.5389999999544450e-03
   &INT_SUM [&Type "Double"]       1.3300000000149304e-04
   &SPLITRIJ [&Type "Double"]       2.1330939999999998e+00
$End
$Single_Point_Data
   &GeometryIndex 2
   &FinalEnergy [&Type "Double"]      -6.8666673497052204e+02  "Final single point energy"
   &Converged [&Type "Boolean"] true
$End
$SCF_Nuc_Gradient
   &GeometryIndex 2
   &NAtoms [&Type "Integer"] 27
   &gradNorm [&Type "Double"]       2.6416053152242141e-02
   &grad [&Type "ArrayOfDoubles", &Dim (81,1)] 
                                                         0

0                                      2.6769745739000338e-04
1                                      2.2563053982373356e-03
2                                      1.4868956978626377e-03
3                                      9.4384299665458814e-03
4                                     -6.2589377163822964e-04
5                                     -1.1543166440329877e-02
6                                     -2.2409959210965336e-03
7                                     -2.1401100554942669e-03
8                                      3.1050228063097289e-03
9                                      6.8658022842064438e-04
10                                     5.1994115176251434e-03
11                                    -1.5866476189885948e-03
12                                     3.4214745218571667e-03
13                                    -2.9470572940921277e-03
14                                    -4.3549744692188662e-04
15                                    -1.1040066253562367e-03
16                                    -2.5264564560668681e-03
17                                    -6.1374383551756684e-04
18                                    -2.0406624089286405e-03
19                                     2.6006061852588743e-03
20                                     1.3292245520872886e-03
21                                    -1.4217690054744167e-03
22                                    -3.3622423453167714e-03
23                                    -3.8296472172742887e-04
24                                    -1.8963901602380268e-03
25                                     1.4806940305575399e-03
26                                     9.6806633554128991e-04
27                                    -1.1142322159733761e-03
28                                     2.7048708405972757e-03
29                                     8.7962255898845149e-04
30                                     1.2811614860103356e-03
31                                     8.8307162353479978e-04
32                                    -9.1094575139654939e-04
33                                     2.0569980301489497e-03
34                                    -1.0410450612494998e-03
35                                    -3.2245165944838053e-04
36                                    -1.3678422730490566e-02
37                                    -5.9342385922661373e-04
38                                     5.6206434995240313e-04
39                                     5.1679684181668070e-03
40                                     4.9183650651961758e-03
41                                     4.2600970436802062e-03
42                                     4.8711234359736649e-03
43                                    -4.0094967619191332e-03
44                                    -3.6953727757242545e-03
45                                    -9.5105932149969468e-04
46                                    -2.2469131448965389e-04
47                                     5.0525607475739032e-05
48                                    -2.3019737586289614e-03
49                                    -6.5457197171399015e-04
50                                     9.7066349583411343e-04
51                                    -1.1288289888852429e-04
52                                    -2.8010517170856328e-04
53                                     2.1726264046784266e-03
54                                    -1.4753396117605747e-03
55                                    -3.0391358043385663e-04
56                                     2.9549962650002471e-03
57                                     1.8691377682322242e-04
58                                     4.7682544697548197e-04
59                                     5.7149445833661267e-05
60                                     1.1016138701481146e-03
61                                    -3.3008148177082264e-05
62                                    -1.4622440453454261e-04
63                                    -7.1400596203977356e-04
64                                    -1.1650645189153954e-03
65                                     2.7232247717822074e-04
66                                     2.8885925348073188e-04
67                                     3.5760826468625440e-05
68                                    -1.0120110862757545e-04
69                                    -1.5810937490431682e-04
70                                    -4.0287592699753474e-04
71                                     7.5158866917268740e-05
72                                    -4.7755834274659532e-04
73                                    -3.2673175648571329e-04
74                                     1.7192409684591860e-04
75                                     1.7005377228056088e-04
76                                     4.3379318966898020e-04
77                                    -1.0054877649121659e-04
78                                     7.4853411774702255e-04
79                                    -3.5301613218984614e-04
80                                     5.2240453194173130e-04
   &Method [&Type "String"] "SCF"
   &Level [&Type "String"] "Relaxed density"
   &Mult [&Type "Integer"] 1
   &State [&Type "Integer"] 0
   &Irrep [&Type "Integer"] 0
$End
$Geometry
   &GeometryIndex 3
   &NAtoms [&Type "Integer"] 27
   &NCorelessECP [&Type "Integer"] 0
   &NGhostAtoms [&Type "Integer"] 0
   &CartesianCoordinates [&Type "Coordinates", &Dim(27,4), &Units "Bohr"] 
              N     -3.899609010872   -0.936178896151   -1.967340526301
              C     -4.662052310607    0.322042194880    0.465598926347
              C     -2.632765822295    0.036441754841    2.548398469399
              C     -0.106624443933    1.183516593363    1.904661333882
              C      0.580736377244    3.698362126003    2.150132657813
              N      3.030528955658    4.045469629763    1.309575478688
              C      4.005902841934    1.763491401583    0.506449686070
              C      6.395082579145    1.158466819821   -0.476316111210
              C      6.854541291643   -1.362182147185   -1.110729979272
              C      4.981957433581   -3.243520012965   -0.761451670829
              C      2.606802654508   -2.640853098800    0.218197092883
              C      2.070370100267   -0.102255464743    0.857351065923
              C     -7.204732445789   -0.997290735530    1.273291310383
              O     -7.878643967073   -2.823193079122   -0.159899804654
              O     -8.482388267385    0.091844458699    2.949612207314
              H     -4.158417655736    0.191922645897   -3.524415061807
              H     -5.215421409305   -2.467687662849   -2.018875060499
              H     -2.066159449163   -1.578274355205   -1.976208585231
              H     -5.013931709420    2.334298451079    0.106522562738
              H     -2.398395667325   -1.989994441684    2.988283388884
              H     -3.425052044619    0.932584588736    4.248414340425
              H     -0.514377598710    5.283109481151    2.881864940504
              H      3.977771405734    5.718481710211    1.329147005275
              H      7.846506505116    2.611192378373   -0.728529811289
              H      8.696586277192   -1.898554987796   -1.883048130843
              H      5.416078315750   -5.202881410625   -1.262914179411
              H      1.195707064461   -4.128357998439    0.509779101118
$End
$SCF_Energy
   &GeometryIndex 3
   &Method [&Type "String"] "SCF"
   &totalEnergy [&Type "ArrayOfDoubles", &Dim (1,1)] "Total energy of each state"
                                                         0

0                                     -6.8666505658459937e+02
   &Mult [&Type "ArrayOfIntegers", &Dim (1,1)] "Multiplicity of each state"
                                                         0

0                                                        1
$End
$DFT_Energy
   &GeometryIndex 3
   &nAlphaEl [&Type "Integer"] 54
   &nBetaEl [&Type "Integer"] 54
   &nTotalEl [&Type "Integer"] 108
   &finalEn [&Type "Double"]      -6.8666505658459937e+02  "No Van der Waals correction"
   &eExchange [&Type "Double"]      -9.1289340657191957e+01
   &eCorr [&Type "Double"]      -3.9685739996649296e+00
   &eXC [&Type "Double"]      -9.5257914656856883e+01
   &eCNL [&Type "Double"]       0.0000000000000000e+00
$End
$Solvation_Details
   &GeometryIndex 3
   &Solvent [&Type "String"] "CONDUCTOR"
   &Epsilon [&Type "Double"]      -1.0000000000000000e+00
   &Refrac [&Type "Double"]       1.3300000000000001e+00
   &RSolv [&Type "Double"]       1.3000000000000000e+00
   &SurfaceType [&Type "String"] "GAUSSIAN VDW"
   &CPCMDielEnergy [&Type "Double"]      -7.1168445999999996e-02
   &NPoints [&Type "Integer"] 2431
   &SurfaceArea [&Type "Double"]       8.6400288235400001e+02
$End
$SCF_Timings
   &GeometryIndex 3
   &TOTAL [&Type "Double"]       8.2602329999999995e+00
   &PREP [&Type "Double"]       4.6790799999999999e-01
   &FOCK [&Type "Double"]       7.2892309999999991e+00
   &DENS [&Type "Double"]       4.0331000000000117e-02
   &ETOT [&Type "Double"]       2.6521000000002015e-02
   &POP [&Type "Double"]       9.9999999925159955e-07
   &TRAFO [&Type "Double"]       5.2710000000000701e-02
   &DIIS [&Type "Double"]       1.9310600000000000e-01
   &SOSCF [&Type "Double"]       1.8300400000000083e-01
   &XC [&Type "Double"]       2.6430609999999999e+00
   &FOCKSTART [&Type "Double"]       5.4869999999994645e-03
   &SOLV [&Type "Double"]       2.9933030000000005e+00
   &SOLV_INIT [&Type "Double"]       1.2465899999999996e-01
   &INT_PREP [&Type "Double"]       3.0000000004193339e-06
   &INT_BF [&Type "Double"]       7.9271199999998188e-01
   &INT_DENS [&Type "Double"]       8.4459800000002239e-01
   &INT_DENSIO [&Type "Double"]       2.6850523685000033e+04
   &INT_FUNC [&Type "Double"]       6.7519000000003881e-02
   &INT_POT [&Type "Double"]       6.8270599999996184e-01
   &INT_POTIO [&Type "Double"]       8.2530000000250459e-03
   &INT_SUM [&Type "Double"]       1.2200000000273103e-04
   &SPLITRIJ [&Type "Double"]       2.0465689999999999e+00
$End
$Single_Point_Data
   &GeometryIndex 3
   &FinalEnergy [&Type "Double"]      -6.8666505658459937e+02  "Final single point energy"
   &Converged [&Type "Boolean"] true
$End
$SCF_Nuc_Gradient
   &GeometryIndex 3
   &NAtoms [&Type "Integer"] 27
   &gradNorm [&Type "Double"]       3.7382383112117189e-02
   &grad [&Type "ArrayOfDoubles", &Dim (81,1)] 
                                                         0

0                                     -4.6312622364918024e-04
1                                      2.7127859494231804e-03
2                                     -8.0131517812596226e-04
3                                     -1.6572931062033397e-03
4                                      4.7800406226875848e-03
5                                     -1.0928915418993108e-02
6                                     -2.4792761084978408e-03
7                                     -2.8767848306107766e-04
8                                      2.2233644802335901e-03
9                                     -1.6209730502310801e-03
10                                     3.2372072064918052e-04
11                                     5.7769266742326974e-04
12                                     3.8966975642114928e-04
13                                     7.8419916488152311e-04
14                                     1.2436857067843433e-04
15                                     2.9897656092425264e-04
16                                     5.9301029077297313e-05
17                                    -1.0248072957309921e-04
18                                     6.8535279314991225e-04
19                                     1.0307538738357916e-03
20                                     9.1184587060781077e-05
21                                    -4.6609841292219022e-05
22                                    -3.2626169183627013e-04
23                                    -1.4751319151816780e-04
24                                     7.3203175991317987e-04
25                                     2.2574652050622555e-04
26                                    -2.2213143525296754e-04
27                                     2.1227354897626052e-04
28                                    -7.3563469498324130e-04
29                                    -2.1753420465947775e-04
30                                    -8.7788818204311524e-04
31                                    -7.0054662399886627e-05
32                                     2.3943288362820829e-05
33                                     2.7450661940391129e-04
34                                    -5.8878455308329723e-04
35                                    -6.0692243190960571e-04
36                                     1.1784836113600539e-02
37                                    -1.7610065487722992e-02
38                                     2.1857386684158289e-02
39                                    -3.7066128535180351e-03
40                                     4.0134028577264603e-03
41                                    -9.8092358969425249e-03
42                                    -5.4693563088858473e-03
43                                     7.6392853290591974e-03
44                                    -5.6957736749279307e-03
45                                     8.4183261130941350e-05
46                                     3.3169635846219334e-04
47                                    -9.1925517558555034e-04
48                                    -1.2900565942302504e-03
49                                    -2.6192582037753986e-03
50                                     1.7018907617392829e-03
51                                    -1.1777784874069525e-05
52                                    -6.3385538401532042e-04
53                                     3.6210940948280899e-04
54                                     7.6145159316847225e-04
55                                     1.7913158295543904e-03
56                                     1.3243408211536696e-03
57                                     2.5693634395305325e-04
58                                    -1.3941803617012107e-03
59                                     4.8902556907867939e-04
60                                     3.9908640741913044e-05
61                                     4.0678129673020881e-04
62                                     5.9282764119260702e-04
63                                    -1.9995650951326258e-03
64                                     1.4160289667912631e-03
65                                     1.1089126510956645e-03
66                                     1.2028018444665556e-03
67                                     1.7160460998531975e-03
68                                     2.8069349806064898e-05
69                                     1.6159731552648181e-03
70                                     1.4836169690438860e-03
71                                    -2.6482547657671711e-04
72                                     1.7373162556162808e-03
73                                    -7.6710696373178148e-04
74                                    -7.9809812183123901e-04
75                                     6.1091321865421413e-04
76                                    -1.9183407019619974e-03
77                                    -6.1191870369070415e-04
78                                    -1.0645963238706336e-03
79                                    -1.7635004029433795e-03
80                                     6.2080315820044543e-04
   &Method [&Type "String"] "SCF"
   &Level [&Type "String"] "Relaxed density"
   &Mult [&Type "Integer"] 1
   &State [&Type "Integer"] 0
   &Irrep [&Type "Integer"] 0
$End
$Geometry
   &GeometryIndex 4
   &NAtoms [&Type "Integer"] 27
   &NCorelessECP [&Type "Integer"] 0
   &NGhostAtoms [&Type "Integer"] 0
   &CartesianCoordinates [&Type "Coordinates", &Dim(27,4), &Units "Bohr"] 
              N     -3.877852972621   -0.904236872120   -1.972164226807
              C     -4.667293329831    0.342047037870    0.462380501320
              C     -2.643712733624    0.056193042680    2.540809483027
              C     -0.118736622553    1.193089147849    1.894700978556
              C      0.568489233082    3.709608763260    2.119048224795
              N      3.024947954623    4.043634275820    1.298286787221
              C      3.997783430562    1.755876935542    0.510292171824
              C      6.390419841749    1.142036849732   -0.453237401467
              C      6.841130542697   -1.379815135377   -1.086779860025
              C      4.954438026403   -3.250057006545   -0.759070748487
              C      2.575643033939   -2.635340488190    0.201511164417
              C      2.051357939124   -0.098343613844    0.848078024342
              C     -7.206409324615   -0.977395353819    1.233134590388
              O     -7.797558222717   -2.900557700569   -0.106165947005
              O     -8.382896001087   -0.057061808548    3.076849460643
              H     -4.127152291784    0.233446955090   -3.521805823591
              H     -5.183397690111   -2.437409615898   -2.047634825644
              H     -2.041359375838   -1.535389913087   -1.975487737985
              H     -5.015063338329    2.350728006861    0.088253278317
              H     -2.415309849913   -1.968048876924    2.981545217805
              H     -3.438001566141    0.955877392284    4.236804553348
              H     -0.520743243137    5.301491962323    2.831078452538
              H      3.974466589610    5.710846211058    1.316551624042
              H      7.846487150927    2.586322570383   -0.695068842196
              H      8.682932653456   -1.922252353133   -1.845738526162
              H      5.377772560271   -5.207128540453   -1.263323989590
              H      1.149617605857   -4.108161928936    0.464704062674
$End
$SCF_Energy
   &GeometryIndex 4
   &Method [&Type "String"] "SCF"
   &totalEnergy [&Type "ArrayOfDoubles", &Dim (1,1)] "Total energy of each state"
                                                         0

0                                     -6.8666756696992400e+02
   &Mult [&Type "ArrayOfIntegers", &Dim (1,1)] "Multiplicity of each state"
                                                         0

0                                                        1
$End
$DFT_Energy
   &GeometryIndex 4
   &nAlphaEl [&Type "Integer"] 54
   &nBetaEl [&Type "Integer"] 54
   &nTotalEl [&Type "Integer"] 108
   &finalEn [&Type "Double"]      -6.8666756696992400e+02  "No Van der Waals correction"
   &eExchange [&Type "Double"]      -9.1302748587165169e+01
   &eCorr [&Type "Double"]      -3.9694860527254763e+00
   &eXC [&Type "Double"]      -9.5272234639890641e+01
   &eCNL [&Type "Double"]       0.0000000000000000e+00
$End
$Solvation_Details
   &GeometryIndex 4
   &Solvent [&Type "String"] "CONDUCTOR"
   &Epsilon [&Type "Double"]      -1.0000000000000000e+00
   &Refrac [&Type "Double"]       1.3300000000000001e+00
   &RSolv [&Type "Double"]       1.3000000000000000e+00
   &SurfaceType [&Type "String"] "GAUSSIAN VDW"
   &CPCMDielEnergy [&Type "Double"]      -7.1705153999999993e-02
   &NPoints [&Type "Integer"] 2426
   &SurfaceArea [&Type "Double"]       8.6189551415300002e+02
$End
$SCF_Timings
   &GeometryIndex 4
   &TOTAL [&Type "Double"]       7.0979950000000001e+00
   &PREP [&Type "Double"]       4.3184500000000003e-01
   &FOCK [&Type "Double"]       6.1191939999999994e+00
   &DENS [&Type "Double"]       3.4973999999999172e-02
   &ETOT [&Type "Double"]       2.2652000000001893e-02
   &TRAFO [&Type "Double"]       5.2785999999999555e-02
   &DIIS [&Type "Double"]       2.3082599999999953e-01
   &SOSCF [&Type "Double"]       1.4250700000000105e-01
   &XC [&Type "Double"]       2.1783710000000016e+00
   &FOCKSTART [&Type "Double"]       4.7549999999976778e-03
   &SOLV [&Type "Double"]       2.6504730000000003e+00
   &SOLV_INIT [&Type "Double"]       1.1296500000000004e-01
   &SOLV_FINAL [&Type "Double"]       1.0000000001397780e-06
   &INT_PREP [&Type "Double"]       1.0000000001397780e-06
   &INT_BF [&Type "Double"]       6.8083199999999811e-01
   &INT_DENS [&Type "Double"]       7.1904499999998095e-01
   &INT_DENSIO [&Type "Double"]       1.9909762473000024e+04
   &INT_FUNC [&Type "Double"]       5.8782000000021206e-02
   &INT_POT [&Type "Double"]       5.6727499999997744e-01
   &INT_POTIO [&Type "Double"]       7.3550000000029980e-03
   &INT_SUM [&Type "Double"]       1.1099999999963917e-04
   &SPLITRIJ [&Type "Double"]       1.7157869999999993e+00
$End
$Single_Point_Data
   &GeometryIndex 4
   &FinalEnergy [&Type "Double"]      -6.8666756696992400e+02  "Final single point energy"
   &Converged [&Type "Boolean"] true
$End
$SCF_Nuc_Gradient
   &GeometryIndex 4
   &NAtoms [&Type "Integer"] 27
   &gradNorm [&Type "Double"]       8.9229975387698102e-03
   &grad [&Type "ArrayOfDoubles", &Dim (81,1)] 
                                                         0

0                                      6.7212930950722068e-04
1                                      1.7282482994021640e-03
2                                      1.7831229376116114e-04
3                                      1.7201627309255461e-03
4                                      9.2536844796542450e-06
5                                     -2.4444571910419198e-03
6                                     -7.8931775148644674e-04
7                                      7.2292098967176310e-05
8                                      2.7836390304778608e-04
9                                     -8.5833178587845643e-04
10                                    -7.4456868108638448e-04
11                                     1.9803647015560386e-03
12                                    -8.0920440921047627e-04
13                                     1.6667590898181703e-03
14                                    -5.3116614419565760e-04
15                                     9.3353193523680079e-04
16                                     1.1106108947717269e-03
17                                     2.4306903540857793e-04
18                                     8.9630356256373018e-04
19                                     2.3588841031081751e-04
20                                     2.6826071093732418e-04
21                                     5.1578484738125244e-04
22                                     5.9983839830618155e-04
23                                    -3.7160263861489465e-05
24                                     1.3969540120467474e-03
25                                    -7.6158900654062396e-06
26                                    -4.7356102930248378e-04
27                                     3.0695258290731084e-04
28                                    -1.5673966690309925e-03
29                                    -2.6031355922066627e-04
30                                    -1.4400215421111768e-03
31                                    -3.2548426866695242e-04
32                                     7.8410462193228680e-05
33                                    -4.3175482267139575e-04
34                                    -2.6891699658330081e-04
35                                    -1.2704970215973090e-03
36                                     4.2406210885171172e-04
37                                     1.3405105445317054e-03
38                                     1.1465235606965152e-03
39                                    -1.5487582984328964e-04
40                                    -3.2897474781831797e-03
41                                    -3.2805363008130209e-03
42                                    -1.4067657864953141e-03
43                                     1.2897498137601424e-03
44                                     2.3522678550151783e-03
45                                     1.7249517728430155e-04
46                                    -2.5761620279170921e-05
47                                    -2.3273083399200437e-04
48                                    -1.4346216692048721e-03
49                                    -1.3856880586804888e-03
50                                     1.1226053588745052e-03
51                                    -1.9501493755143609e-04
52                                    -2.8119706355068767e-04
53                                    -6.0946870201219767e-05
54                                    -1.0909876368923725e-04
55                                     4.2093267173714220e-04
56                                     7.2963265572434724e-04
57                                     1.9803142631805984e-04
58                                    -5.6155830902281795e-04
59                                     1.2666968359796951e-04
60                                    -2.1557878712291309e-04
61                                     4.0846122832675685e-04
62                                     2.4591089861236563e-04
63                                    -9.7200149271596363e-04
64                                     4.2023961652652708e-04
65                                     3.6669630951735067e-04
66                                     3.0895835606881659e-04
67                                     1.9337570527959078e-04
68                                     5.8280372971936611e-05
69                                     6.7745187514287909e-04
70                                     6.0839160952639183e-04
71                                    -1.1348307252734193e-04
72                                     6.6924148719107318e-04
73                                    -3.3189875488787699e-04
74                                    -3.8711658990973679e-04
75                                     2.9479011174894003e-04
76                                    -7.6429714181546621e-04
77                                    -2.2115184626751673e-04
78                                    -3.7026195023562216e-04
79                                    -5.5042113313364099e-04
80                                     1.3775291869799495e-04
   &Method [&Type "String"] "SCF"
   &Level [&Type "String"] "Relaxed density"
   &Mult [&Type "Integer"] 1
   &State [&Type "Integer"] 0
   &Irrep [&Type "Integer"] 0
$End
$Geometry
   &GeometryIndex 5
   &NAtoms [&Type "Integer"] 27
   &NCorelessECP [&Type "Integer"] 0
   &NGhostAtoms [&Type "Integer"] 0
   &CartesianCoordinates [&Type "Coordinates", &Dim(27,4), &Units "Bohr"] 
              N     -3.877139921449   -0.866723329706   -1.984177197350
              C     -4.664945294031    0.348635511193    0.465604407792
              C     -2.638893584017    0.037718910550    2.536194001082
              C     -0.118909889359    1.178812001009    1.890996235427
              C      0.566883247025    3.690537546222    2.124131641314
              N      3.007564825855    4.034412164107    1.275502590191
              C      3.983353940113    1.750139960527    0.495132270812
              C      6.369207519670    1.142641427732   -0.478420516215
              C      6.831121347290   -1.378989238672   -1.086098416641
              C      4.963284268136   -3.254911967248   -0.724717636882
              C      2.592112083712   -2.648282529203    0.245922569425
              C      2.055897491191   -0.111208497138    0.865965227720
              C     -7.199550963946   -0.975316211214    1.227867323652
              O     -7.784658543766   -2.891245504706   -0.112065905440
              O     -8.371597284980   -0.070500429826    3.075958897887
              H     -4.122385429460    0.294665735449   -3.516156348860
              H     -5.183964163996   -2.392011740117   -2.088024586013
              H     -2.040960316255   -1.499332024150   -1.991378671016
              H     -5.013809359359    2.359838450344    0.113244094031
              H     -2.411573211046   -1.989094268874    2.954989372175
              H     -3.424746103390    0.919263670559    4.243466801120
              H     -0.520467742603    5.278606028312    2.838558069698
              H      3.948214387874    5.705670274165    1.277567038808
              H      7.812832629570    2.591061220486   -0.743437666835
              H      8.669532293269   -1.917025325460   -1.849003973316
              H      5.395287378727   -5.211676169623   -1.211370907639
              H      1.178310395226   -4.125685721411    0.531301931372
$End
$SCF_Energy
   &GeometryIndex 5
   &Method [&Type "String"] "SCF"
   &totalEnergy [&Type "ArrayOfDoubles", &Dim (1,1)] "Total energy of each state"
                                                         0

0                                     -6.8666768371711805e+02
   &Mult [&Type "ArrayOfIntegers", &Dim (1,1)] "Multiplicity of each state"
                                                         0

0                                                        1
$End
$DFT_Energy
   &GeometryIndex 5
   &nAlphaEl [&Type "Integer"] 54
   &nBetaEl [&Type "Integer"] 54
   &nTotalEl [&Type "Integer"] 108
   &finalEn [&Type "Double"]      -6.8666768371711805e+02  "No Van der Waals correction"
   &eExchange [&Type "Double"]      -9.1325405535038016e+01
   &eCorr [&Type "Double"]      -3.9708948128256147e+00
   &eXC [&Type "Double"]      -9.5296300347863635e+01
   &eCNL [&Type "Double"]       0.0000000000000000e+00
$End
$Solvation_Details
   &GeometryIndex 5
   &Solvent [&Type "String"] "CONDUCTOR"
   &Epsilon [&Type "Double"]      -1.0000000000000000e+00
   &Refrac [&Type "Double"]       1.3300000000000001e+00
   &RSolv [&Type "Double"]       1.3000000000000000e+00
   &SurfaceType [&Type "String"] "GAUSSIAN VDW"
   &CPCMDielEnergy [&Type "Double"]      -7.1911661000000002e-02
   &NPoints [&Type "Integer"] 2430
   &SurfaceArea [&Type "Double"]       8.6092012653300003e+02
$End
$SCF_Timings
   &GeometryIndex 5
   &TOTAL [&Type "Double"]       4.1453069999999999e+00
   &PREP [&Type "Double"]       4.3445600000000006e-01
   &FOCK [&Type "Double"]       3.3653489999999997e+00
   &DENS [&Type "Double"]       1.6484999999999417e-02
   &ETOT [&Type "Double"]       1.0569000000000495e-02
   &TRAFO [&Type "Double"]       5.0178999999999752e-02
   &DIIS [&Type "Double"]       1.4995199999999964e-01
   &SOSCF [&Type "Double"]       5.9255999999999975e-02
   &XC [&Type "Double"]       1.3466869999999997e+00
   &FOCKSTART [&Type "Double"]       3.0519999999994440e-03
   &SOLV [&Type "Double"]       1.5024220000000006e+00
   &SOLV_INIT [&Type "Double"]       1.0889399999999999e-01
   &INT_BF [&Type "Double"]       3.6543500000001494e-01
   &INT_DENS [&Type "Double"]       3.9188299999998433e-01
   &INT_DENSIO [&Type "Double"]       7.1731423209999957e+03
   &INT_FUNC [&Type "Double"]       3.2499999999990314e-02
   &INT_POT [&Type "Double"]       3.6293199999998849e-01
   &INT_POTIO [&Type "Double"]       3.6060000000017745e-03
   &INT_SUM [&Type "Double"]       5.3000000000302805e-05
   &SPLITRIJ [&Type "Double"]       9.7633599999999943e-01
$End
$Single_Point_Data
   &GeometryIndex 5
   &FinalEnergy [&Type "Double"]      -6.8666768371711805e+02  "Final single point energy"
   &Converged [&Type "Boolean"] true
$End
$SCF_Nuc_Gradient
   &GeometryIndex 5
   &NAtoms [&Type "Integer"] 27
   &gradNorm [&Type "Double"]       5.0363842233213402e-03
   &grad [&Type "ArrayOfDoubles", &Dim (81,1)] 
                                                         0

0                                      4.8408650516760555e-04
1                                      1.1519756501087337e-03
2                                      3.4657194052488058e-04
3                                      1.5848158048573169e-03
4                                     -4.2146265982117431e-04
5                                     -2.3961288729374003e-03
6                                     -6.1563641651617151e-04
7                                     -1.9941366849951861e-04
8                                      1.6109713391098280e-04
9                                     -4.4484905551543229e-04
10                                     5.9022840690357067e-04
11                                    -6.3324470302675078e-04
12                                     7.6194651871125223e-04
13                                    -2.5542983088830103e-05
14                                     8.2759573239935761e-04
15                                    -1.0191956200464661e-04
16                                    -4.4485144959995754e-05
17                                    -3.7112509466722809e-04
18                                    -2.1362584311140909e-04
19                                     3.4200987153819827e-04
20                                    -1.2650481627597579e-04
21                                    -1.0171005001614365e-04
22                                    -1.0217018451030672e-04
23                                    -6.8665477460041211e-05
24                                     2.0351046240149866e-04
25                                     1.7613120189530370e-04
26                                     9.3567940254106041e-06
27                                    -7.9918707710651153e-05
28                                    -2.5223029699697344e-04
29                                    -5.3736207221503088e-05
30                                    -1.6128977828408844e-04
31                                     1.7981634334102549e-04
32                                     2.6347718267745847e-04
33                                     4.8975636864422110e-04
34                                    -3.0148289262603260e-04
35                                     3.6993820409672584e-04
36                                    -1.6759965652225726e-03
37                                     1.0199884424639009e-03
38                                     1.2876428067838900e-03
39                                     9.6305403805551021e-04
40                                    -3.5826779149119269e-04
41                                    -6.1712616801079187e-04
42                                     4.5113991340755416e-04
43                                    -5.2874850479991790e-04
44                                    -5.4235270327807755e-04
45                                    -3.5934114707896229e-05
46                                    -1.6419677718791312e-04
47                                     1.8114819706267771e-05
48                                    -1.3930827117991811e-03
49                                    -5.5950700907624225e-04
50                                     6.8742275602404028e-04
51                                    -3.4542808114754187e-05
52                                    -6.9360297447113028e-05
53                                     1.5340816034064078e-04
54                                    -2.2039268938854693e-04
55                                    -4.8328427492763670e-05
56                                     6.5781196587305158e-04
57                                     1.6215075166631275e-04
58                                     1.0926547888351172e-04
59                                     6.8632133259397769e-05
60                                     2.0020682903947333e-04
61                                     1.5213595493973055e-04
62                                    -1.6256699061205159e-04
63                                    -1.9859415711956374e-04
64                                    -4.0906042987366373e-04
65                                     1.0769081135072762e-04
66                                     2.4450502126580412e-05
67                                    -1.1998626958324016e-04
68                                    -6.0074084164065495e-05
69                                    -6.7088186690415601e-05
70                                    -1.3670873390815835e-04
71                                     3.7028973919842056e-05
72                                    -1.8144061486992814e-04
73                                    -7.4289753533892571e-05
74                                     4.0854131135520952e-05
75                                     2.4444238231146275e-05
76                                     1.7869739005740674e-04
77                                    -5.4448404205055621e-05
78                                     1.7645933010105447e-04
79                                    -8.5006915656919528e-05
80                                     4.9329973197568839e-05
   &Method [&Type "String"] "SCF"
   &Level [&Type "String"] "Relaxed density"
   &Mult [&Type "Integer"] 1
   &State [&Type "Integer"] 0
   &Irrep [&Type "Integer"] 0
$End
$Geometry
   &GeometryIndex 6
   &NAtoms [&Type "Integer"] 27
   &NCorelessECP [&Type "Integer"] 0
   &NGhostAtoms [&Type "Integer"] 0
   &CartesianCoordinates [&Type "Coordinates", &Dim(27,4), &Units "Bohr"] 
              N     -3.881720300735   -0.848455006994   -1.984094623549
              C     -4.672167283130    0.347036624591    0.479661123250
              C     -2.635598620112    0.030319879754    2.537898142898
              C     -0.119852379455    1.174052669485    1.883914194500
              C      0.558203055323    3.689885825963    2.099478384232
              N      3.002284448140    4.032496288990    1.261019926388
              C      3.983487610261    1.746450762862    0.492070402459
              C      6.373331685008    1.139222767351   -0.470953778552
              C      6.838537316846   -1.383454687850   -1.072362491767
              C      4.969375788752   -3.258942062567   -0.716993547514
              C      2.594163058314   -2.651490516228    0.242721124560
              C      2.055533232189   -0.114472820668    0.860288270239
              C     -7.198870597495   -0.982270984877    1.237125216566
              O     -7.795785399648   -2.885105062076   -0.115349135297
              O     -8.362742420367   -0.090881851613    3.098170306408
              H     -4.136315237301    0.325886003312   -3.504974184745
              H     -5.174487856473   -2.379121854453   -2.103131276865
              H     -2.040700279684   -1.467039694067   -2.002596982027
              H     -5.022283152186    2.359214768784    0.132148994476
              H     -2.406266136355   -1.998089270848    2.947938301005
              H     -3.415153334597    0.903738755747    4.252615446302
              H     -0.530848264597    5.282394785143    2.801604908166
              H      3.940142458437    5.705541099605    1.259335647014
              H      7.816507742194    2.588451089006   -0.734043731840
              H      8.680831807026   -1.921271293014   -1.826300177692
              H      5.402931621414   -5.216687116558   -1.198690256840
              H      1.177461438231   -4.127409155472    0.521050444523
$End
$SCF_Energy
   &GeometryIndex 6
   &Method [&Type "String"] "SCF"
   &totalEnergy [&Type "ArrayOfDoubles", &Dim (1,1)] "Total energy of each state"
                                                         0

0                                     -6.8666774698299491e+02
   &Mult [&Type "ArrayOfIntegers", &Dim (1,1)] "Multiplicity of each state"
                                                         0

0                                                        1
$End
$DFT_Energy
   &GeometryIndex 6
   &nAlphaEl [&Type "Integer"] 54
   &nBetaEl [&Type "Integer"] 54
   &nTotalEl [&Type "Integer"] 108
   &finalEn [&Type "Double"]      -6.8666774698299491e+02  "No Van der Waals correction"
   &eExchange [&Type "Double"]      -9.1325596413752834e+01
   &eCorr [&Type "Double"]      -3.9708183553141398e+00
   &eXC [&Type "Double"]      -9.5296414769066971e+01
   &eCNL [&Type "Double"]       0.0000000000000000e+00
$End
$Solvation_Details
   &GeometryIndex 6
   &Solvent [&Type "String"] "CONDUCTOR"
   &Epsilon [&Type "Double"]      -1.0000000000000000e+00
   &Refrac [&Type "Double"]       1.3300000000000001e+00
   &RSolv [&Type "Double"]       1.3000000000000000e+00
   &SurfaceType [&Type "String"] "GAUSSIAN VDW"
   &CPCMDielEnergy [&Type "Double"]      -7.2395789000000002e-02
   &NPoints [&Type "Integer"] 2424
   &SurfaceArea [&Type "Double"]       8.6105122883100000e+02
$End
$SCF_Timings
   &GeometryIndex 6
   &TOTAL [&Type "Double"]       5.9573980000000004e+00
   &PREP [&Type "Double"]       4.4164200000000003e-01
   &FOCK [&Type "Double"]       5.1203469999999998e+00
   &DENS [&Type "Double"]       2.6818000000000453e-02
   &ETOT [&Type "Double"]       1.7800000000000482e-02
   &TRAFO [&Type "Double"]       5.1006000000000107e-02
   &DIIS [&Type "Double"]       1.5075399999999983e-01
   &SOSCF [&Type "Double"]       1.3414899999999941e-01
   &XC [&Type "Double"]       1.8247050000000002e+00
   &FOCKSTART [&Type "Double"]       3.7029999999994012e-03
   &SOLV [&Type "Double"]       2.2242999999999999e+00
   &SOLV_INIT [&Type "Double"]       1.1159900000000006e-01
   &INT_PREP [&Type "Double"]       1.9999999998354667e-06
   &INT_BF [&Type "Double"]       6.0094199999998332e-01
   &INT_DENS [&Type "Double"]       6.1927499999998392e-01
   &INT_DENSIO [&Type "Double"]       1.5737977346000016e+04
   &INT_FUNC [&Type "Double"]       5.1778000000014979e-02
   &INT_POT [&Type "Double"]       4.4420600000000676e-01
   &INT_POTIO [&Type "Double"]       5.8380000000034515e-03
   &INT_SUM [&Type "Double"]       7.8000000000799652e-05
   &SPLITRIJ [&Type "Double"]       1.4726340000000007e+00
$End
$Single_Point_Data
   &GeometryIndex 6
   &FinalEnergy [&Type "Double"]      -6.8666774698299491e+02  "Final single point energy"
   &Converged [&Type "Boolean"] true
$End
$SCF_Nuc_Gradient
   &GeometryIndex 6
   &NAtoms [&Type "Integer"] 27
   &gradNorm [&Type "Double"]       2.8655184579422840e-03
   &grad [&Type "ArrayOfDoubles", &Dim (81,1)] 
                                                         0

0                                      4.9553211097634262e-04
1                                      7.1809150190743284e-04
2                                      9.1311394056468181e-05
3                                      3.7392076376756333e-04
4                                     -5.7067893916343260e-04
5                                     -8.4599220276720608e-04
6                                     -1.9665666625534638e-04
7                                     -3.9341413826089744e-05
8                                     -4.4604725312446560e-05
9                                     -7.7367616549826879e-05
10                                     7.2370268576846947e-05
11                                    -4.6433200406171063e-05
12                                     3.6275508424790659e-04
13                                     4.3314079401548080e-05
14                                     1.5685510790368286e-04
15                                    -1.1615940268588573e-04
16                                    -1.1591701576841099e-04
17                                    -8.3798243044821627e-05
18                                    -6.4910713299599562e-05
19                                    -2.6394728275196989e-05
20                                    -2.9316480217453627e-05
21                                    -9.6176263127910853e-05
22                                     4.1699868591390729e-05
23                                     3.3535889538416352e-06
24                                     3.2018631002769110e-05
25                                     5.5123680522796556e-05
26                                     1.5534614676548800e-05
27                                    -3.4760437897230411e-05
28                                    -1.3435230180652066e-04
29                                    -1.2880649648827110e-05
30                                    -7.8427150819307401e-05
31                                     2.5916987580926892e-04
32                                     9.0495088044925415e-05
33                                     1.2401872463232641e-04
34                                    -4.0755621364787706e-05
35                                    -3.4226707558872218e-05
36                                    -6.1669866488067715e-04
37                                     1.2094094609961391e-03
38                                     8.8068942858504293e-04
39                                     5.9112968579332374e-04
40                                    -3.1252197948820372e-04
41                                    -5.0411696601661976e-04
42                                     3.2867611453243559e-04
43                                    -5.4255026313522470e-04
44                                    -5.0859413835707343e-04
45                                     7.8415120347249609e-05
46                                    -4.9720113222635753e-05
47                                     7.5706421936994062e-07
48                                    -1.0289519670413335e-03
49                                    -4.0099069575654130e-04
50                                     6.3207179804495705e-04
51                                    -1.8693213513002599e-05
52                                    -4.7128406556540617e-05
53                                    -5.6315742373623870e-05
54                                    -6.1730877783932854e-05
55                                    -1.6339535573603459e-05
56                                     2.5551516500204197e-04
57                                     7.6077389599629600e-05
58                                     8.2588593393957861e-05
59                                     6.6286002638338477e-05
60                                     6.3541755403861391e-05
61                                     1.3555555320510595e-04
62                                    -1.1074433603250138e-04
63                                    -8.2172338453131120e-05
64                                    -2.4311567953540572e-04
65                                     1.3584698250573325e-05
66                                     4.9759120139481611e-05
67                                    -4.9939190350799939e-05
68                                     2.3324530447779799e-06
69                                    -7.7007868455990745e-05
70                                    -1.1374663293369468e-04
71                                     1.8700976476113476e-05
72                                    -1.3210946348082148e-04
73                                    -2.5540997435430151e-05
74                                     3.8523054837084686e-05
75                                     3.1149946513313754e-06
76                                     1.2787167983804599e-04
77                                     1.4905753337973119e-05
78                                     1.0286314839025833e-04
79                                    -1.6161047261788880e-05
80                                    -3.8927918319762046e-06
   &Method [&Type "String"] "SCF"
   &Level [&Type "String"] "Relaxed density"
   &Mult [&Type "Integer"] 1
   &State [&Type "Integer"] 0
   &Irrep [&Type "Integer"] 0
$End
$Geometry
   &GeometryIndex 7
   &NAtoms [&Type "Integer"] 27
   &NCorelessECP [&Type "Integer"] 0
   &NGhostAtoms [&Type "Integer"] 0
   &CartesianCoordinates [&Type "Coordinates", &Dim(27,4), &Units "Bohr"] 
              N     -3.895499330019   -0.812562359317   -1.989032611877
              C     -4.684735030474    0.347352629578    0.498319574387
              C     -2.630875370924    0.013943647328    2.536110905401
              C     -0.120745025458    1.163602536533    1.872071693402
              C      0.546782754905    3.684504445274    2.068376391492
              N      2.992380427891    4.028883187647    1.235110416506
              C      3.983821718581    1.740669184327    0.484603308082
              C      6.378923727907    1.135510486758   -0.466693925638
              C      6.852886494465   -1.389371822116   -1.053038668879
              C      4.986780919905   -3.267526295708   -0.695884530221
              C      2.606831514692   -2.661685295815    0.252895910176
              C      2.059801179852   -0.123227319451    0.858505840651
              C     -7.202054688965   -0.991314414076    1.250749660785
              O     -7.816994805535   -2.874729397152   -0.118713346839
              O     -8.354144812084   -0.115524909114    3.128989775119
              H     -4.166600695296    0.383854632946   -3.490047409872
              H     -5.166202842059   -2.350704174355   -2.134234101028
              H     -2.047415534766   -1.409280442554   -2.026014983127
              H     -5.036965868040    2.362151900101    0.166448246733
              H     -2.398551145959   -2.018406804608    2.924722590182
              H     -3.398962177433    0.867905241733    4.266146059704
              H     -0.545408115054    5.282089940366    2.754715076650
              H      3.923190512976    5.705832120385    1.223063214362
              H      7.818337839969    2.588056195411   -0.733801360329
              H      8.700037659162   -1.925144553408   -1.797315703835
              H      5.425452728123   -5.226971041166   -1.167221569174
              H      1.189927963636   -4.137907376242    0.528720193483
$End
$SCF_Energy
   &GeometryIndex 7
   &Method [&Type "String"] "SCF"
   &totalEnergy [&Type "ArrayOfDoubles", &Dim (1,1)] "Total energy of each state"
                                                         0

0                                     -6.8666778900744737e+02
   &Mult [&Type "ArrayOfIntegers", &Dim (1,1)] "Multiplicity of each state"
                                                         0

0                                                        1
$End
$DFT_Energy
   &GeometryIndex 7
   &nAlphaEl [&Type "Integer"] 54
   &nBetaEl [&Type "Integer"] 54
   &nTotalEl [&Type "Integer"] 108
   &finalEn [&Type "Double"]      -6.8666778900744737e+02  "No Van der Waals correction"
   &eExchange [&Type "Double"]      -9.1324611741215875e+01
   &eCorr [&Type "Double"]      -3.9705100000939417e+00
   &eXC [&Type "Double"]      -9.5295121741309814e+01
   &eCNL [&Type "Double"]       0.0000000000000000e+00
$End
$Solvation_Details
   &GeometryIndex 7
   &Solvent [&Type "String"] "CONDUCTOR"
   &Epsilon [&Type "Double"]      -1.0000000000000000e+00
   &Refrac [&Type "Double"]       1.3300000000000001e+00
   &RSolv [&Type "Double"]       1.3000000000000000e+00
   &SurfaceType [&Type "String"] "GAUSSIAN VDW"
   &CPCMDielEnergy [&Type "Double"]      -7.3218991999999997e-02
   &NPoints [&Type "Integer"] 2424
   &SurfaceArea [&Type "Double"]       8.6160171325600004e+02
$End
$SCF_Timings
   &GeometryIndex 7
   &TOTAL [&Type "Double"]       4.9852870000000005e+00
   &PREP [&Type "Double"]       4.3744699999999997e-01
   &FOCK [&Type "Double"]       4.2023519999999994e+00
   &DENS [&Type "Double"]       2.1752999999999467e-02
   &ETOT [&Type "Double"]       1.4505999999999242e-02
   &TRAFO [&Type "Double"]       5.0256999999999330e-02
   &DIIS [&Type "Double"]       1.5079600000000015e-01
   &SOSCF [&Type "Double"]       9.5091000000000925e-02
   &XC [&Type "Double"]       1.5596769999999989e+00
   &FOCKSTART [&Type "Double"]       3.5040000000002847e-03
   &SOLV [&Type "Double"]       1.8393800000000007e+00
   &SOLV_INIT [&Type "Double"]       1.1060200000000003e-01
   &SOLV_FINAL [&Type "Double"]       1.0000000001397780e-06
   &INT_PREP [&Type "Double"]       1.0000000001397780e-06
   &INT_BF [&Type "Double"]       4.8032400000000308e-01
   &INT_DENS [&Type "Double"]       5.1393500000002279e-01
   &INT_DENSIO [&Type "Double"]       1.1012495528000003e+04
   &INT_FUNC [&Type "Double"]       4.1602999999997503e-02
   &INT_POT [&Type "Double"]       4.1718199999999761e-01
   &INT_POTIO [&Type "Double"]       4.8109999999879083e-03
   &INT_SUM [&Type "Double"]       7.1999999999405873e-05
   &SPLITRIJ [&Type "Double"]       1.2098679999999993e+00
$End
$Single_Point_Data
   &GeometryIndex 7
   &FinalEnergy [&Type "Double"]      -6.8666778900744737e+02  "Final single point energy"
   &Converged [&Type "Boolean"] true
$End
$SCF_Nuc_Gradient
   &GeometryIndex 7
   &NAtoms [&Type "Integer"] 27
   &gradNorm [&Type "Double"]       2.3507844012166709e-03
   &grad [&Type "ArrayOfDoubles", &Dim (81,1)] 
                                                         0

0                                      4.3050783029438718e-04
1                                      3.7294992941943510e-05
2                                     -3.2711394928535559e-04
3                                     -9.3820169847738666e-04
4                                     -5.5971458436816952e-04
5                                      7.9506257353569379e-04
6                                      2.5279193594172087e-04
7                                      1.9953060535420584e-04
8                                     -2.6206292316940504e-04
9                                      1.2972342753510974e-04
10                                    -3.4300733579975973e-04
11                                     6.8691309696835949e-05
12                                     1.0586466890455046e-05
13                                     2.1763055781899663e-05
14                                    -2.5127485073602818e-05
15                                    -1.0476215332552198e-04
16                                     2.8960853309212969e-05
17                                     8.4367602728275615e-06
18                                     7.6359787375317525e-05
19                                    -3.1553165677071244e-04
20                                    -5.3830245827660899e-05
21                                    -2.3800759513595716e-05
22                                     1.5742992939056337e-04
23                                     7.5275904264761133e-05
24                                    -1.2354721477757366e-04
25                                    -1.1373502411569068e-04
26                                     2.4522033699509241e-05
27                                     3.6001945427696549e-05
28                                     1.0288358164137461e-05
29                                    -2.1879458021510569e-05
30                                     3.4982717420764531e-05
31                                     2.0717171070248680e-04
32                                    -1.2922457335174569e-05
33                                    -1.6366960969160706e-04
34                                     1.8246774410002027e-04
35                                    -5.8903805277200081e-05
36                                     7.6821995414865299e-04
37                                     9.8177195888125542e-04
38                                     4.3287394962609332e-04
39                                    -7.6313667124390180e-05
40                                    -3.1184807640877339e-04
41                                    -3.8449695000582207e-04
42                                    -2.0471676882155565e-05
43                                    -3.2718893598659114e-04
44                                    -3.1592726808316041e-04
45                                     1.8729378470205491e-04
46                                     4.6022574861248611e-05
47                                     4.0590657100273569e-05
48                                    -4.7380812856783914e-04
49                                    -2.7358383980881709e-05
50                                     4.3427231903171975e-04
51                                    -9.0006355654426162e-06
52                                    -1.0686024473280376e-06
53                                    -2.2113744424750569e-04
54                                     1.3342639109508890e-04
55                                     3.1436857782875249e-05
56                                    -2.2109246326676175e-04
57                                    -3.6137120792746136e-05
58                                     3.5721278010550188e-05
59                                     8.1224659587711564e-05
60                                    -6.2612509211148917e-05
61                                     6.2564914939713923e-05
62                                    -3.3976171421180217e-05
63                                     6.3134656837170004e-05
64                                     8.1292062710548729e-06
65                                    -3.5709268340226863e-05
66                                     8.2166642659895622e-06
67                                    -3.1455085196661903e-05
68                                     2.9413396854868464e-05
69                                    -3.1965674365048297e-05
70                                    -3.5682232578679828e-05
71                                    -4.8600364012012578e-06
72                                    -1.5806263135277610e-05
73                                     1.8502494350407499e-05
74                                     1.4255037450443047e-05
75                                    -3.1322820488160672e-05
76                                     1.2317502368408562e-05
77                                     3.3657882244931278e-05
78                                    -1.9825634755053431e-05
79                                     2.5215879430774170e-05
80                                    -5.9236557932947726e-05
   &Method [&Type "String"] "SCF"
   &Level [&Type "String"] "Relaxed density"
   &Mult [&Type "Integer"] 1
   &State [&Type "Integer"] 0
   &Irrep [&Type "Integer"] 0
$End
$Geometry
   &GeometryIndex 8
   &NAtoms [&Type "Integer"] 27
   &NCorelessECP [&Type "Integer"] 0
   &NGhostAtoms [&Type "Integer"] 0
   &CartesianCoordinates [&Type "Coordinates", &Dim(27,4), &Units "Bohr"] 
              N     -3.910581638245   -0.769574789674   -1.996879045764
              C     -4.694891450676    0.352177631578    0.511446354729
              C     -2.627400866574   -0.001778293104    2.532126900472
              C     -0.121359248722    1.153398403841    1.861600675998
              C      0.537528723632    3.677768340727    2.042190156882
              N      2.983373666248    4.024388916758    1.210699120020
              C      3.983189222562    1.734802344659    0.475884412691
              C      6.381371564664    1.131395209644   -0.468991361460
              C      6.864437112465   -1.395560040696   -1.038029265906
              C      5.004447845676   -3.277526624465   -0.670076415638
              C      2.621474380156   -2.673892952839    0.271845540163
              C      2.064819444265   -0.132993318361    0.859536386097
              C     -7.204115430716   -1.002593392310    1.259923693987
              O     -7.824519223461   -2.871114098425   -0.124497664683
              O     -8.346888591601   -0.146531201806    3.154257654372
              H     -4.202820906846    0.445400159577   -3.479161086450
              H     -5.159521201295   -2.318267631200   -2.162964656577
              H     -2.055549249806   -1.343111978884   -2.051430343126
              H     -5.054127976449    2.369804020073    0.205459435022
              H     -2.392804908349   -2.038084980882    2.897714446856
              H     -3.384001901458    0.832866584953    4.276617439105
              H     -0.559064721805    5.277895605370    2.715555592561
              H      3.907801424410    5.704752334867    1.187725140388
              H      7.816105566736    2.587108774084   -0.744194950581
              H      8.714500663549   -1.929634634034   -1.776399065118
              H      5.449997150594   -5.238732410275   -1.127741269685
              H      1.208600551043   -4.152362035871    0.555332821945
$End
$SCF_Energy
   &GeometryIndex 8
   &Method [&Type "String"] "SCF"
   &totalEnergy [&Type "ArrayOfDoubles", &Dim (1,1)] "Total energy of each state"
                                                         0

0                                     -6.8666781172840433e+02
   &Mult [&Type "ArrayOfIntegers", &Dim (1,1)] "Multiplicity of each state"
                                                         0

0                                                        1
$End
$DFT_Energy
   &GeometryIndex 8
   &nAlphaEl [&Type "Integer"] 54
   &nBetaEl [&Type "Integer"] 54
   &nTotalEl [&Type "Integer"] 108
   &finalEn [&Type "Double"]      -6.8666781172840433e+02  "No Van der Waals correction"
   &eExchange [&Type "Double"]      -9.1324413902965219e+01
   &eCorr [&Type "Double"]      -3.9703235340865417e+00
   &eXC [&Type "Double"]      -9.5294737437051765e+01
   &eCNL [&Type "Double"]       0.0000000000000000e+00
$End
$Solvation_Details
   &GeometryIndex 8
   &Solvent [&Type "String"] "CONDUCTOR"
   &Epsilon [&Type "Double"]      -1.0000000000000000e+00
   &Refrac [&Type "Double"]       1.3300000000000001e+00
   &RSolv [&Type "Double"]       1.3000000000000000e+00
   &SurfaceType [&Type "String"] "GAUSSIAN VDW"
   &CPCMDielEnergy [&Type "Double"]      -7.3764410000000002e-02
   &NPoints [&Type "Integer"] 2425
   &SurfaceArea [&Type "Double"]       8.6200745817300003e+02
$End
$SCF_Timings
   &GeometryIndex 8
   &TOTAL [&Type "Double"]       6.3649230000000001e+00
   &PREP [&Type "Double"]       4.4215600000000005e-01
   &FOCK [&Type "Double"]       5.5251560000000000e+00
   &DENS [&Type "Double"]       2.9084999999999361e-02
   &ETOT [&Type "Double"]       1.9346000000000751e-02
   &TRAFO [&Type "Double"]       5.0257000000000440e-02
   &DIIS [&Type "Double"]       1.4892799999999951e-01
   &SOSCF [&Type "Double"]       1.4750700000000005e-01
   &XC [&Type "Double"]       1.9402360000000005e+00
   &FOCKSTART [&Type "Double"]       4.0180000000010208e-03
   &SOLV [&Type "Double"]       2.4007740000000011e+00
   &SOLV_INIT [&Type "Double"]       1.1015300000000000e-01
   &INT_PREP [&Type "Double"]       2.9999999995311555e-06
   &INT_BF [&Type "Double"]       6.2891300000001504e-01
   &INT_DENS [&Type "Double"]       6.5584699999998364e-01
   &INT_DENSIO [&Type "Double"]       1.8253942539000018e+04
   &INT_FUNC [&Type "Double"]       5.4694999999995608e-02
   &INT_POT [&Type "Double"]       4.7749200000000791e-01
   &INT_POTIO [&Type "Double"]       6.4680000000196802e-03
   &INT_SUM [&Type "Double"]       7.9999999999746940e-05
   &SPLITRIJ [&Type "Double"]       1.5670019999999996e+00
$End
$Single_Point_Data
   &GeometryIndex 8
   &FinalEnergy [&Type "Double"]      -6.8666781172840433e+02  "Final single point energy"
   &Converged [&Type "Boolean"] true
$End
$SCF_Nuc_Gradient
   &GeometryIndex 8
   &NAtoms [&Type "Integer"] 27
   &gradNorm [&Type "Double"]       2.3213411502904387e-03
   &grad [&Type "ArrayOfDoubles", &Dim (81,1)] 
                                                         0

0                                      2.8704938791104979e-04
1                                     -2.2506176623039156e-04
2                                     -5.2157109856584838e-04
3                                     -1.0743011719675268e-03
4                                     -4.0126181516301346e-04
5                                      1.2446131715208703e-03
6                                      3.8798017393707005e-04
7                                      2.6278264752371480e-04
8                                     -2.0928371562079114e-04
9                                      1.7590773416430866e-04
10                                    -2.7483138947335256e-04
11                                    -3.3740403763892965e-06
12                                    -1.2071273770323469e-04
13                                    -1.1052680908020919e-04
14                                    -2.3874187743101239e-05
15                                    -7.0134225046168674e-05
16                                     4.1178961988123930e-05
17                                     4.6123995000614255e-05
18                                     6.2390630223535526e-05
19                                    -2.7796788304224832e-04
20                                    -6.3633778890683076e-05
21                                    -9.9030007653607734e-06
22                                     9.4720598820815377e-05
23                                     5.9444385786171423e-05
24                                    -2.1617130164574595e-04
25                                    -1.5282733567569397e-04
26                                     1.6275798599084705e-05
27                                     6.5632994155968632e-05
28                                     1.3012171020063568e-04
29                                    -9.7035015568923844e-06
30                                     9.7910769471196493e-05
31                                     1.3312495118405912e-04
32                                    -7.4312501303723999e-05
33                                    -1.9629892996273282e-04
34                                     2.3475385306594241e-04
35                                    -2.5899138355026563e-05
36                                     8.3623245283385994e-04
37                                     4.1675635644092203e-04
38                                     5.5714627389340243e-05
39                                    -1.8359631764804313e-04
40                                    -1.7287866402124902e-05
41                                    -1.0783583671832367e-04
42                                    -6.5111986215690351e-05
43                                    -1.6712685552450028e-04
44                                    -2.0278245813894202e-04
45                                     1.9909135302454166e-04
46                                     9.3375383281982249e-05
47                                     6.7203496473905444e-05
48                                    -1.5228369869488018e-04
49                                     9.5631198804992101e-05
50                                     2.3537086717057704e-04
51                                    -4.1982625105609073e-05
52                                    -2.5527260496207085e-05
53                                    -2.0725961381827616e-04
54                                     1.5668376350073108e-04
55                                     2.5570568862466614e-05
56                                    -3.5417328578454203e-04
57                                    -9.0678358786867690e-05
58                                     1.2564400608563314e-05
59                                     8.9586753430922041e-05
60                                    -5.8819846706930690e-05
61                                     1.8884056448488723e-05
62                                    -1.4702831575718668e-05
63                                     1.3854288894504709e-04
64                                     8.5680821133591115e-05
65                                    -5.6466352624716561e-05
66                                    -1.1657571197693298e-05
67                                    -2.7597810666159933e-05
68                                     5.2014811113840014e-05
69                                    -2.7899035060016154e-05
70                                    -2.3753653221239741e-05
71                                    -8.0117277964340556e-06
72                                     6.8217406329635494e-06
73                                     3.7657847576965178e-05
74                                     1.9879757198734693e-05
75                                    -5.3234510736071368e-05
76                                    -7.4643408463567762e-06
77                                     3.4759958974879199e-05
78                                    -4.1458579390799520e-05
79                                     2.8431433157134062e-05
80                                    -3.8103554684504001e-05
   &Method [&Type "String"] "SCF"
   &Level [&Type "String"] "Relaxed density"
   &Mult [&Type "Integer"] 1
   &State [&Type "Integer"] 0
   &Irrep [&Type "Integer"] 0
$End
$Geometry
   &GeometryIndex 9
   &NAtoms [&Type "Integer"] 27
   &NCorelessECP [&Type "Integer"] 0
   &NGhostAtoms [&Type "Integer"] 0
   &CartesianCoordinates [&Type "Coordinates", &Dim(27,4), &Units "Bohr"] 
              N     -3.973313263622   -0.607462627445   -2.021860458744
              C     -4.730392042288    0.373465729694    0.554746017364
              C     -2.616031858695   -0.057839083747    2.511672792396
              C     -0.122750738991    1.115379350656    1.820973569578
              C      0.506149150718    3.650733554912    1.947062548892
              N      2.952264083287    4.006105597496    1.119962513273
              C      3.982815969558    1.712397159737    0.443818070839
              C      6.392760840334    1.115707602136   -0.476484009504
              C      6.909914763064   -1.417653763092   -0.981230093477
              C      5.072024215496   -3.313356696151   -0.574045762675
              C      2.677105654862   -2.718114121811    0.341359142978
              C      2.084654610548   -0.169382652956    0.861396640998
              C     -7.210129344080   -1.044094537462    1.289636906061
              O     -7.839504122425   -2.863333031255   -0.147313820047
              O     -8.321082884300   -0.266587237713    3.239666896511
              H     -4.349117570005    0.665197746257   -3.436142204936
              H     -5.147503618218   -2.192619535442   -2.253757380696
              H     -2.096390351511   -1.094629435479   -2.140041125893
              H     -5.116767563518    2.398920456025    0.353507708751
              H     -2.375520012075   -2.106480239668    2.793400294411
              H     -3.329439448295    0.707858959989    4.305309425602
              H     -0.609221273517    5.256412698369    2.575056722993
              H      3.854175395151    5.697679861024    1.056760577039
              H      7.810621312689    2.582343602160   -0.780733478369
              H      8.770143722082   -1.945638237095   -1.698420937365
              H      5.544139795893   -5.279705204110   -0.981016898231
              H      1.280394577857   -4.205305971722    0.654266988549
$End
$SCF_Energy
   &GeometryIndex 9
   &Method [&Type "String"] "SCF"
   &totalEnergy [&Type "ArrayOfDoubles", &Dim (1,1)] "Total energy of each state"
                                                         0

0                                     -6.8666781879340397e+02
   &Mult [&Type "ArrayOfIntegers", &Dim (1,1)] "Multiplicity of each state"
                                                         0

0                                                        1
$End
$DFT_Energy
   &GeometryIndex 9
   &nAlphaEl [&Type "Integer"] 54
   &nBetaEl [&Type "Integer"] 54
   &nTotalEl [&Type "Integer"] 108
   &finalEn [&Type "Double"]      -6.8666781879340397e+02  "No Van der Waals correction"
   &eExchange [&Type "Double"]      -9.1323501540317025e+01
   &eCorr [&Type "Double"]      -3.9697919750173747e+00
   &eXC [&Type "Double"]      -9.5293293515334398e+01
   &eCNL [&Type "Double"]       0.0000000000000000e+00
$End
$Solvation_Details
   &GeometryIndex 9
   &Solvent [&Type "String"] "CONDUCTOR"
   &Epsilon [&Type "Double"]      -1.0000000000000000e+00
   &Refrac [&Type "Double"]       1.3300000000000001e+00
   &RSolv [&Type "Double"]       1.3000000000000000e+00
   &SurfaceType [&Type "String"] "GAUSSIAN VDW"
   &CPCMDielEnergy [&Type "Double"]      -7.5352433999999996e-02
   &NPoints [&Type "Integer"] 2416
   &SurfaceArea [&Type "Double"]       8.6353602495700000e+02
$End
$SCF_Timings
   &GeometryIndex 9
   &TOTAL [&Type "Double"]       7.1238619999999999e+00
   &PREP [&Type "Double"]       4.3964800000000004e-01
   &FOCK [&Type "Double"]       6.2241430000000006e+00
   &DENS [&Type "Double"]       3.1878999999999102e-02
   &ETOT [&Type "Double"]       2.1075000000000177e-02
   &TRAFO [&Type "Double"]       5.0591999999999748e-02
   &DIIS [&Type "Double"]       1.8419600000000025e-01
   &SOSCF [&Type "Double"]       1.5070200000000034e-01
   &XC [&Type "Double"]       2.1735480000000011e+00
   &FOCKSTART [&Type "Double"]       4.3079999999988683e-03
   &SOLV [&Type "Double"]       2.7058749999999998e+00
   &SOLV_INIT [&Type "Double"]       1.1158099999999999e-01
   &INT_PREP [&Type "Double"]       2.0000000002795559e-06
   &INT_BF [&Type "Double"]       6.9191899999997608e-01
   &INT_DENS [&Type "Double"]       7.2675200000000606e-01
   &INT_DENSIO [&Type "Double"]       2.1839337276000027e+04
   &INT_FUNC [&Type "Double"]       6.0362000000015792e-02
   &INT_POT [&Type "Double"]       5.6382600000000405e-01
   &INT_POTIO [&Type "Double"]       6.9669999999782961e-03
   &INT_SUM [&Type "Double"]       1.0000000000043308e-04
   &SPLITRIJ [&Type "Double"]       1.7394809999999978e+00
$End
$Single_Point_Data
   &GeometryIndex 9
   &FinalEnergy [&Type "Double"]      -6.8666781879340397e+02  "Final single point energy"
   &Converged [&Type "Boolean"] true
$End
$SCF_Nuc_Gradient
   &GeometryIndex 9
   &NAtoms [&Type "Integer"] 27
   &gradNorm [&Type "Double"]       3.4697710800427007e-03
   &grad [&Type "ArrayOfDoubles", &Dim (81,1)] 
                                                         0

0                                     -3.1499806347497043e-04
1                                     -8.7025554716394730e-04
2                                     -8.4383271285935757e-04
3                                     -6.7607256897651196e-04
4                                     -4.4061319777750907e-05
5                                      1.7495767069814153e-03
6                                      3.2381292104304406e-04
7                                      4.7207313730571274e-04
8                                      7.4400863152932883e-06
9                                      4.5727910637870413e-05
10                                     6.8445061405360275e-05
11                                    -1.5865862746678935e-04
12                                    -4.0621349209720575e-04
13                                    -4.4811787292197347e-04
14                                     1.7869625186986416e-04
15                                     7.1793446148268186e-05
16                                     5.9913888916605235e-05
17                                    -4.5373399402850664e-05
18                                     6.3245031221253849e-05
19                                     5.1868446740191768e-05
20                                     3.5905720429272800e-05
21                                     2.4930859263143108e-05
22                                    -1.1762068313468828e-04
23                                    -1.3152998287032085e-05
24                                    -2.8288988894713480e-04
25                                    -1.8051235201199537e-04
26                                     1.0699761510500790e-05
27                                     1.4812211702207605e-04
28                                     3.1942839866448474e-04
29                                     4.1439877849957975e-06
30                                     3.0858044518783205e-04
31                                    -4.7920635567159963e-04
32                                    -3.5369807836910802e-05
33                                    -1.8563120646115493e-04
34                                     2.5851255312203713e-04
35                                    -6.6276825717960356e-05
36                                     3.7571078270103378e-04
37                                    -1.2715678020429511e-03
38                                    -1.0036390144140123e-03
39                                    -2.6091374719938980e-04
40                                     7.2812331870754886e-04
41                                     5.9712660036133694e-04
42                                    -4.1648647143338949e-05
43                                     3.2902291521147778e-04
44                                     2.6116282583529479e-04
45                                     2.1583220512635861e-04
46                                     2.1731942934029302e-04
47                                     7.6445643429307736e-05
48                                     7.6445830539995183e-04
49                                     6.0097040442296315e-04
50                                    -2.2154061745952199e-04
51                                    -1.8029893001175745e-04
52                                     7.8200971540294886e-05
53                                    -1.5780858406783983e-04
54                                     9.1923398919322970e-05
55                                    -1.1627404385672682e-05
56                                    -4.8035102441006637e-04
57                                    -1.7101947214389593e-04
58                                    -2.0666817140883517e-05
59                                     7.4803899973780363e-05
60                                    -2.5120599057045293e-05
61                                    -4.4330280121025311e-05
62                                    -2.5157670893966944e-05
63                                     2.6239365963189043e-04
64                                     2.2219739481171667e-04
65                                    -7.3320870844284687e-05
66                                    -6.3714077423263418e-05
67                                    -3.2962448389614596e-06
68                                     7.4152003027647866e-05
69                                    -3.3712306897557692e-06
70                                     1.0543482160458272e-05
71                                    -1.8659213014604083e-05
72                                     4.6280581114322566e-05
73                                     7.0163612324314556e-05
74                                     1.0765560719024850e-05
75                                    -8.5848738316317936e-05
76                                    -4.7342845206185119e-05
77                                     2.0819506297109968e-05
78                                    -4.5071000386259427e-05
79                                     5.1822509204557839e-05
80                                     4.1402811186792930e-05
   &Method [&Type "String"] "SCF"
   &Level [&Type "String"] "Relaxed density"
   &Mult [&Type "Integer"] 1
   &State [&Type "Integer"] 0
   &Irrep [&Type "Integer"] 0
$End
$Geometry
   &GeometryIndex 10
   &NAtoms [&Type "Integer"] 27
   &NCorelessECP [&Type "Integer"] 0
   &NGhostAtoms [&Type "Integer"] 0
   &CartesianCoordinates [&Type "Coordinates", &Dim(27,4), &Units "Bohr"] 
              N     -3.956148944676   -0.674860657563   -2.013947204375
              C     -4.716369031342    0.368435531310    0.533654271784
              C     -2.619957304008   -0.039273051633    2.514989111378
              C     -0.121202033686    1.128728521232    1.834932234770
              C      0.518529504289    3.660032531739    1.984428149671
              N      2.965362333669    4.013306825520    1.158411871810
              C      3.985095790850    1.721848717116    0.458620582715
              C      6.391548450236    1.123540645469   -0.469630977111
              C      6.896548242675   -1.406866445822   -1.001345327496
              C      5.049810714477   -3.298206651688   -0.613121321940
              C      2.658483861761   -2.700940315014    0.311018848456
              C      2.079276792794   -0.155735468766    0.859480592799
              C     -7.211434321241   -1.019071358118    1.281696351552
              O     -7.835286595399   -2.866011808320   -0.125111593417
              O     -8.335258325576   -0.199855813755    3.205373030866
              H     -4.304537623524    0.569740167166   -3.459500500333
              H     -5.160350267702   -2.249152192161   -2.210330134583
              H     -2.087168686205   -1.196738635330   -2.109390101797
              H     -5.088788835972    2.392321232237    0.294067624774
              H     -2.381099757513   -2.084330249980    2.823502932820
              H     -3.349412776551    0.748659051316    4.292427204384
              H     -0.592038256723    5.261707909994    2.630851129148
              H      3.875748917071    5.700922696688    1.112381955575
              H      7.816234434238    2.586454392226   -0.759452186290
              H      8.753343435767   -1.936717888678   -1.725881503089
              H      5.512855882902   -5.262094875962   -1.041519415257
              H      1.256214399391   -4.185842865917    0.610945019482
$End
$SCF_Energy
   &GeometryIndex 10
   &Method [&Type "String"] "SCF"
   &totalEnergy [&Type "ArrayOfDoubles", &Dim (1,1)] "Total energy of each state"
                                                         0

0                                     -6.8666784584216759e+02
   &Mult [&Type "ArrayOfIntegers", &Dim (1,1)] "Multiplicity of each state"
                                                         0

0                                                        1
$End
$DFT_Energy
   &GeometryIndex 10
   &nAlphaEl [&Type "Integer"] 54
   &nBetaEl [&Type "Integer"] 54
   &nTotalEl [&Type "Integer"] 108
   &finalEn [&Type "Double"]      -6.8666784584216759e+02  "No Van der Waals correction"
   &eExchange [&Type "Double"]      -9.1323330305644276e+01
   &eCorr [&Type "Double"]      -3.9699770614021257e+00
   &eXC [&Type "Double"]      -9.5293307367046395e+01
   &eCNL [&Type "Double"]       0.0000000000000000e+00
$End
$Solvation_Details
   &GeometryIndex 10
   &Solvent [&Type "String"] "CONDUCTOR"
   &Epsilon [&Type "Double"]      -1.0000000000000000e+00
   &Refrac [&Type "Double"]       1.3300000000000001e+00
   &RSolv [&Type "Double"]       1.3000000000000000e+00
   &SurfaceType [&Type "String"] "GAUSSIAN VDW"
   &CPCMDielEnergy [&Type "Double"]      -7.4678208999999995e-02
   &NPoints [&Type "Integer"] 2426
   &SurfaceArea [&Type "Double"]       8.6307131697399996e+02
$End
$SCF_Timings
   &GeometryIndex 10
   &TOTAL [&Type "Double"]       6.0010870000000001e+00
   &PREP [&Type "Double"]       4.2479800000000001e-01
   &FOCK [&Type "Double"]       5.1563680000000005e+00
   &DENS [&Type "Double"]       2.6669000000000054e-02
   &ETOT [&Type "Double"]       1.7668000000000239e-02
   &POP [&Type "Double"]       1.0000000001397780e-06
   &TRAFO [&Type "Double"]       5.0667000000000462e-02
   &DIIS [&Type "Double"]       1.8350699999999942e-01
   &SOSCF [&Type "Double"]       1.1186599999999958e-01
   &XC [&Type "Double"]       1.8351529999999978e+00
   &FOCKSTART [&Type "Double"]       3.8180000000000991e-03
   &SOLV [&Type "Double"]       2.2548259999999991e+00
   &SOLV_INIT [&Type "Double"]       1.0612600000000005e-01
   &SOLV_FINAL [&Type "Double"]       1.0000000001397780e-06
   &INT_PREP [&Type "Double"]       1.9999999993913775e-06
   &INT_BF [&Type "Double"]       5.7093800000000228e-01
   &INT_DENS [&Type "Double"]       5.8973899999999602e-01
   &INT_DENSIO [&Type "Double"]       1.5736798760000020e+04
   &INT_FUNC [&Type "Double"]       5.0497999999986165e-02
   &INT_POT [&Type "Double"]       4.6220600000000422e-01
   &INT_POTIO [&Type "Double"]       5.7019999999863291e-03
   &INT_SUM [&Type "Double"]       9.1999999999758941e-05
   &SPLITRIJ [&Type "Double"]       1.4643340000000007e+00
$End
$Single_Point_Data
   &GeometryIndex 10
   &FinalEnergy [&Type "Double"]      -6.8666784584216759e+02  "Final single point energy"
   &Converged [&Type "Boolean"] true
$End
$SCF_Nuc_Gradient
   &GeometryIndex 10
   &NAtoms [&Type "Integer"] 27
   &gradNorm [&Type "Double"]       1.5739888889343694e-03
   &grad [&Type "ArrayOfDoubles", &Dim (81,1)] 
                                                         0

0                                     -1.2970753037201514e-04
1                                     -1.4750358456483035e-04
2                                     -4.7819138981378129e-04
3                                     -2.1029745312966782e-04
4                                      2.8237421913889643e-06
5                                      7.6029869116898052e-04
6                                      2.6298314204225648e-04
7                                      1.7178155786930476e-04
8                                      1.5499367508342750e-05
9                                      8.3409302952263537e-05
10                                     9.8419260322678975e-05
11                                    -2.5131605790303622e-05
12                                    -2.0404658145125199e-04
13                                    -2.5079180444381862e-04
14                                     3.7629190845591678e-05
15                                     4.4144714023402337e-05
16                                     1.5492788487170284e-05
17                                    -1.7557517123629584e-05
18                                     7.2694291667532024e-06
19                                     5.1708605065639221e-05
20                                     5.7245264952753786e-05
21                                     7.8495000390378308e-06
22                                    -9.9344639880212526e-05
23                                    -1.1131097300105851e-05
24                                    -1.5348675639186710e-04
25                                    -8.3293625204659328e-05
26                                     1.7502098328110813e-05
27                                     6.7955117469171403e-05
28                                     1.8066559794436545e-04
29                                     7.4789303476445300e-06
30                                     4.2750889890622382e-05
31                                    -1.2154387788366984e-04
32                                    -7.1829794246195322e-05
33                                    -8.8552746117446027e-05
34                                     9.9871492234288560e-05
35                                    -9.6982831377449212e-05
36                                     1.1909697019433715e-04
37                                    -6.8003730446547516e-04
38                                    -4.5566118070991708e-04
39                                    -1.3577059308228674e-04
40                                     4.1209066885305318e-04
41                                     3.1502571341374824e-04
42                                    -2.8055304427348701e-05
43                                     1.3739992503883532e-04
44                                     1.0685414788740369e-04
45                                     1.2070658900832512e-04
46                                     1.3603063566285101e-04
47                                     1.0071182804992362e-04
48                                     1.9639627631758616e-04
49                                     5.1578078645113032e-05
50                                    -1.4652694026822712e-04
51                                     2.0904054883863488e-05
52                                    -6.8114672860341424e-05
53                                    -1.9343387607263784e-05
54                                     2.5288480498355777e-05
55                                     3.8766432905127518e-06
56                                    -2.2999644149730800e-04
57                                    -1.0306920394655616e-04
58                                    -4.9314285231099111e-06
59                                     9.1421081824179110e-05
60                                    -8.3236977906748187e-06
61                                    -2.7502272812712737e-05
62                                    -1.7805719148803031e-05
63                                     1.3403950352653370e-04
64                                     1.1203723480388006e-04
65                                    -3.9997586763633290e-05
66                                    -1.9593676037807373e-05
67                                    -2.8421710222374663e-06
68                                     5.6583314655110585e-05
69                                     8.8286663255630893e-07
70                                    -3.2477622543894413e-06
71                                    -8.0202202091357241e-06
72                                     1.9207718173904278e-05
73                                     3.1896279202095587e-05
74                                     4.6393969755512479e-06
75                                    -4.8918104240859009e-05
76                                    -2.6352981778924103e-05
77                                     1.4150594545216653e-05
78                                    -2.3062909322250219e-05
79                                     9.8336150042956441e-06
80                                     3.3136089122097739e-05
   &Method [&Type "String"] "SCF"
   &Level [&Type "String"] "Relaxed density"
   &Mult [&Type "Integer"] 1
   &State [&Type "Integer"] 0
   &Irrep [&Type "Integer"] 0
$End
$Geometry
   &GeometryIndex 11
   &NAtoms [&Type "Integer"] 27
   &NCorelessECP [&Type "Integer"] 0
   &NGhostAtoms [&Type "Integer"] 0
   &CartesianCoordinates [&Type "Coordinates", &Dim(27,4), &Units "Bohr"] 
              N     -3.965454002339   -0.681566759236   -2.014434487810
              C     -4.716589798361    0.371788404234    0.529250198443
              C     -2.619929301109   -0.042567894297    2.509057967236
              C     -0.120119359863    1.126151178842    1.832441925849
              C      0.518939905630    3.657517324600    1.985655120590
              N      2.966485715246    4.012554091753    1.162468903226
              C      3.987761354885    1.722179240746    0.461348999923
              C      6.395625152993    1.126012350102   -0.464927708528
              C      6.902449848202   -1.403541847164   -0.999224989919
              C      5.055800600412   -3.296290840886   -0.615467665391
              C      2.663188597952   -2.701056601126    0.307192679304
              C      2.082372221670   -0.156857766918    0.858404123376
              C     -7.215596293255   -1.006746617321    1.285000183761
              O     -7.837985823023   -2.863591715086   -0.110327296051
              O     -8.340274849329   -0.174650022662    3.202250083893
              H     -4.320118982208    0.554501502946   -3.465796440614
              H     -5.171111003117   -2.257522245443   -2.197428304672
              H     -2.097001795846   -1.204202689468   -2.113137650882
              H     -5.082702170773    2.396751922283    0.289988362057
              H     -2.381414400631   -2.088547837607    2.811626450745
              H     -3.348402111588    0.740903949885    4.288934867173
              H     -0.594225375873    5.256910218144    2.633287079189
              H      3.876411858657    5.700490827559    1.118388363673
              H      7.820113752033    2.589875577458   -0.751091682115
              H      8.759980486874   -1.932108717162   -1.722801122733
              H      5.520392251514   -5.259236253133   -1.046503180524
              H      1.261403521248   -4.187148837734    0.603395867097
$End
$SCF_Energy
   &GeometryIndex 11
   &Method [&Type "String"] "SCF"
   &totalEnergy [&Type "ArrayOfDoubles", &Dim (1,1)] "Total energy of each state"
                                                         0

0                                     -6.8666785501930769e+02
   &Mult [&Type "ArrayOfIntegers", &Dim (1,1)] "Multiplicity of each state"
                                                         0

0                                                        1
$End
$DFT_Energy
   &GeometryIndex 11
   &nAlphaEl [&Type "Integer"] 54
   &nBetaEl [&Type "Integer"] 54
   &nTotalEl [&Type "Integer"] 108
   &finalEn [&Type "Double"]      -6.8666785501930769e+02  "No Van der Waals correction"
   &eExchange [&Type "Double"]      -9.1322969442602698e+01
   &eCorr [&Type "Double"]      -3.9699774996696346e+00
   &eXC [&Type "Double"]      -9.5292946942272337e+01
   &eCNL [&Type "Double"]       0.0000000000000000e+00
$End
$Solvation_Details
   &GeometryIndex 11
   &Solvent [&Type "String"] "CONDUCTOR"
   &Epsilon [&Type "Double"]      -1.0000000000000000e+00
   &Refrac [&Type "Double"]       1.3300000000000001e+00
   &RSolv [&Type "Double"]       1.3000000000000000e+00
   &SurfaceType [&Type "String"] "GAUSSIAN VDW"
   &CPCMDielEnergy [&Type "Double"]      -7.4593458000000001e-02
   &NPoints [&Type "Integer"] 2425
   &SurfaceArea [&Type "Double"]       8.6322952466200002e+02
$End
$SCF_Timings
   &GeometryIndex 11
   &TOTAL [&Type "Double"]       4.8377000000000008e+00
   &PREP [&Type "Double"]       4.3724199999999996e-01
   &FOCK [&Type "Double"]       4.0841890000000003e+00
   &DENS [&Type "Double"]       2.1063999999999083e-02
   &ETOT [&Type "Double"]       1.4082999999999624e-02
   &TRAFO [&Type "Double"]       4.9927999999999972e-02
   &DIIS [&Type "Double"]       1.1630399999999974e-01
   &SOSCF [&Type "Double"]       1.1194299999999968e-01
   &XC [&Type "Double"]       1.4870340000000000e+00
   &FOCKSTART [&Type "Double"]       3.4330000000000749e-03
   &SOLV [&Type "Double"]       1.8054740000000011e+00
   &SOLV_INIT [&Type "Double"]       1.0761099999999996e-01
   &INT_PREP [&Type "Double"]       9.9999999969568876e-07
   &INT_BF [&Type "Double"]       4.6242900000002518e-01
   &INT_DENS [&Type "Double"]       4.8004499999998873e-01
   &INT_DENSIO [&Type "Double"]       1.0754086943000006e+04
   &INT_FUNC [&Type "Double"]       4.1001000000001286e-02
   &INT_POT [&Type "Double"]       3.7693999999998262e-01
   &INT_POTIO [&Type "Double"]       4.6350000000024982e-03
   &INT_SUM [&Type "Double"]       6.4999999999648672e-05
   &SPLITRIJ [&Type "Double"]       1.1877999999999997e+00
$End
$Single_Point_Data
   &GeometryIndex 11
   &FinalEnergy [&Type "Double"]      -6.8666785501930769e+02  "Final single point energy"
   &Converged [&Type "Boolean"] true
$End
$SCF_Nuc_Gradient
   &GeometryIndex 11
   &NAtoms [&Type "Integer"] 27
   &gradNorm [&Type "Double"]       9.0893366381269774e-04
   &grad [&Type "ArrayOfDoubles", &Dim (81,1)] 
                                                         0

0                                     -1.9730845506042705e-04
1                                     -1.8422708248254675e-05
2                                     -2.1735358859545015e-04
3                                      1.3386543316798970e-04
4                                      2.7790244390257790e-05
5                                      1.8445898386356676e-04
6                                      1.2523229830291652e-04
7                                      7.7983535111756340e-05
8                                      1.1064062770469677e-05
9                                     -9.2555907463031176e-06
10                                     1.5315194463883311e-04
11                                     1.7486457492834348e-05
12                                    -1.1093894947387418e-04
13                                    -1.3050431884747168e-04
14                                     5.3296394769015315e-05
15                                     5.8645509486240921e-05
16                                    -3.3112807155295798e-06
17                                    -4.0711499558047839e-05
18                                    -7.1377455478213378e-06
19                                     1.1630477363918507e-04
20                                     3.4953340551060553e-05
21                                     1.0739750620233999e-05
22                                    -7.8740993785698585e-05
23                                    -1.6877233966662174e-05
24                                    -3.5316432860591201e-05
25                                    -2.5764675136869105e-05
26                                     7.8924394570872684e-06
27                                     4.2697166903676821e-05
28                                     5.9156512206581281e-05
29                                    -6.1897193466381418e-06
30                                    -4.1527813325416968e-05
31                                    -7.6182791371818062e-05
32                                    -3.9649311541961390e-05
33                                     1.3694565684272287e-05
34                                    -1.6506306601469806e-05
35                                    -7.1182570728007210e-05
36                                    -8.4460667316509086e-05
37                                    -4.7368146846365675e-04
38                                    -3.2253391435855400e-04
39                                    -4.9671469777330581e-05
40                                     2.4705139029587708e-04
41                                     1.8993804624698948e-04
42                                    -1.6044624600034668e-05
43                                     1.1702960881049794e-04
44                                     1.3824830558946399e-04
45                                     8.0381691238142709e-05
46                                     9.6462559752950872e-05
47                                     6.5161660950163736e-05
48                                     1.4008461461428433e-04
49                                     7.3603492611595822e-06
50                                    -1.1087849495887599e-04
51                                    -7.3010342367188508e-06
52                                    -1.0268698013810723e-04
53                                     7.1599359552059448e-05
54                                    -3.7196905676528322e-05
55                                     3.2904829537425129e-06
56                                    -5.9156636496428792e-05
57                                    -4.7978978200012264e-05
58                                     5.7750257046462750e-06
59                                     7.9896079705633026e-05
60                                    -7.1624289744462531e-06
61                                    -1.9156448157074809e-05
62                                    -1.6985252615590244e-05
63                                     6.0898502944965391e-05
64                                     5.2772884036718370e-05
65                                    -1.0406446799443927e-05
66                                    -4.9837608687448159e-06
67                                    -3.0380775202301646e-06
68                                     4.1140522535547223e-05
69                                     1.2987132511112220e-05
70                                    -3.4069780627584562e-06
71                                    -7.1040215770417671e-07
72                                     9.2208591987797198e-06
73                                     8.8384621791016841e-06
74                                    -5.5784058871591758e-06
75                                    -2.3825525892974889e-05
76                                    -1.9055511898615971e-05
77                                    -1.9461914099955582e-06
78                                    -8.3371425816406927e-06
79                                    -2.5092334143038755e-06
80                                     2.5024011719404320e-05
   &Method [&Type "String"] "SCF"
   &Level [&Type "String"] "Relaxed density"
   &Mult [&Type "Integer"] 1
   &State [&Type "Integer"] 0
   &Irrep [&Type "Integer"] 0
$End
$Geometry
   &GeometryIndex 12
   &NAtoms [&Type "Integer"] 27
   &NCorelessECP [&Type "Integer"] 0
   &NGhostAtoms [&Type "Integer"] 0
   &CartesianCoordinates [&Type "Coordinates", &Dim(27,4), &Units "Bohr"] 
              N     -3.993373611545   -0.662194702911   -2.019420016320
              C     -4.723693449520    0.381538751852    0.531124692445
              C     -2.617191732790   -0.058757757203    2.494834111469
              C     -0.118469915398    1.114365085439    1.819514254020
              C      0.513510376788    3.648008019540    1.968359978892
              N      2.962470023811    4.007605175256    1.151914428153
              C      3.992231825982    1.718202923996    0.460102865323
              C      6.404988253650    1.127035017873   -0.456829645149
              C      6.921118849506   -1.402237757823   -0.983414934337
              C      5.078137725283   -3.299489169314   -0.601688156479
              C      2.680774020129   -2.708913376098    0.311836572910
              C      2.090940694811   -0.165379941425    0.855833823332
              C     -7.222449093681   -0.993420819398    1.297133168119
              O     -7.842549846230   -2.859136119403   -0.088044278492
              O     -8.344548207651   -0.154253528299    3.212525444645
              H     -4.378779257326    0.568559277450   -3.467575278827
              H     -5.186013909948   -2.249734172357   -2.189211746987
              H     -2.121128287189   -1.166379932793   -2.139107456694
              H     -5.082943915166    2.409700625635    0.311122317429
              H     -2.378435398263   -2.108408649589    2.770956424254
              H     -3.335030554951    0.703933315806    4.288189666635
              H     -0.607654252926    5.244598986267    2.609029328253
              H      3.867481433271    5.698109680489    1.103738614647
              H      7.826179999381    2.594434695976   -0.741272569163
              H      8.782290724118   -1.927710095271   -1.699780221854
              H      5.550103042628   -5.261782949929   -1.027571024302
              H      1.282034463223   -4.198292640457    0.605250284377
$End
$SCF_Energy
   &GeometryIndex 12
   &Method [&Type "String"] "SCF"
   &totalEnergy [&Type "ArrayOfDoubles", &Dim (1,1)] "Total energy of each state"
                                                         0

0                                     -6.8666786501858644e+02
   &Mult [&Type "ArrayOfIntegers", &Dim (1,1)] "Multiplicity of each state"
                                                         0

0                                                        1
$End
$DFT_Energy
   &GeometryIndex 12
   &nAlphaEl [&Type "Integer"] 54
   &nBetaEl [&Type "Integer"] 54
   &nTotalEl [&Type "Integer"] 108
   &finalEn [&Type "Double"]      -6.8666786501858644e+02  "No Van der Waals correction"
   &eExchange [&Type "Double"]      -9.1322856775300735e+01
   &eCorr [&Type "Double"]      -3.9699480257171560e+00
   &eXC [&Type "Double"]      -9.5292804801017894e+01
   &eCNL [&Type "Double"]       0.0000000000000000e+00
$End
$Solvation_Details
   &GeometryIndex 12
   &Solvent [&Type "String"] "CONDUCTOR"
   &Epsilon [&Type "Double"]      -1.0000000000000000e+00
   &Refrac [&Type "Double"]       1.3300000000000001e+00
   &RSolv [&Type "Double"]       1.3000000000000000e+00
   &SurfaceType [&Type "String"] "GAUSSIAN VDW"
   &CPCMDielEnergy [&Type "Double"]      -7.4711399999999997e-02
   &NPoints [&Type "Integer"] 2429
   &SurfaceArea [&Type "Double"]       8.6378677589699998e+02
$End
$SCF_Timings
   &GeometryIndex 12
   &TOTAL [&Type "Double"]       5.4141760000000003e+00
   &PREP [&Type "Double"]       4.3438100000000007e-01
   &FOCK [&Type "Double"]       4.6103030000000000e+00
   &DENS [&Type "Double"]       2.3582000000001102e-02
   &ETOT [&Type "Double"]       1.5934999999999588e-02
   &POP [&Type "Double"]       1.0000000001397780e-06
   &TRAFO [&Type "Double"]       5.0862999999999881e-02
   &DIIS [&Type "Double"]       1.1665700000000001e-01
   &SOSCF [&Type "Double"]       1.3032199999999960e-01
   &XC [&Type "Double"]       1.6729389999999995e+00
   &FOCKSTART [&Type "Double"]       3.5900000000009813e-03
   &SOLV [&Type "Double"]       2.0177769999999988e+00
   &SOLV_INIT [&Type "Double"]       1.0806399999999999e-01
   &INT_PREP [&Type "Double"]       3.0000000004193339e-06
   &INT_BF [&Type "Double"]       5.2295300000005351e-01
   &INT_DENS [&Type "Double"]       5.3874299999998210e-01
   &INT_DENSIO [&Type "Double"]       1.3172267250000019e+04
   &INT_FUNC [&Type "Double"]       4.6071000000028395e-02
   &INT_POT [&Type "Double"]       4.3190799999995189e-01
   &INT_POTIO [&Type "Double"]       4.9259999999760051e-03
   &INT_SUM [&Type "Double"]       7.9999999998636717e-05
   &SPLITRIJ [&Type "Double"]       1.3363060000000009e+00
$End
$Single_Point_Data
   &GeometryIndex 12
   &FinalEnergy [&Type "Double"]      -6.8666786501858644e+02  "Final single point energy"
   &Converged [&Type "Boolean"] true
$End
$SCF_Nuc_Gradient
   &GeometryIndex 12
   &NAtoms [&Type "Integer"] 27
   &gradNorm [&Type "Double"]       1.0342873112050290e-03
   &grad [&Type "ArrayOfDoubles", &Dim (81,1)] 
                                                         0

0                                     -3.1678671524859071e-04
1                                      1.8782737202722153e-04
2                                      1.2426508219582494e-04
3                                      4.9649714911731294e-04
4                                      1.2732166796466937e-05
5                                     -4.3772824646951024e-04
6                                     -8.1776009998580940e-05
7                                      3.0012366417962212e-05
8                                     -5.7060775877503141e-06
9                                     -1.0405760294661739e-04
10                                     1.5044199118449154e-04
11                                     7.1367107972963601e-05
12                                     1.2620274645469207e-05
13                                     8.7412859627723858e-06
14                                     5.4868292608150292e-05
15                                     6.4023573382679735e-05
16                                    -3.7355564752206138e-05
17                                    -6.9985705714856617e-05
18                                    -2.6146634897306932e-05
19                                     1.4914544902610606e-04
20                                     2.5726880214798622e-05
21                                    -2.0983091037563364e-06
22                                    -3.8266639932048666e-05
23                                    -1.7903570161004775e-05
24                                     9.3370144192794595e-05
25                                     4.3973503559736004e-05
26                                    -3.2336102003720571e-06
27                                    -4.5408089920744282e-06
28                                    -7.6660774991660786e-05
29                                    -1.1423056775086994e-05
30                                    -7.0220841072943241e-05
31                                    -2.1869247953451923e-05
32                                    -2.1136567444927576e-06
33                                     1.1469761504337775e-04
34                                    -1.4217807846291950e-04
35                                    -5.2658816475118116e-05
36                                    -3.1950900185819670e-04
37                                    -2.2641175661795041e-04
38                                    -1.6052341960478590e-04
39                                     6.3707011460486292e-05
40                                     8.5094413939612590e-05
41                                     6.8000110859636059e-05
42                                     2.1741903363271808e-05
43                                     9.6356925513386982e-05
44                                     1.4686888898592793e-04
45                                     4.8104997871627978e-05
46                                     7.5588593983835772e-06
47                                     1.4409284455924043e-05
48                                     1.2044808602650406e-04
49                                    -4.6547963445997542e-05
50                                    -1.0173517479602004e-04
51                                    -4.3531910339966035e-05
52                                    -1.2494828047461548e-04
53                                     1.5578292581107638e-04
54                                    -1.0835472512457037e-04
55                                    -8.4318834194276049e-06
56                                     1.4339255122202202e-04
57                                     3.1836116525899320e-05
58                                     9.6621644268598400e-06
59                                     3.7246396511882466e-05
60                                    -3.4407093882681331e-06
61                                    -3.9461375838235717e-07
62                                    -1.5443403630674424e-05
63                                    -2.7539042029729559e-05
64                                    -2.3649863123441361e-05
65                                     2.3895918539440161e-05
66                                     1.1812787899240576e-05
67                                     3.8880392365520100e-06
68                                     1.8732842921224610e-05
69                                     1.8664090912878621e-05
70                                    -9.4128967010245063e-06
71                                     1.0467988280917721e-05
72                                    -8.3537148769623204e-06
73                                    -1.8442211901866738e-05
74                                    -1.1373523814651445e-05
75                                     8.4623794636971058e-06
76                                    -1.6025098170851029e-06
77                                    -1.5505339899965671e-05
78                                     1.0369884029714539e-05
79                                    -9.2622534146507077e-06
80                                     1.0309329571326839e-05
   &Method [&Type "String"] "SCF"
   &Level [&Type "String"] "Relaxed density"
   &Mult [&Type "Integer"] 1
   &State [&Type "Integer"] 0
   &Irrep [&Type "Integer"] 0
$End
$Geometry
   &GeometryIndex 13
   &NAtoms [&Type "Integer"] 27
   &NCorelessECP [&Type "Integer"] 0
   &NGhostAtoms [&Type "Integer"] 0
   &CartesianCoordinates [&Type "Coordinates", &Dim(27,4), &Units "Bohr"] 
              N     -4.012188713261   -0.637696580902   -2.023509513322
              C     -4.730143573548    0.388432552934    0.536994234484
              C     -2.614364337385   -0.071651208168    2.486036675418
              C     -0.117710011857    1.105259739053    1.809152622236
              C      0.508008791122    3.641085012472    1.950604486299
              N      2.957831262906    4.003475642856    1.138615011704
              C      3.994369517744    1.714042164463    0.456815489687
              C      6.410596588881    1.125793834093   -0.452742380055
              C      6.933803903006   -1.403969916903   -0.969822090943
              C      5.094014259724   -3.304145911076   -0.586469423357
              C      2.693259503457   -2.716110273984    0.319557436780
              C      2.096534044731   -0.172453088336    0.854587894667
              C     -7.224871729533   -0.990959377014    1.305825650134
              O     -7.842152166910   -2.858435409587   -0.078576626139
              O     -8.345794859590   -0.155448508753    3.223449529586
              H     -4.425387593735    0.593570796095   -3.463733175249
              H     -5.189651681318   -2.236377269029   -2.189591708391
              H     -2.135523415373   -1.120424415368   -2.162618509021
              H     -5.087297389733    2.418747285276    0.334858441623
              H     -2.375351815530   -2.123970753787    2.741036542847
              H     -3.322588968263    0.674250718199    4.290402790750
              H     -0.618711460650    5.236934634790    2.583260624990
              H      3.858536246941    5.696099202089    1.084633758429
              H      7.828857574279    2.595713521885   -0.738696157748
              H      8.797832690485   -1.927707395731   -1.679983707643
              H      5.571431229500   -5.266614406587   -1.005390239318
              H      1.296662103911   -4.207440645670    0.612852987849
$End
$SCF_Energy
   &GeometryIndex 13
   &Method [&Type "String"] "SCF"
   &totalEnergy [&Type "ArrayOfDoubles", &Dim (1,1)] "Total energy of each state"
                                                         0

0                                     -6.8666786885406100e+02
   &Mult [&Type "ArrayOfIntegers", &Dim (1,1)] "Multiplicity of each state"
                                                         0

0                                                        1
$End
$DFT_Energy
   &GeometryIndex 13
   &nAlphaEl [&Type "Integer"] 54
   &nBetaEl [&Type "Integer"] 54
   &nTotalEl [&Type "Integer"] 108
   &finalEn [&Type "Double"]      -6.8666786885406100e+02  "No Van der Waals correction"
   &eExchange [&Type "Double"]      -9.1323033322431229e+01
   &eCorr [&Type "Double"]      -3.9699311889280180e+00
   &eXC [&Type "Double"]      -9.5292964511359244e+01
   &eCNL [&Type "Double"]       0.0000000000000000e+00
$End
$Solvation_Details
   &GeometryIndex 13
   &Solvent [&Type "String"] "CONDUCTOR"
   &Epsilon [&Type "Double"]      -1.0000000000000000e+00
   &Refrac [&Type "Double"]       1.3300000000000001e+00
   &RSolv [&Type "Double"]       1.3000000000000000e+00
   &SurfaceType [&Type "String"] "GAUSSIAN VDW"
   &CPCMDielEnergy [&Type "Double"]      -7.4867404999999998e-02
   &NPoints [&Type "Integer"] 2434
   &SurfaceArea [&Type "Double"]       8.6423511930600000e+02
$End
$SCF_Timings
   &GeometryIndex 13
   &TOTAL [&Type "Double"]       5.3497300000000001e+00
   &PREP [&Type "Double"]       4.3978800000000001e-01
   &FOCK [&Type "Double"]       4.5650959999999996e+00
   &DENS [&Type "Double"]       2.3584000000001382e-02
   &ETOT [&Type "Double"]       1.5835000000000932e-02
   &TRAFO [&Type "Double"]       4.9826999999999178e-02
   &DIIS [&Type "Double"]       1.1548599999999998e-01
   &SOSCF [&Type "Double"]       1.3004999999999978e-01
   &XC [&Type "Double"]       1.6416229999999987e+00
   &FOCKSTART [&Type "Double"]       3.6309999999996623e-03
   &SOLV [&Type "Double"]       2.0113220000000003e+00
   &SOLV_INIT [&Type "Double"]       1.1152699999999999e-01
   &INT_PREP [&Type "Double"]       1.0000000001397780e-06
   &INT_BF [&Type "Double"]       5.1433500000002397e-01
   &INT_DENS [&Type "Double"]       5.3693000000002622e-01
   &INT_DENSIO [&Type "Double"]       1.3073496302000012e+04
   &INT_FUNC [&Type "Double"]       4.5511999999973574e-02
   &INT_POT [&Type "Double"]       4.1668799999996287e-01
   &INT_POTIO [&Type "Double"]       5.1620000000147659e-03
   &INT_SUM [&Type "Double"]       7.8999999999385118e-05
   &SPLITRIJ [&Type "Double"]       1.3126210000000007e+00
$End
$Single_Point_Data
   &GeometryIndex 13
   &FinalEnergy [&Type "Double"]      -6.8666786885406100e+02  "Final single point energy"
   &Converged [&Type "Boolean"] true
$End
$SCF_Nuc_Gradient
   &GeometryIndex 13
   &NAtoms [&Type "Integer"] 27
   &gradNorm [&Type "Double"]       9.4515495770593563e-04
   &grad [&Type "ArrayOfDoubles", &Dim (81,1)] 
                                                         0

0                                     -3.0296567170032783e-04
1                                      2.3302925846760154e-04
2                                      2.2401920320038252e-04
3                                      4.2511527356007758e-04
4                                     -5.0289766319744009e-05
5                                     -4.4910273285746118e-04
6                                     -1.4789249252421645e-04
7                                      6.7167881543883819e-05
8                                     -2.4722555933928692e-05
9                                     -8.9088742975471265e-05
10                                     5.1024328291099375e-05
11                                     6.7088868040269959e-05
12                                     6.2277044520196896e-05
13                                     6.0374803382570838e-05
14                                     3.4930701955097421e-05
15                                     4.6471370676156622e-05
16                                    -3.1025700525277172e-05
17                                    -5.5994237666254915e-05
18                                    -3.6030570228960668e-05
19                                     8.5890962305061082e-05
20                                     6.5496550548339513e-06
21                                    -1.0380282922329599e-05
22                                     9.0694775375585457e-08
23                                    -8.4335715326477791e-06
24                                     1.0521905692525979e-04
25                                     4.9991459999014455e-05
26                                    -8.1237213175504655e-06
27                                    -2.5770217590794712e-05
28                                    -1.0257728322643316e-04
29                                    -7.9739406515099174e-06
30                                     9.1184588997747507e-06
31                                    -6.2000781265295936e-06
32                                     3.3857785839915694e-05
33                                     8.8948918210869903e-05
34                                    -1.3163021006544744e-04
35                                    -2.4085099396107743e-05
36                                    -2.6522092778913722e-04
37                                    -5.5814847449175563e-05
38                                    -5.9234493542063144e-05
39                                     6.4604757865636790e-05
40                                     3.7385720021553687e-06
41                                     6.6267937311875746e-07
42                                     2.9842381362393464e-05
43                                     6.8502079781920452e-05
44                                     1.0419681699961117e-04
45                                     5.3060197364847295e-05
46                                    -3.4932217098732760e-05
47                                    -3.6910653959585510e-05
48                                     1.1366768909593398e-04
49                                    -4.0669347833579769e-05
50                                    -7.8058791439592455e-05
51                                    -6.3300370086574742e-05
52                                    -8.8881400219807671e-05
53                                     1.0238529823222535e-04
54                                    -9.9936749858297322e-05
55                                    -5.4664751299657310e-06
56                                     1.6312235890792934e-04
57                                     5.7298136886581828e-05
58                                     3.4205841130396930e-06
59                                     1.7063484884838115e-06
60                                    -6.6879080374703144e-07
61                                     1.4027714992804335e-05
62                                    -1.1876260591034773e-05
63                                    -5.0128030102082263e-05
64                                    -4.8894079128213377e-05
65                                     2.8444635023520612e-05
66                                     1.2216440273885715e-05
67                                    -2.7448496038029457e-06
68                                     1.0519421961660775e-05
69                                     1.4176546494700480e-05
70                                    -9.6786466012663969e-06
71                                     1.2699599596420171e-05
72                                    -1.2085084435106697e-05
73                                    -2.5244661184288964e-05
74                                    -7.5071373836776978e-06
75                                     1.6242225175155944e-05
76                                     5.0286871877761041e-06
77                                    -1.4268166527109491e-05
78                                     5.2094283842099923e-06
79                                    -8.2374630489875228e-06
80                                    -3.8920125071965819e-06
   &Method [&Type "String"] "SCF"
   &Level [&Type "String"] "Relaxed density"
   &Mult [&Type "Integer"] 1
   &State [&Type "Integer"] 0
   &Irrep [&Type "Integer"] 0
$End
$Geometry
   &GeometryIndex 14
   &NAtoms [&Type "Integer"] 27
   &NCorelessECP [&Type "Integer"] 0
   &NGhostAtoms [&Type "Integer"] 0
   &CartesianCoordinates [&Type "Coordinates", &Dim(27,4), &Units "Bohr"] 
              N     -4.011665680898   -0.631484916194   -2.023413255911
              C     -4.730743597099    0.389547067341    0.539593243384
              C     -2.613595899375   -0.073034189804    2.486364149090
              C     -0.117876757564    1.104705689123    1.808349313235
              C      0.506938993557    3.640975606492    1.947302827752
              N      2.956871687517    4.003081709885    1.135793006036
              C      3.993997821065    1.713145400552    0.456148130377
              C      6.410331550483    1.124472053996   -0.452596156870
              C      6.933466576235   -1.405689487815   -0.967868233479
              C      5.093475943156   -3.305437998535   -0.583949091024
              C      2.692620688624   -2.716732970680    0.321072395020
              C      2.096252780616   -0.172947259912    0.855041617862
              C     -7.222950523842   -0.993662520744    1.305955698504
              O     -7.835633167109   -2.862667776483   -0.078797531087
              O     -8.347721774441   -0.160458916499    3.222196412457
              H     -4.434950464511    0.598877420874   -3.461571492693
              H     -5.182512031294   -2.235118152054   -2.187889297081
              H     -2.132633360614   -1.103926035872   -2.167837022157
              H     -5.088226200457    2.420054001501    0.339795122189
              H     -2.374530294884   -2.125760709241    2.737860691168
              H     -3.320235623525    0.670178673413    4.292533780584
              H     -0.620119556396    5.237425562234    2.577830095609
              H      3.857005580290    5.695939390576    1.079676003596
              H      7.828451412311    2.594291184279   -0.739625101873
              H      8.797747213246   -1.929929237077   -1.677014951080
              H      5.570715655958   -5.268219343698   -1.001619159447
              H      1.295519028950   -4.207624302350    0.614219452137
$End
$SCF_Energy
   &GeometryIndex 14
   &Method [&Type "String"] "SCF"
   &totalEnergy [&Type "ArrayOfDoubles", &Dim (1,1)] "Total energy of each state"
                                                         0

0                                     -6.8666787079284586e+02
   &Mult [&Type "ArrayOfIntegers", &Dim (1,1)] "Multiplicity of each state"
                                                         0

0                                                        1
$End
$DFT_Energy
   &GeometryIndex 14
   &nAlphaEl [&Type "Integer"] 54
   &nBetaEl [&Type "Integer"] 54
   &nTotalEl [&Type "Integer"] 108
   &finalEn [&Type "Double"]      -6.8666787079284586e+02  "No Van der Waals correction"
   &eExchange [&Type "Double"]      -9.1323374022566554e+01
   &eCorr [&Type "Double"]      -3.9699644712494409e+00
   &eXC [&Type "Double"]      -9.5293338493815995e+01
   &eCNL [&Type "Double"]       0.0000000000000000e+00
$End
$Solvation_Details
   &GeometryIndex 14
   &Solvent [&Type "String"] "CONDUCTOR"
   &Epsilon [&Type "Double"]      -1.0000000000000000e+00
   &Refrac [&Type "Double"]       1.3300000000000001e+00
   &RSolv [&Type "Double"]       1.3000000000000000e+00
   &SurfaceType [&Type "String"] "GAUSSIAN VDW"
   &CPCMDielEnergy [&Type "Double"]      -7.4871430000000003e-02
   &NPoints [&Type "Integer"] 2431
   &SurfaceArea [&Type "Double"]       8.6423150223699997e+02
$End
$SCF_Timings
   &GeometryIndex 14
   &TOTAL [&Type "Double"]       5.4956069999999997e+00
   &PREP [&Type "Double"]       4.3444200000000005e-01
   &FOCK [&Type "Double"]       4.7225569999999992e+00
   &DENS [&Type "Double"]       2.0432000000000450e-02
   &ETOT [&Type "Double"]       1.4207000000000081e-02
   &TRAFO [&Type "Double"]       2.4793999999999983e-02
   &DIIS [&Type "Double"]       2.9853999999999825e-02
   &SOSCF [&Type "Double"]       1.4850600000000025e-01
   &XC [&Type "Double"]       1.4842290000000000e+00
   &FOCKSTART [&Type "Double"]       3.5709999999992692e-03
   &SOLV [&Type "Double"]       2.5285810000000000e+00
   &SOLV_INIT [&Type "Double"]       1.1500400000000000e-01
   &INT_PREP [&Type "Double"]       2.0000000002795559e-06
   &INT_BF [&Type "Double"]       4.7128300000001899e-01
   &INT_DENS [&Type "Double"]       4.9189499999999531e-01
   &INT_DENSIO [&Type "Double"]       1.1994910145000011e+04
   &INT_FUNC [&Type "Double"]       4.0994000000017405e-02
   &INT_POT [&Type "Double"]       3.9008799999998223e-01
   &INT_POTIO [&Type "Double"]       4.6610000000139040e-03
   &INT_SUM [&Type "Double"]       6.7000000000039250e-05
   &SPLITRIJ [&Type "Double"]       1.1759960000000014e+00
$End
$Single_Point_Data
   &GeometryIndex 14
   &FinalEnergy [&Type "Double"]      -6.8666787079284586e+02  "Final single point energy"
   &Converged [&Type "Boolean"] true
$End
$SCF_Nuc_Gradient
   &GeometryIndex 14
   &NAtoms [&Type "Integer"] 27
   &gradNorm [&Type "Double"]       5.2361603320818021e-04
   &grad [&Type "ArrayOfDoubles", &Dim (81,1)] 
                                                         0

0                                     -1.8974248076012931e-04
1                                      2.0011471567417199e-04
2                                      1.6616476175708092e-04
3                                      1.6772078390483005e-04
4                                     -1.2329563405880789e-04
5                                     -1.7601203970188167e-04
6                                     -9.6042763556206286e-05
7                                      7.5065130313422407e-05
8                                     -5.0023951527207022e-05
9                                     -7.8657004522961205e-06
10                                    -6.0207935778336386e-05
11                                     2.6062247680186780e-05
12                                     6.0675701946621106e-05
13                                     5.4997163997928507e-05
14                                    -7.5100091973217924e-08
15                                     1.1252215837403295e-05
16                                    -6.1307504478150254e-06
17                                    -2.7244080128667860e-05
18                                    -2.6628909883906829e-05
19                                    -1.8161520303820039e-05
20                                    -2.9952256658640278e-07
21                                    -1.1760507825331248e-05
22                                     1.9536474120087494e-05
23                                     4.2797278559567032e-06
24                                     5.3280039034433405e-05
25                                     2.3648128205118208e-05
26                                    -3.6003886847895197e-06
27                                    -3.1836429748778703e-05
28                                    -6.0303138023224193e-05
29                                     1.3834246112145126e-06
30                                     2.7942449356188961e-05
31                                     4.6735558749925240e-05
32                                     2.5487356512574706e-05
33                                     1.7428022957651943e-05
34                                    -5.0493938671146866e-05
35                                     1.7096779978823364e-05
36                                    -8.7552960938208635e-05
37                                     7.1447290650817740e-05
38                                     2.3029796959325721e-05
39                                     1.9221243702540174e-05
40                                    -2.9014743097901738e-05
41                                    -3.2297315508633684e-05
42                                     2.5137443566478415e-05
43                                     1.7776078921829738e-05
44                                     2.0504260030002053e-05
45                                     5.8388936807240652e-05
46                                    -2.7626716420734582e-05
47                                    -5.3187827146864569e-05
48                                     7.1893902574179415e-05
49                                    -1.2761131617170310e-05
50                                    -1.9976034839316870e-05
51                                    -1.9760612111171388e-05
52                                    -6.9500609292455148e-05
53                                     7.7690926430576401e-06
54                                    -4.9355343879782564e-05
55                                     4.6083401675726249e-06
56                                     8.0571776116568350e-05
57                                     3.8593444770224517e-05
58                                    -1.9084318932677952e-06
59                                    -1.9771569643274307e-05
60                                    -4.6911631251410259e-06
61                                     1.8699330232119487e-05
62                                    -2.0417719174103521e-06
63                                    -3.8879006561924091e-05
64                                    -3.6505776419932731e-05
65                                     1.5419939969577023e-05
66                                     1.2492327834562680e-05
67                                    -4.0833421008114323e-06
68                                     7.4411109111380876e-06
69                                     4.7750508498619129e-06
70                                    -7.7258272468804651e-06
71                                     8.1344679466726494e-06
72                                    -7.6093512870181387e-06
73                                    -2.0693262850530851e-05
74                                    -5.0109497075020472e-07
75                                     9.5062133269189011e-06
76                                     1.4165524801872109e-06
77                                    -4.9009308151527764e-06
78                                    -6.5825529985122019e-06
79                                    -5.6320060613105141e-06
80                                    -1.3413119199710529e-05
   &Method [&Type "String"] "SCF"
   &Level [&Type "String"] "Relaxed density"
   &Mult [&Type "Integer"] 1
   &State [&Type "Integer"] 0
   &Irrep [&Type "Integer"] 0
$End
$Geometry
   &GeometryIndex 15
   &NAtoms [&Type "Integer"] 27
   &NCorelessECP [&Type "Integer"] 0
   &NGhostAtoms [&Type "Integer"] 0
   &CartesianCoordinates [&Type "Coordinates", &Dim(27,4), &Units "Bohr"] 
              N     -4.004122600842   -0.633180374772   -2.021868276161
              C     -4.729237106856    0.388918334081    0.540070204614
              C     -2.613945958307   -0.069648946670    2.489920809165
              C     -0.118402811450    1.107700723802    1.811354819327
              C      0.507985323973    3.643594319704    1.950443356745
              N      2.957857869890    4.004100517048    1.138053606418
              C      3.992932848396    1.713606071350    0.456784454964
              C      6.408021344030    1.123177213764   -0.453979981006
              C      6.928195748631   -1.407253013838   -0.971022999376
              C      5.086760474376   -3.305383151966   -0.586890914852
              C      2.687157972669   -2.714936375965    0.320113826417
              C      2.093846828007   -0.170889741587    0.856093063489
              C     -7.219856272131   -0.997807224077    1.302573097548
              O     -7.826040246919   -2.869825469169   -0.081249033605
              O     -8.351186513048   -0.164707943949    3.214882892706
              H     -4.432445861995    0.594380086353   -3.460936375324
              H     -5.170340827696   -2.240674296080   -2.184111593976
              H     -2.123090084946   -1.097819670594   -2.165990684939
              H     -5.087931239557    2.418850716697    0.336469539175
              H     -2.374979729057   -2.121955432083    2.744748546664
              H     -3.322281817847    0.676249855801    4.294317499386
              H     -0.617194136213    5.241106674664    2.581649986157
              H      3.859021974145    5.696391149424    1.081590790156
              H      7.827210043128    2.591836450183   -0.741606989109
              H      8.791601485845   -1.932778041471   -1.681552903931
              H      5.561676399207   -5.268462319388   -1.005851485374
              H      1.288786894563   -4.204590167953    0.613545391018
$End
$SCF_Mulliken_Population_Analysis
   &GeometryIndex 15
   &NAtoms [&Type "Integer"] 27
   &ATNO [&Type "ArrayOfIntegers", &Dim (27,1)] 
                                                         0

0                                                        7
1                                                        6
2                                                        6
3                                                        6
4                                                        6
5                                                        7
6                                                        6
7                                                        6
8                                                        6
9                                                        6
10                                                       6
11                                                       6
12                                                       6
13                                                       8
14                                                       8
15                                                       1
16                                                       1
17                                                       1
18                                                       1
19                                                       1
20                                                       1
21                                                       1
22                                                       1
23                                                       1
24                                                       1
25                                                       1
26                                                       1
   &AtomicCharges [&Type "ArrayOfDoubles", &Dim (27,1)] 
                                                         0

0                                     -2.2891198166132032e-01
1                                     -5.0912804821593660e-02
2                                     -3.5959114023392313e-01
3                                      1.2376512174891641e-01
4                                     -8.4965857312883308e-02
5                                     -2.9102370168107861e-01
6                                      1.5757529581585139e-01
7                                     -2.3979179942277362e-01
8                                     -1.3111379943434542e-01
9                                     -1.0814275403180229e-01
10                                    -2.9975994886399171e-01
11                                     1.2325520320416405e-01
12                                     5.0285363316048848e-01
13                                    -6.4344677345770229e-01
14                                    -6.4295513985832820e-01
15                                     3.1018347367923294e-01
16                                     2.8198877144541012e-01
17                                     2.9139057283189596e-01
18                                     1.5250669011835760e-01
19                                     1.6518037807760444e-01
20                                     1.3908579148746236e-01
21                                     1.4300319299177011e-01
22                                     2.2665335313303858e-01
23                                     1.1678967812076990e-01
24                                     1.1636168399260305e-01
25                                     1.1419915779893786e-01
26                                     1.1582370317325785e-01
   &Method [&Type "String"] "SCF"
   &Level [&Type "String"] "Relaxed density"
   &Mult [&Type "Integer"] 1
   &State [&Type "Integer"] -1
   &Irrep [&Type "Integer"] 0
$End
$SCF_Loewdin_Population_Analysis
   &GeometryIndex 15
   &NAtoms [&Type "Integer"] 27
   &ATNO [&Type "ArrayOfIntegers", &Dim (27,1)] 
                                                         0

0                                                        7
1                                                        6
2                                                        6
3                                                        6
4                                                        6
5                                                        7
6                                                        6
7                                                        6
8                                                        6
9                                                        6
10                                                       6
11                                                       6
12                                                       6
13                                                       8
14                                                       8
15                                                       1
16                                                       1
17                                                       1
18                                                       1
19                                                       1
20                                                       1
21                                                       1
22                                                       1
23                                                       1
24                                                       1
25                                                       1
26                                                       1
   &AtomicCharges [&Type "ArrayOfDoubles", &Dim (27,1)] 
                                                         0

0                                      1.6366400607186105e-01
1                                     -1.8319093434926792e-01
2                                     -1.8676017280367763e-01
3                                     -1.6239968494639800e-01
4                                     -1.2111418145911301e-01
5                                      1.4418256342418267e-01
6                                     -1.3045354195508452e-01
7                                     -1.2668493512236090e-01
8                                     -1.6006868276405051e-01
9                                     -1.6618149902739177e-01
10                                    -1.2720058065208040e-01
11                                    -1.0856360239560203e-01
12                                    -4.7539831700950597e-01
13                                    -1.8911558833206321e-01
14                                    -1.7544307395461267e-01
15                                     2.1677676556334824e-01
16                                     2.0413624772611683e-01
17                                     2.0815856099924879e-01
18                                     1.5555292895416406e-01
19                                     1.5162404899748616e-01
20                                     1.5280630382634264e-01
21                                     1.4266187925876450e-01
22                                     2.0295002826495878e-01
23                                     1.4588842118367162e-01
24                                     1.4072590097855120e-01
25                                     1.3982052217475549e-01
26                                     1.4362661734780546e-01
   &Method [&Type "String"] "SCF"
   &Level [&Type "String"] "Relaxed density"
   &Mult [&Type "Integer"] 1
   &State [&Type "Integer"] -1
   &Irrep [&Type "Integer"] 0
$End
$SCF_Mayer_Population_Analysis
   &GeometryIndex 15
   &NAtoms [&Type "Integer"] 27 "Total number of atoms"
   &NBondOrdersPrint [&Type "Integer"] 29 "The number of bond orders larger than threshold"
   &bondThresh [&Type "Double"]       1.0000000000000001e-01  "The threshold for printing"
   &components [&Type "ArrayOfIntegers", &Dim (29,4)] "The indices and atomic numbers of the bonding atoms"
                                                         0                           1                           2                           3

0                                                        0                           7                           1                           6
1                                                        0                           7                          15                           1
2                                                        0                           7                          16                           1
3                                                        0                           7                          17                           1
4                                                        1                           6                           2                           6
5                                                        1                           6                          12                           6
6                                                        1                           6                          18                           1
7                                                        2                           6                           3                           6
8                                                        2                           6                          19                           1
9                                                        2                           6                          20                           1
10                                                       3                           6                           4                           6
11                                                       3                           6                          11                           6
12                                                       4                           6                           5                           7
13                                                       4                           6                          21                           1
14                                                       5                           7                           6                           6
15                                                       5                           7                          22                           1
16                                                       6                           6                           7                           6
17                                                       6                           6                          11                           6
18                                                       7                           6                           8                           6
19                                                       7                           6                          23                           1
20                                                       8                           6                           9                           6
21                                                       8                           6                          24                           1
22                                                       9                           6                          10                           6
23                                                       9                           6                          25                           1
24                                                      10                           6                          11                           6
25                                                      10                           6                          26                           1
26                                                      12                           6                          13                           8
27                                                      12                           6                          14                           8
28                                                      13                           8                          16                           1
   &BondOrders [&Type "ArrayOfDoubles", &Dim (29,1)] "The bond orders"
                                                         0

0                                      9.1012202792825625e-01
1                                      8.8699739506762432e-01
2                                      8.0912892030094552e-01
3                                      8.8166436317321661e-01
4                                      9.5600305846362610e-01
5                                      9.2072915453453574e-01
6                                      9.4358093957850941e-01
7                                      9.3744038733994706e-01
8                                      9.7776900372270370e-01
9                                      9.2182189480570431e-01
10                                     1.5056710969768672e+00
11                                     1.2177843547949412e+00
12                                     1.1795053033059333e+00
13                                     9.6396112132833223e-01
14                                     1.1825263865238720e+00
15                                     9.0187647143133709e-01
16                                     1.2884885774142221e+00
17                                     1.2894941543949554e+00
18                                     1.4305328696687392e+00
19                                     9.9726450912932596e-01
20                                     1.3078656548290530e+00
21                                     9.8069244765832853e-01
22                                     1.4387491635481080e+00
23                                     9.7752918547951839e-01
24                                     1.3076307186890868e+00
25                                     9.8160115379922719e-01
26                                     1.6313555410754328e+00
27                                     1.7743423183940836e+00
28                                     1.4724218585896709e-01
   &ATNO [&Type "ArrayOfIntegers", &Dim (27,1)] "Atomic number of the elements"
                                                         0

0                                                        7
1                                                        6
2                                                        6
3                                                        6
4                                                        6
5                                                        7
6                                                        6
7                                                        6
8                                                        6
9                                                        6
10                                                       6
11                                                       6
12                                                       6
13                                                       8
14                                                       8
15                                                       1
16                                                       1
17                                                       1
18                                                       1
19                                                       1
20                                                       1
21                                                       1
22                                                       1
23                                                       1
24                                                       1
25                                                       1
26                                                       1
   &NA [&Type "ArrayOfDoubles", &Dim (27,1)] "Mulliken gross atomic population"
                                                         0

0                                      7.2289119816613239e+00
1                                      6.0509128048215972e+00
2                                      6.3595911402339240e+00
3                                      5.8762348782510845e+00
4                                      6.0849658573128771e+00
5                                      7.2910237016810733e+00
6                                      5.8424247041841459e+00
7                                      6.2397917994227790e+00
8                                      6.1311137994343525e+00
9                                      6.1081427540318085e+00
10                                     6.2997599488639864e+00
11                                     5.8767447967958448e+00
12                                     5.4971463668395089e+00
13                                     8.6434467734576970e+00
14                                     8.6429551398583246e+00
15                                     6.8981652632076751e-01
16                                     7.1801122855458999e-01
17                                     7.0860942716810427e-01
18                                     8.4749330988164218e-01
19                                     8.3481962192239501e-01
20                                     8.6091420851253764e-01
21                                     8.5699680700822989e-01
22                                     7.7334664686696186e-01
23                                     8.8321032187923010e-01
24                                     8.8363831600739706e-01
25                                     8.8580084220106214e-01
26                                     8.8417629682674170e-01
   &ZA [&Type "ArrayOfDoubles", &Dim (27,1)] "Total nuclear charge"
                                                         0

0                                      7.0000000000000000e+00
1                                      6.0000000000000000e+00
2                                      6.0000000000000000e+00
3                                      6.0000000000000000e+00
4                                      6.0000000000000000e+00
5                                      7.0000000000000000e+00
6                                      6.0000000000000000e+00
7                                      6.0000000000000000e+00
8                                      6.0000000000000000e+00
9                                      6.0000000000000000e+00
10                                     6.0000000000000000e+00
11                                     6.0000000000000000e+00
12                                     6.0000000000000000e+00
13                                     8.0000000000000000e+00
14                                     8.0000000000000000e+00
15                                     1.0000000000000000e+00
16                                     1.0000000000000000e+00
17                                     1.0000000000000000e+00
18                                     1.0000000000000000e+00
19                                     1.0000000000000000e+00
20                                     1.0000000000000000e+00
21                                     1.0000000000000000e+00
22                                     1.0000000000000000e+00
23                                     1.0000000000000000e+00
24                                     1.0000000000000000e+00
25                                     1.0000000000000000e+00
26                                     1.0000000000000000e+00
   &QA [&Type "ArrayOfDoubles", &Dim (27,1)] "Mulliken gross atomic charge"
                                                         0

0                                     -2.2891198166132387e-01
1                                     -5.0912804821597213e-02
2                                     -3.5959114023392402e-01
3                                      1.2376512174891552e-01
4                                     -8.4965857312877091e-02
5                                     -2.9102370168107328e-01
6                                      1.5757529581585406e-01
7                                     -2.3979179942277895e-01
8                                     -1.3111379943435253e-01
9                                     -1.0814275403180851e-01
10                                    -2.9975994886398638e-01
11                                     1.2325520320415517e-01
12                                     5.0285363316049114e-01
13                                    -6.4344677345769696e-01
14                                    -6.4295513985832464e-01
15                                     3.1018347367923249e-01
16                                     2.8198877144541001e-01
17                                     2.9139057283189573e-01
18                                     1.5250669011835782e-01
19                                     1.6518037807760499e-01
20                                     1.3908579148746236e-01
21                                     1.4300319299177011e-01
22                                     2.2665335313303814e-01
23                                     1.1678967812076990e-01
24                                     1.1636168399260294e-01
25                                     1.1419915779893786e-01
26                                     1.1582370317325830e-01
   &VA [&Type "ArrayOfDoubles", &Dim (27,1)] "Mayer's total valence"
                                                         0

0                                      3.4956644496287863e+00
1                                      3.6923016760717005e+00
2                                      3.8896902355355780e+00
3                                      3.6351739348847056e+00
4                                      3.8758648459941059e+00
5                                      3.3834620882142499e+00
6                                      3.9016379730831683e+00
7                                      3.9322259610841765e+00
8                                      3.8782876909414723e+00
9                                      3.8268125230776580e+00
10                                     3.9425105977551986e+00
11                                     3.9946513428538055e+00
12                                     4.3829287648268069e+00
13                                     1.8588361435355680e+00
14                                     1.8879355379084659e+00
15                                     9.0647215984615415e-01
16                                     9.7562552824811588e-01
17                                     9.3468128769832792e-01
18                                     9.7865466957582326e-01
19                                     9.5980895307470282e-01
20                                     9.8308449200465975e-01
21                                     9.8150781478057891e-01
22                                     9.5601735933280652e-01
23                                     9.7633054650699402e-01
24                                     9.6143727522932254e-01
25                                     9.6320659753628879e-01
26                                     9.7850538088701222e-01
   &BVA [&Type "ArrayOfDoubles", &Dim (27,1)] "Mayer's bonded valence"
                                                         0

0                                      3.4956644496287761e+00
1                                      3.6923016760717364e+00
2                                      3.8896902355357179e+00
3                                      3.6351739348848477e+00
4                                      3.8758648459941867e+00
5                                      3.3834620882143778e+00
6                                      3.9016379730830160e+00
7                                      3.9322259610838159e+00
8                                      3.8782876909413950e+00
9                                      3.8268125230776482e+00
10                                     3.9425105977552946e+00
11                                     3.9946513428536443e+00
12                                     4.3829287648268540e+00
13                                     1.8588361435355463e+00
14                                     1.8879355379084011e+00
15                                     9.0647215984615914e-01
16                                     9.7562552824811632e-01
17                                     9.3468128769832004e-01
18                                     9.7865466957582348e-01
19                                     9.5980895307474567e-01
20                                     9.8308449200468506e-01
21                                     9.8150781478060423e-01
22                                     9.5601735933281362e-01
23                                     9.7633054650695361e-01
24                                     9.6143727522932998e-01
25                                     9.6320659753630311e-01
26                                     9.7850538088706185e-01
   &FA [&Type "ArrayOfDoubles", &Dim (27,1)] "Mayer's free valence"
                                                         0

0                                      0.0000000000000000e+00
1                                      0.0000000000000000e+00
2                                      0.0000000000000000e+00
3                                      0.0000000000000000e+00
4                                      0.0000000000000000e+00
5                                      0.0000000000000000e+00
6                                      0.0000000000000000e+00
7                                      0.0000000000000000e+00
8                                      0.0000000000000000e+00
9                                      0.0000000000000000e+00
10                                     0.0000000000000000e+00
11                                     0.0000000000000000e+00
12                                     0.0000000000000000e+00
13                                     0.0000000000000000e+00
14                                     0.0000000000000000e+00
15                                     0.0000000000000000e+00
16                                     0.0000000000000000e+00
17                                     0.0000000000000000e+00
18                                     0.0000000000000000e+00
19                                     0.0000000000000000e+00
20                                     0.0000000000000000e+00
21                                     0.0000000000000000e+00
22                                     0.0000000000000000e+00
23                                     0.0000000000000000e+00
24                                     0.0000000000000000e+00
25                                     0.0000000000000000e+00
26                                     0.0000000000000000e+00
   &Method [&Type "String"] "SCF"
   &Level [&Type "String"] "Relaxed density"
   &Mult [&Type "Integer"] 1
   &State [&Type "Integer"] -1
   &Irrep [&Type "Integer"] 0
$End
$SCF_Energy
   &GeometryIndex 15
   &Method [&Type "String"] "SCF"
   &totalEnergy [&Type "ArrayOfDoubles", &Dim (1,1)] "Total energy of each state"
                                                         0

0                                     -6.8666787185529847e+02
   &Mult [&Type "ArrayOfIntegers", &Dim (1,1)] "Multiplicity of each state"
                                                         0

0                                                        1
$End
$DFT_Energy
   &GeometryIndex 15
   &nAlphaEl [&Type "Integer"] 54
   &nBetaEl [&Type "Integer"] 54
   &nTotalEl [&Type "Integer"] 108
   &finalEn [&Type "Double"]      -6.8666787185529847e+02  "No Van der Waals correction"
   &eExchange [&Type "Double"]      -9.1323506279131948e+01
   &eCorr [&Type "Double"]      -3.9699944677541521e+00
   &eXC [&Type "Double"]      -9.5293500746886096e+01
   &eCNL [&Type "Double"]       0.0000000000000000e+00
$End
$Solvation_Details
   &GeometryIndex 15
   &Solvent [&Type "String"] "CONDUCTOR"
   &Epsilon [&Type "Double"]      -1.0000000000000000e+00
   &Refrac [&Type "Double"]       1.3300000000000001e+00
   &RSolv [&Type "Double"]       1.3000000000000000e+00
   &SurfaceType [&Type "String"] "GAUSSIAN VDW"
   &CPCMDielEnergy [&Type "Double"]      -7.4810994000000006e-02
   &NPoints [&Type "Integer"] 2429
   &SurfaceArea [&Type "Double"]       8.6408781226400004e+02
$End
$SCF_Timings
   &GeometryIndex 15
   &TOTAL [&Type "Double"]       4.8269849999999996e+00
   &PREP [&Type "Double"]       4.4290800000000002e-01
   &FOCK [&Type "Double"]       4.1131989999999998e+00
   &DENS [&Type "Double"]       2.0809999999999107e-02
   &ETOT [&Type "Double"]       1.4163000000000814e-02
   &POP [&Type "Double"]       3.9001999999999981e-02
   &TRAFO [&Type "Double"]       2.4803999999999604e-02
   &DIIS [&Type "Double"]       3.0059999999999976e-02
   &SOSCF [&Type "Double"]       1.4968400000000082e-01
   &XC [&Type "Double"]       1.4958480000000005e+00
   &FOCKSTART [&Type "Double"]       3.5599999999997856e-03
   &SOLV [&Type "Double"]       1.8396119999999989e+00
   &SOLV_INIT [&Type "Double"]       1.0841400000000001e-01
   &SOLV_FINAL [&Type "Double"]       1.0000000001397780e-06
   &INT_PREP [&Type "Double"]       1.0000000001397780e-06
   &INT_BF [&Type "Double"]       4.7170200000000706e-01
   &INT_DENS [&Type "Double"]       4.9924200000000107e-01
   &INT_DENSIO [&Type "Double"]       1.0827122127000002e+04
   &INT_FUNC [&Type "Double"]       4.1420000000015778e-02
   &INT_POT [&Type "Double"]       3.9844199999998842e-01
   &INT_POTIO [&Type "Double"]       4.7870000000013180e-03
   &INT_SUM [&Type "Double"]       7.1000000000154273e-05
   &SPLITRIJ [&Type "Double"]       1.1821130000000002e+00
$End
$Single_Point_Data
   &GeometryIndex 15
   &FinalEnergy [&Type "Double"]      -6.8666787185529847e+02  "Final single point energy"
   &Converged [&Type "Boolean"] true
$End
$SCF_Dipole_Moment
   &GeometryIndex 15
   &dipoleMagnitude [&Type "Double", &Units "a.u."]       5.6834447887002968e+00
   &dipoleElecContrib [&Type "ArrayOfDoubles", &Dim (3,1)] "Electronic contribution"
                                                         0

0                                     -1.0045123773225941e+00
1                                      2.0444046502161810e+00
2                                      7.6235523028388597e-01
   &dipoleNucContrib [&Type "ArrayOfDoubles", &Dim (3,1)] "Nuclear contribution"
                                                         0

0                                      5.2583106015354470e+00
1                                      4.3196519877044981e-01
2                                     -3.6038931422108198e+00
   &dipoleTotal [&Type "ArrayOfDoubles", &Dim (3,1)] "Total"
                                                         0

0                                      4.2537982242128525e+00
1                                      2.4763698489866308e+00
2                                     -2.8415379119269337e+00
   &doAtomicDipole [&Type "Boolean"] false
   &Method [&Type "String"] "SCF"
   &Level [&Type "String"] "Relaxed density"
   &Mult [&Type "Integer"] 1
   &State [&Type "Integer"] -1
   &Irrep [&Type "Integer"] 0
$End
$Calculation_Info
   &GeometryIndex 15
   &Mult [&Type "Integer"] 1
   &Charge [&Type "Integer"] 0
   &NumOfAtoms [&Type "Integer"] 27
   &NumOfElectrons [&Type "Integer"] 108
   &NumOfBasisFuncts [&Type "Integer"] 432
   &NumOfAuxCBasisFuncts [&Type "Integer"] 0
   &NumOfAuxJBasisFuncts [&Type "Integer"] 867
   &NumOfAuxJKBasisFuncts [&Type "Integer"] 0
   &NumOfCABSBasisFuncts [&Type "Integer"] 0
$End
$Calculation_Timings
   &GeometryIndex 15
   &GTOINT [&Type "Double"]       1.5149680000000075e+01
   &SCF [&Type "Double"]       1.1565365000000003e+02
   &SCFGRAD [&Type "Double"]       5.4903640999999972e+01
   &GSTEP [&Type "Double"]       4.7999000000068806e-02
   &PROP [&Type "Double"]       5.7850199999998608e-01
   &SUM [&Type "Double"]       1.8633347200000011e+02
$End
